playerName,teamLong,team,league,G,GS,W,L,S,BS,HLD,CG,SHO,IP,H,R,ER,HR,BB,K,mlbamID,playerid,G_SP,G_RP,defaultPos
Aroldis Chapman,Yankees,NYY,AL,28,0,4,3,0,0,0,0,0,64,39,0,14,3,25,103,547973,10233,0,28,RP
Kenley Jansen,Dodgers,LAD,NL,72,0,4,2,0,0,0,0,0,68,44,0,18,6,14,99,445276,3096,0,72,RP
Andrew Miller,Indians,CLE,AL,26,0,5,2,0,0,0,0,0,74,46,0,17,6,17,110,453192,6785,0,26,RP
Clayton Kershaw,Dodgers,LAD,NL,23,23,16,5,0,0,0,0,0,190,141,0,47,13,31,229,477132,2036,21,0,SP
Zach Britton,Orioles,BAL,AL,69,0,3,2,0,0,0,0,0,66,48,0,14,3,17,76,502154,3240,0,69,RP|SP
Dellin Betances,Yankees,NYY,AL,73,0,4,4,0,0,0,0,0,77,50,0,21,6,31,117,476454,6216,0,73,RP
Edwin Diaz,Mariners,SEA,AL,49,0,3,3,0,0,0,0,0,64,52,0,20,5,19,91,621242,14710,0,49,RP
Wade Davis,Cubs,CHC,NL,45,0,4,2,0,0,0,0,0,64,46,0,17,3,23,78,451584,7441,0,45,RP|SP
Carson Smith,Red Sox,BOS,AL,3,0,2,1,0,0,0,0,0,30,26,0,10,1,11,33,605476,13172,0,3,RP
Carter Capps,Padres,SDP,NL,36,0,2,2,0,0,0,0,0,37,27,0,11,3,13,53,605169,12803,0,0,RP
Ken Giles,Astros,HOU,AL,69,0,4,3,0,0,0,0,0,68,53,0,21,6,24,97,571704,12910,0,69,RP
Mark Melancon,Giants,SFG,NL,45,0,4,3,0,0,0,0,0,70,58,0,19,3,14,65,453343,4264,0,45,RP
Tyler Jones,Yankees,NYY,AL,18,0,1,0,0,0,0,0,0,18,18,0,7,1,7,19,,sa549495,0,0,
Seung Hwan Oh,Cardinals,STL,NL,76,0,4,3,0,0,0,0,0,73,55,0,20,6,17,88,493200,18719,0,76,RP
Cam Bedrosian,Angels,ANA,AL,45,0,3,2,0,0,0,0,0,63,52,0,19,3,23,76,592135,13360,0,45,RP
Kyle Barraclough,Marlins,FLA,NL,75,0,4,3,0,0,0,0,0,70,46,0,22,3,40,99,607457,13713,0,75,RP
John Leathersich,Mets,NYM,NL,18,0,1,1,0,0,0,0,0,18,16,0,8,1,9,23,605333,12562,0,0,RP
Noah Syndergaard,Mets,NYM,NL,31,26,15,8,0,0,0,0,0,195,168,0,62,16,46,227,592789,11762,30,1,SP
Addison Reed,Mets,NYM,NL,80,0,4,3,0,0,0,0,0,74,65,0,24,5,18,80,592665,10586,0,80,RP
Jeurys Familia,Mets,NYM,NL,78,0,3,4,0,0,0,0,0,61,50,0,19,3,21,66,544727,5114,0,78,RP
Craig Kimbrel,Red Sox,BOS,AL,57,0,3,4,0,0,0,0,0,61,39,0,20,5,27,87,518886,6655,0,57,RP
Liam Hendriks,Athletics,OAK,AL,53,0,3,3,0,0,0,0,0,65,64,0,25,5,13,65,521230,3548,0,53,RP|SP
Kelvin Herrera,Royals,KCR,AL,72,0,3,4,0,0,0,0,0,70,57,0,21,6,17,76,516969,6033,0,72,RP
Brett Cecil,Cardinals,STL,NL,54,0,3,3,0,0,0,0,0,54,46,0,17,5,15,66,446399,2660,0,54,RP
Yimi Garcia,Dodgers,LAD,NL,9,0,0,0,0,0,0,0,0,8,8,0,3,1,2,8,554340,12095,0,9,RP
Aaron Barrett,,,,36,0,3,2,0,0,0,0,0,42,38,0,17,3,15,48,502578,11243,0,0,RP
Alex Colome,Rays,TBD,AL,57,0,3,3,0,0,0,0,0,60,50,0,18,5,17,67,517008,6661,0,57,SP
Jacob Barnes,Brewers,MIL,NL,27,0,2,2,0,0,0,0,0,45,38,0,17,3,13,45,606930,12323,0,27,RP
Josh Fields,Dodgers,LAD,NL,15,0,2,1,0,0,0,0,0,37,33,0,15,3,12,44,451661,5070,0,15,RP
Grant Dayton,Dodgers,LAD,NL,25,0,3,3,0,0,0,0,0,58,44,0,18,6,16,73,594795,11203,0,25,RP
Dylan Floro,Rays,TBD,AL,12,0,0,0,0,0,0,0,0,6,8,0,3,0,2,5,571670,13394,0,12,RP
Hunter Strickland,Giants,SFG,NL,72,0,3,3,0,0,0,0,0,64,52,0,20,4,18,64,519326,7836,0,72,RP
Pedro Strop,Cubs,CHC,NL,55,0,3,3,0,0,0,0,0,55,37,0,18,4,21,66,467008,4070,0,54,RP
Tony Zych,Mariners,SEA,AL,12,0,2,2,0,0,0,0,0,39,35,0,16,3,13,42,543964,12876,0,12,RP
Xavier Cedeno,Rays,TBD,AL,54,0,3,3,0,0,0,0,0,48,42,0,17,3,16,51,458584,36,0,54,RP
Derek Law,Giants,SFG,NL,61,0,3,3,0,0,0,0,0,56,50,0,17,4,15,52,571882,13133,0,61,RP
Stephen Strasburg,Nationals,WSN,NL,24,23,13,7,0,0,0,0,0,165,142,0,61,17,43,194,544931,10131,24,0,SP
Mychal Givens,Orioles,BAL,AL,66,0,5,3,0,0,0,0,0,71,56,0,25,5,30,85,571710,10430,0,66,RP
Rich Hill,Dodgers,LAD,NL,6,18,11,6,0,0,0,0,0,135,108,0,45,10,47,148,448179,4806,6,0,SP|RP
Chaz Roe,Braves,ATL,NL,21,0,3,2,0,0,0,0,0,44,38,0,17,3,17,49,475054,9866,0,21,RP
Max Scherzer,Nationals,WSN,NL,34,26,17,8,0,0,0,0,0,207,162,0,71,25,48,253,453286,3137,34,0,SP
Will Smith,Giants,SFG,NL,27,0,3,3,0,0,0,0,0,51,42,0,18,4,22,63,519293,8048,0,27,RP|SP
Arodys Vizcaino,Braves,ATL,NL,43,0,2,3,0,0,0,0,0,52,46,0,20,3,24,63,527055,5498,0,43,RP
Matt Bush,Rangers,TEX,AL,58,0,5,4,0,0,0,0,0,68,53,0,22,6,18,69,456713,1246,0,58,RP
Shawn Kelley,Nationals,WSN,NL,67,0,3,3,0,0,0,0,0,60,47,0,20,7,16,76,518875,7773,0,67,RP
Luke Gregerson,Astros,HOU,AL,59,0,3,4,0,0,0,0,0,61,48,0,22,6,16,67,502381,4090,0,59,RP
Corey Kluber,Indians,CLE,AL,32,27,16,9,0,0,0,0,0,216,183,0,79,21,51,232,446372,2429,31,1,SP|RP
Greg Holland,Rockies,COL,NL,51,0,3,3,0,0,0,0,0,46,39,0,17,3,21,55,518813,7196,0,0,RP
Gerrit Cole,Pirates,PIT,NL,21,26,14,10,0,0,0,0,0,188,181,0,70,14,49,173,543037,13125,21,0,SP
Dinelson Lamet,Padres,SDP,NL,14,1,1,1,0,0,0,0,0,17,15,0,8,1,8,18,,sa843182,0,0,
Mauricio Cabrera,Braves,ATL,NL,41,0,3,3,0,0,0,0,0,54,43,0,20,2,29,61,606291,12975,0,41,RP
Nate Jones,White Sox,CHW,AL,71,0,4,3,0,0,0,0,0,68,50,0,21,8,17,79,518858,4696,0,71,RP
Dan Altavilla,Mariners,SEA,AL,15,0,3,2,0,0,0,0,0,53,46,0,18,3,19,53,656186,16507,0,15,RP
Will Harris,Astros,HOU,AL,66,0,3,3,0,0,0,0,0,65,53,0,21,5,20,68,501789,3192,0,66,RP
Samuel Tuivailala,Cardinals,STL,NL,12,0,1,1,0,0,0,0,0,23,22,0,10,1,12,27,592815,13485,0,12,RP
Chris Sale,Red Sox,BOS,AL,32,27,17,9,0,0,0,0,0,220,195,0,84,24,46,233,519242,10603,32,0,SP
Cody Allen,Indians,CLE,AL,67,0,3,4,0,0,0,0,0,67,50,0,22,6,27,85,592102,12183,0,67,RP
Justin Wilson,Tigers,DET,AL,66,0,3,3,0,0,0,0,0,61,55,0,25,5,21,64,458677,4301,0,66,RP
Francis Martes,Astros,HOU,AL,4,1,1,1,0,0,0,0,0,20,19,0,9,1,8,18,,sa736839,0,0,
Sean Doolittle,Athletics,OAK,AL,44,0,2,2,0,0,0,0,0,47,39,0,17,5,12,55,448281,1581,0,44,RP
Madison Bumgarner,Giants,SFG,NL,36,28,16,9,0,0,0,0,0,217,182,0,71,23,48,232,518516,5524,34,0,SP
Aaron Kurcz,Athletics,OAK,AL,4,0,1,0,0,0,0,0,0,5,5,0,2,0,2,3,,sa549903,0,0,
Julio Urias,Dodgers,LAD,NL,18,23,10,6,0,0,0,0,0,143,131,0,55,12,46,149,628711,14765,15,3,SP
Johnny Cueto,Giants,SFG,NL,32,27,15,9,0,0,0,0,0,214,191,0,73,17,47,189,456501,6893,32,0,SP
Jeremy Jeffress,Rangers,TEX,AL,47,0,3,3,0,0,0,0,0,62,61,0,22,3,21,52,502026,9490,0,47,RP
Christopher Devenski,Astros,HOU,AL,48,3,6,5,0,0,0,0,0,106,94,0,39,10,26,105,606965,12763,5,43,RP
James Hoyt,Astros,HOU,AL,22,0,2,1,0,0,0,0,0,28,22,0,11,3,11,36,624586,14605,0,22,RP
Hector Rondon,Cubs,CHC,NL,54,0,3,3,0,0,0,0,0,58,49,0,19,6,13,60,444468,2391,0,54,RP
Joe Kelly,Red Sox,BOS,AL,20,1,4,3,0,0,0,0,0,65,60,0,26,6,22,72,523260,9761,6,14,SP|RP
Joseph Biagini,Blue Jays,TOR,AL,60,2,4,4,0,0,0,0,0,70,69,0,26,4,20,59,607352,13194,0,60,RP
Felipe Rivero,Pirates,PIT,NL,28,0,3,4,0,0,0,0,0,70,60,0,27,6,27,77,553878,12076,0,28,RP
Adam Ottavino,Rockies,COL,NL,34,0,2,3,0,0,0,0,0,52,43,0,18,5,15,54,493603,1247,0,34,RP
Yu Darvish,Rangers,TEX,AL,17,25,13,8,0,0,0,0,0,185,155,0,69,20,61,220,506433,13074,17,0,SP
Jim Johnson,Braves,ATL,NL,65,0,3,4,0,0,0,0,0,64,63,0,26,4,21,58,462382,3656,0,65,RP
Carlos Carrasco,Indians,CLE,AL,25,26,14,9,0,0,0,0,0,188,165,0,70,21,44,200,471911,6632,25,0,SP|RP
Dan Otero,Indians,CLE,AL,62,0,4,3,0,0,0,0,0,66,66,0,24,5,11,48,519096,7385,0,62,RP
Jacob deGrom,Mets,NYM,NL,27,24,14,8,0,0,0,0,0,179,164,0,63,18,44,178,594798,10954,24,0,SP
Jerry Blevins,Mets,NYM,NL,73,0,2,2,0,0,0,0,0,43,36,0,15,4,15,46,460283,7841,0,73,RP
Zach Duke,Cardinals,STL,NL,53,0,1,1,0,0,0,0,0,25,21,0,8,2,10,26,435043,3840,0,53,RP|SP
Lance McCullers,Astros,HOU,AL,14,20,10,7,0,0,0,0,0,142,124,0,54,11,64,166,621121,14120,14,0,SP
Armando Rivero,Cubs,CHC,NL,20,0,1,1,0,0,0,0,0,22,17,0,8,1,13,27,,sa739701,0,0,
Roberto Osuna,Blue Jays,TOR,AL,72,0,3,4,0,0,0,0,0,74,56,0,24,9,16,82,532077,13764,0,72,RP
Jon Lester,Cubs,CHC,NL,33,27,16,8,0,0,0,0,0,203,172,0,70,20,51,198,452657,4930,32,0,SP
David Price,Red Sox,BOS,AL,35,23,14,7,0,0,0,0,0,187,179,0,74,21,39,187,456034,3184,35,0,SP
J.R. Graham,Twins,MIN,AL,1,0,0,0,0,0,0,0,0,8,9,0,5,0,3,7,543242,12042,0,1,RP
Tyson Ross,Rangers,TEX,AL,1,16,7,7,0,0,0,0,0,111,105,0,49,7,43,109,475115,7872,1,0,SP|RP
Justin Grimm,Cubs,CHC,NL,68,0,3,3,0,0,0,0,0,54,45,0,21,5,24,63,518748,11720,0,68,RP|SP
Jed Bradley,Braves,ATL,NL,6,0,1,0,0,0,0,0,0,14,15,0,7,0,6,10,605152,13166,0,6,RP
David Robertson,White Sox,CHW,AL,62,0,4,4,0,0,0,0,0,64,51,0,25,7,25,81,502085,8241,0,62,RP
Raisel Iglesias,Reds,CIN,NL,37,1,4,4,0,0,0,0,0,84,70,0,29,8,26,90,628452,17130,5,32,SP
LaTroy Hawkins,Blue Jays,TOR,AL,6,0,0,0,0,0,0,0,0,6,6,0,2,1,1,5,115629,729,0,0,RP
Boone Logan,Indians,CLE,AL,66,0,2,2,0,0,0,0,0,44,36,0,18,4,19,53,457429,5525,0,66,RP
Kyle Hendricks,Cubs,CHC,NL,32,26,14,8,0,0,0,0,0,190,166,0,72,17,45,168,543294,12049,30,1,SP
James Paxton,Mariners,SEA,AL,20,25,11,9,0,0,0,0,0,172,165,0,67,16,48,168,572020,11828,20,0,SP|RP
Shae Simmons,Mariners,SEA,AL,7,0,2,1,0,0,0,0,0,34,28,0,12,2,14,33,623406,14200,0,7,RP
Cory Gearrin,Giants,SFG,NL,56,0,2,2,0,0,0,0,0,45,40,0,18,4,14,43,518715,7947,0,56,RP
Danny Barnes,Blue Jays,TOR,AL,12,0,1,1,0,0,0,0,0,27,24,0,11,3,8,28,592130,11388,0,12,RP
Ian Krol,Braves,ATL,NL,63,0,3,2,0,0,0,0,0,52,49,0,20,4,19,53,571871,10066,0,63,RP
A.J. Ramos,Marlins,FLA,NL,67,0,3,4,0,0,0,0,0,64,50,0,22,4,33,72,573109,8350,0,67,RP
Adam Liberatore,Dodgers,LAD,NL,58,0,2,2,0,0,0,0,0,44,38,0,17,3,16,44,571893,10637,0,58,RP
Daniel Coulombe,Athletics,OAK,AL,35,0,3,2,0,0,0,0,0,46,40,0,20,3,19,48,543056,13293,0,35,RP
Alex Claudio,Rangers,TEX,AL,39,0,3,2,0,0,0,0,0,53,52,0,19,3,13,39,592222,12890,0,39,RP
A.J. Schugel,Pirates,PIT,NL,36,0,3,3,0,0,0,0,0,55,52,0,24,4,15,44,519263,11432,0,36,RP
Paul Fry,Mariners,SEA,AL,6,0,0,0,0,0,0,0,0,7,6,0,3,0,3,7,,sa738159,0,0,
Nick Rumbelow,Yankees,NYY,AL,16,0,1,1,0,0,0,0,0,16,15,0,7,2,5,17,592705,14867,0,0,RP
Aaron Nola,Phillies,PHI,NL,20,22,9,9,0,0,0,0,0,153,148,0,63,15,38,146,605400,16149,20,0,SP
Jordan Walden,Cardinals,STL,NL,27,0,2,1,0,0,0,0,0,26,22,0,10,2,12,29,477229,3271,0,0,RP
Michael Pineda,Yankees,NYY,AL,32,26,11,10,0,0,0,0,0,179,174,0,75,23,40,199,501381,5372,32,0,SP
Brandon Maurer,Padres,SDP,NL,71,0,3,5,0,0,0,0,0,66,59,0,28,6,20,65,543506,4878,0,71,RP|SP
Steven Okert,Giants,SFG,NL,16,0,1,1,0,0,0,0,0,25,26,0,11,2,8,27,595345,13580,0,16,RP
Mike Hauschild,Rangers,TEX,AL,26,3,3,4,0,0,0,0,0,44,49,0,21,2,15,33,,sa621613,0,0,
Matt Harvey,Mets,NYM,NL,17,21,10,8,0,0,0,0,0,148,141,0,60,14,36,138,518774,11713,17,0,SP
Brad Hand,Padres,SDP,NL,82,0,4,4,0,0,0,0,0,79,65,0,29,7,29,87,543272,9111,0,82,RP|SP
Jake Arrieta,Cubs,CHC,NL,31,26,16,8,0,0,0,0,0,202,153,0,71,15,70,194,453562,4153,31,0,SP
Matt Grace,Nationals,WSN,NL,6,0,1,1,0,0,0,0,0,22,24,0,9,1,7,17,594840,11449,0,6,RP
Chris Archer,Rays,TBD,AL,33,27,14,11,0,0,0,0,0,206,175,0,77,23,65,235,502042,6345,33,0,SP
Brad Ziegler,Marlins,FLA,NL,36,0,3,4,0,0,0,0,0,64,60,0,22,3,23,51,446899,7293,0,36,RP
Carlos Martinez,Cardinals,STL,NL,33,27,15,9,0,0,0,0,0,197,175,0,71,15,69,186,593372,11682,31,0,SP|RP
Sammy Solis,Nationals,WSN,NL,37,0,2,3,0,0,0,0,0,45,40,0,17,3,19,46,519301,11457,0,37,RP
Trevor Rosenthal,Cardinals,STL,NL,45,1,5,5,0,0,0,0,0,83,72,0,32,6,39,94,572096,10745,0,45,RP
Pedro Baez,Dodgers,LAD,NL,73,0,3,3,0,0,0,0,0,70,56,0,25,8,20,78,520980,5420,0,73,RP
Marc Rzepczynski,Mariners,SEA,AL,56,0,2,2,0,0,0,0,0,46,44,0,18,3,23,48,519240,6612,0,56,RP
Paco Rodriguez,Dodgers,LAD,NL,34,0,1,1,0,0,0,0,0,28,26,0,11,2,12,28,572089,13398,0,0,RP
Junichi Tazawa,Marlins,FLA,NL,53,0,3,3,0,0,0,0,0,56,52,0,22,6,15,59,547749,4079,0,53,RP
Brad Brach,Orioles,BAL,AL,71,0,6,4,0,0,0,0,0,75,60,0,25,7,29,85,542960,6627,0,71,RP
Carl Edwards Jr.,Cubs,CHC,NL,37,0,2,2,0,0,0,0,0,50,32,0,20,4,28,63,605218,13607,0,36,RP
Joe Ross,Nationals,WSN,NL,23,22,10,7,0,0,0,0,0,147,143,0,59,13,40,135,605452,12972,19,0,SP
Miguel Socolovich,Cardinals,STL,NL,15,0,2,1,0,0,0,0,0,33,28,0,12,3,11,31,462515,6697,0,15,RP
Zach Phillips,Pirates,PIT,NL,8,0,1,1,0,0,0,0,0,16,17,0,8,1,8,18,452061,99,0,8,RP
Keone Kela,Rangers,TEX,AL,35,0,4,3,0,0,0,0,0,57,46,0,22,6,24,67,605309,14696,0,35,RP
Koji Uehara,Cubs,CHC,NL,50,0,2,3,0,0,0,0,0,49,37,0,17,7,11,60,493157,9227,0,50,RP
Matt Belisle,Twins,MIN,AL,40,0,3,3,0,0,0,0,0,50,53,0,19,3,13,35,279571,1837,0,40,RP
Buddy Boshers,Twins,MIN,AL,37,0,2,1,0,0,0,0,0,40,38,0,18,3,14,40,542953,8490,0,37,RP
Donnie Hart,Orioles,BAL,AL,22,0,2,1,0,0,0,0,0,37,35,0,14,3,11,30,643354,15306,0,22,RP
Ryan Garton,Rays,TBD,AL,37,0,1,1,0,0,0,0,0,28,29,0,13,2,11,26,623439,14016,0,37,RP
Matt Bowman,Cardinals,STL,NL,59,0,3,4,0,0,0,0,0,65,64,0,26,4,20,50,621199,13528,0,59,RP
Steven Matz,Mets,NYM,NL,24,23,12,8,0,0,0,0,0,163,153,0,62,16,44,156,571927,13361,22,0,SP
Joe Nathan,,,,3,0,2,2,0,0,0,0,0,30,29,0,12,2,15,32,150274,1122,0,3,RP
Mike Morin,Angels,ANA,AL,60,0,3,3,0,0,0,0,0,54,52,0,24,6,15,53,573046,13442,0,60,RP
Matt Strahm,Royals,KCR,AL,21,8,7,6,0,0,0,0,0,122,102,0,46,12,45,132,621381,13799,0,21,
Robert Gsellman,Mets,NYM,NL,9,19,9,7,0,0,0,0,0,137,136,0,58,10,44,118,607229,13696,7,1,RP
Jameson Taillon,Pirates,PIT,NL,18,25,11,9,0,0,0,0,0,173,168,0,68,17,40,147,592791,11674,18,0,SP
Tommy Hunter,Rays,TBD,AL,12,0,2,2,0,0,0,0,0,36,36,0,15,3,9,29,488984,1157,0,12,RP|SP
Robbie Ray,Diamondbacks,ARI,NL,32,27,11,11,0,0,0,0,0,176,166,0,74,19,66,203,592662,11486,32,0,SP
Jackson Stephens,Reds,CIN,NL,6,0,0,1,0,0,0,0,0,11,12,0,5,1,3,10,,sa658342,0,0,
Sam Dyson,Rangers,TEX,AL,73,0,4,3,0,0,0,0,0,67,63,0,24,4,22,54,473879,11710,0,73,RP
Tony Barnette,Rangers,TEX,AL,53,0,5,3,0,0,0,0,0,65,59,0,21,6,19,57,501817,3555,0,53,RP
Sergio Romo,Dodgers,LAD,NL,40,0,3,3,0,0,0,0,0,46,40,0,17,6,11,50,489265,9817,0,40,RP
Chris Volstad,Pirates,PIT,NL,2,0,1,1,0,0,0,0,0,11,14,0,5,0,4,5,458690,9901,0,0,RP|SP
Ryan Webb,,,,18,0,1,1,0,0,0,0,0,21,22,0,10,1,6,15,444436,7474,0,18,RP
Drew Storen,Reds,CIN,NL,19,0,3,3,0,0,0,0,0,58,54,0,25,7,16,59,519322,6983,0,19,RP
Taylor Rogers,Twins,MIN,AL,57,0,3,3,0,0,0,0,0,64,68,0,29,6,18,57,573124,13449,0,57,RP
Steve Cishek,Mariners,SEA,AL,62,0,3,3,0,0,0,0,0,48,40,0,17,5,17,51,518553,6483,0,62,RP
Juan Nicasio,Pirates,PIT,NL,52,1,4,3,0,0,0,0,0,74,69,0,31,7,28,78,504379,7731,12,40,SP|RP
Brent Suter,Brewers,MIL,NL,14,0,1,2,0,0,0,0,0,26,29,0,11,2,6,16,608718,13942,2,12,SP
Paul Blackburn,Athletics,OAK,AL,1,1,0,0,0,0,0,0,0,7,8,0,4,0,2,4,,sa657872,0,0,
Ryan Mattheus,Reds,CIN,NL,7,0,0,1,0,0,0,0,0,7,8,0,3,0,2,4,458919,7169,0,0,RP
Andrew Triggs,Athletics,OAK,AL,24,20,7,7,0,0,0,0,0,141,140,0,61,13,39,121,592811,13533,6,18,RP
Ben Rowen,Brewers,MIL,NL,4,0,1,1,0,0,0,0,0,26,31,0,11,2,6,16,594985,10983,0,4,RP
David Phelps,Marlins,FLA,NL,64,2,5,5,0,0,0,0,0,86,77,0,33,8,32,86,475479,6316,5,59,RP|SP
Michael Feliz,Astros,HOU,AL,47,1,5,4,0,0,0,0,0,76,66,0,32,10,26,91,593140,11903,0,47,RP
Marcus Stroman,Blue Jays,TOR,AL,32,26,13,9,0,0,0,0,0,197,192,0,83,18,50,167,573186,13431,32,0,SP
Robbie Ross Jr.,Red Sox,BOS,AL,54,0,2,2,0,0,0,0,0,49,45,0,19,4,18,44,543726,6819,0,54,RP
Blake Parker,Angels,ANA,AL,16,0,1,1,0,0,0,0,0,14,12,0,6,1,5,16,453284,5224,0,16,RP
Justin Miller,Rockies,COL,NL,40,0,1,2,0,0,0,0,0,30,29,0,14,3,11,29,502522,8580,0,40,RP
Jose Quintana,White Sox,CHW,AL,32,27,13,11,0,0,0,0,0,209,204,0,81,21,51,179,500779,11423,32,0,SP|RP
Glen Perkins,Twins,MIN,AL,2,0,2,2,0,0,0,0,0,32,34,0,14,4,7,32,450282,8041,0,2,RP
Josh Smoker,Mets,NYM,NL,20,0,2,1,0,0,0,0,0,32,33,0,14,4,12,40,519294,10285,0,20,RP
Gio Gonzalez,Nationals,WSN,NL,32,27,12,10,0,0,0,0,0,179,173,0,79,16,63,169,461829,7448,32,0,SP
Brian Ellington,Marlins,FLA,NL,32,0,2,1,0,0,0,0,0,29,22,0,12,2,16,31,623395,17233,0,32,RP
Lance Lynn,Cardinals,STL,NL,23,19,9,7,0,0,0,0,0,132,128,0,55,11,49,125,458681,2520,0,0,SP
Aaron Loup,Blue Jays,TOR,AL,21,0,2,2,0,0,0,0,0,32,32,0,14,4,9,32,571901,10343,0,21,RP
Tony Watson,Pirates,PIT,NL,70,0,3,3,0,0,0,0,0,68,57,0,23,7,19,62,453265,3132,0,70,RP
Blake Treinen,Nationals,WSN,NL,73,0,3,3,0,0,0,0,0,67,56,0,23,5,29,62,595014,12572,0,73,RP|SP
Corey Knebel,Brewers,MIL,NL,35,0,3,3,0,0,0,0,0,57,49,0,23,5,24,62,608349,15010,0,35,RP
Ty Blach,Giants,SFG,NL,4,9,4,4,0,0,0,0,0,66,68,0,28,4,18,45,621389,14361,2,2,RP
Alex Wood,Dodgers,LAD,NL,15,4,5,4,0,0,0,0,0,80,77,0,32,7,24,70,622072,13781,10,4,SP
Blake Snell,Rays,TBD,AL,19,25,11,10,0,0,0,0,0,160,141,0,66,13,77,176,605483,13543,19,0,SP
Dallas Keuchel,Astros,HOU,AL,26,23,13,9,0,0,0,0,0,182,170,0,73,18,48,155,572971,9434,26,0,SP|RP
Joan Gregorio,Giants,SFG,NL,32,17,5,7,0,0,0,0,0,118,115,0,53,9,49,110,593340,sa547815,0,0,SP
Oliver Drake,Orioles,BAL,AL,14,0,2,1,0,0,0,0,0,31,26,0,13,3,15,36,543118,8823,0,14,RP
Keynan Middleton,Angels,ANA,AL,12,0,0,0,0,0,0,0,0,12,11,0,5,1,5,12,,sa737638,0,0,
Kenta Maeda,Dodgers,LAD,NL,35,27,14,9,0,0,0,0,0,176,155,0,69,20,49,174,628317,18498,32,0,SP
J.T. Chargois,Twins,MIN,AL,25,0,2,2,0,0,0,0,0,37,35,0,17,2,16,34,608638,13767,0,25,RP
Tyler Sturdevant,Rays,TBD,AL,16,0,0,0,0,0,0,0,0,7,7,0,3,1,2,6,573188,6780,0,16,RP
Dan Jennings,White Sox,CHW,AL,64,0,3,3,0,0,0,0,0,60,58,0,22,3,27,49,543359,8073,0,64,RP
David Paulino,Astros,HOU,AL,3,1,1,1,0,0,0,0,0,24,22,0,10,2,8,23,600944,17418,1,2,RP
Alejandro Chacin,Reds,CIN,NL,10,0,0,1,0,0,0,0,0,11,10,0,4,1,5,11,,sa546496,0,0,
Francelis Montas,Athletics,OAK,AL,27,1,1,1,0,0,0,0,0,35,32,0,15,3,14,35,593423,14309,0,0,RP
Rick Porcello,Red Sox,BOS,AL,33,27,16,9,0,0,0,0,0,207,203,0,85,23,38,169,519144,2717,33,0,SP
Garrett Richards,Angels,ANA,AL,6,21,10,9,0,0,0,0,0,153,141,0,60,13,55,139,572070,9784,6,0,SP|RP
Danny Salazar,Indians,CLE,AL,25,26,13,9,0,0,0,0,0,181,158,0,73,21,63,198,517593,5867,24,1,SP
Jose Alvarez,Angels,ANA,AL,64,0,2,3,0,0,0,0,0,60,63,0,26,5,19,52,501625,5358,0,64,RP|SP
Ryan Buchter,Padres,SDP,NL,67,0,3,3,0,0,0,0,0,65,47,0,25,6,32,75,488748,9456,0,67,RP
Justin Verlander,Tigers,DET,AL,34,26,14,9,0,0,0,0,0,206,180,0,78,24,58,206,434378,8700,34,0,SP
Hector Neris,Phillies,PHI,NL,79,0,4,4,0,0,0,0,0,77,64,0,28,9,29,88,593576,11804,0,79,RP
Ryan Pressly,Twins,MIN,AL,72,0,4,5,0,0,0,0,0,72,73,0,30,6,24,63,519151,7005,0,72,RP
Daniel Hudson,Pirates,PIT,NL,70,0,3,3,0,0,0,0,0,62,60,0,27,6,22,62,543339,7146,0,70,RP|SP
Oliver Perez,Nationals,WSN,NL,64,0,2,2,0,0,0,0,0,39,36,0,18,4,18,43,424144,1514,0,64,RP|SP
Masahiro Tanaka,Yankees,NYY,AL,31,25,13,8,0,0,0,0,0,189,175,0,72,24,34,168,547888,15764,31,0,SP
Hyun-Jin Ryu,Dodgers,LAD,NL,1,10,4,5,0,0,0,0,0,64,68,0,31,7,16,54,547943,14444,1,0,SP
Jake Diekman,Rangers,TEX,AL,66,0,1,1,0,0,0,0,0,25,21,0,11,2,12,27,518617,5003,0,66,RP
Jacob Rhame,Dodgers,LAD,NL,5,0,0,0,0,0,0,0,0,5,5,0,2,1,2,6,,sa737837,0,0,
Chris O'Grady,Angels,ANA,AL,5,0,1,0,0,0,0,0,0,11,13,0,5,1,2,7,622217,sa658155,0,0,
Felix Pena,Cubs,CHC,NL,11,0,1,1,0,0,0,0,0,28,23,0,12,3,12,30,570240,13403,0,11,RP
Matt Andriese,Rays,TBD,AL,29,18,9,9,0,0,0,0,0,153,149,0,63,18,36,143,542882,12022,19,10,SP|RP
Conor Mullee,,,,3,0,1,1,0,0,0,0,0,26,22,0,10,2,12,27,571969,11580,0,3,RP
Jon Gray,Rockies,COL,NL,29,27,12,10,0,0,0,0,0,187,173,0,82,21,66,196,592351,14916,29,0,SP
Caleb Smith,Yankees,NYY,AL,14,0,1,1,0,0,0,0,0,16,15,0,7,1,6,13,,sa738884,0,0,
Edubray Ramos,Phillies,PHI,NL,42,0,3,3,0,0,0,0,0,54,49,0,21,6,14,52,591693,16086,0,42,RP
Kyle Crockett,Indians,CLE,AL,29,0,1,1,0,0,0,0,0,22,23,0,10,2,8,19,641490,15033,0,29,RP
Tyler Anderson,Rockies,COL,NL,20,24,10,9,0,0,0,0,0,170,173,0,72,16,51,145,542881,12880,19,0,SP
Jonathan Papelbon,,,,37,0,1,1,0,0,0,0,0,29,29,0,13,3,10,26,449097,5975,0,37,RP
Zach Putnam,White Sox,CHW,AL,25,0,2,2,0,0,0,0,0,44,38,0,17,5,19,49,474029,9080,0,25,RP
Burke Badenhop,Reds,CIN,NL,10,0,0,1,0,0,0,0,0,9,10,0,4,0,3,5,488674,9736,0,0,RP
Adam Wainwright,Cardinals,STL,NL,34,26,12,10,0,0,0,0,0,194,199,0,85,18,52,154,425794,2233,33,0,SP
Matt Dermody,Blue Jays,TOR,AL,5,0,1,0,0,0,0,0,0,17,19,0,9,2,4,13,571616,14844,0,5,RP
Koda Glover,Nationals,WSN,NL,19,0,3,2,0,0,0,0,0,51,41,0,20,6,16,50,606983,17695,0,19,RP
Zach McAllister,Indians,CLE,AL,53,0,3,3,0,0,0,0,0,55,55,0,22,6,19,57,502083,2895,2,51,RP|SP
Luis Severino,Yankees,NYY,AL,22,21,9,9,0,0,0,0,0,141,135,0,65,14,45,130,622663,15890,11,11,SP
Sean Manaea,Athletics,OAK,AL,25,25,11,9,0,0,0,0,0,175,163,0,70,20,47,163,640455,15873,24,1,SP
Keith Hessler,Padres,SDP,NL,2,0,2,2,0,0,0,0,0,37,37,0,17,3,16,35,594857,12220,0,2,RP
Nick Vincent,Mariners,SEA,AL,60,0,3,3,0,0,0,0,0,60,54,0,24,8,17,62,543883,7555,0,60,RP
Charlie Furbush,,,,7,0,0,0,0,0,0,0,0,6,5,0,2,1,2,6,518703,1370,0,0,RP|SP
Mayckol Guaipe,Mariners,SEA,AL,5,0,0,0,0,0,0,0,0,6,6,0,3,0,2,4,515052,11663,0,5,RP
Buddy Baumann,Padres,SDP,NL,11,0,2,1,0,0,0,0,0,28,24,0,12,2,11,26,571473,9309,0,11,RP
Danny Duffy,Royals,KCR,AL,42,27,14,9,0,0,0,0,0,193,174,0,72,25,51,195,518633,3542,26,16,RP|SP
Chris Stratton,Giants,SFG,NL,7,0,2,1,0,0,0,0,0,28,30,0,13,2,11,21,608717,13761,0,7,RP
Michael Lorenzen,Reds,CIN,NL,36,0,4,3,0,0,0,0,0,71,64,0,28,7,24,65,547179,14843,0,35,SP
Madison Younginer,Braves,ATL,NL,8,0,0,1,0,0,0,0,0,10,12,0,6,1,4,8,572283,10636,0,8,RP
Matt Barnes,Red Sox,BOS,AL,62,0,3,3,0,0,0,0,0,64,62,0,28,7,27,68,598264,12863,0,62,RP
Matt Shoemaker,Angels,ANA,AL,27,24,11,10,0,0,0,0,0,171,165,0,72,22,36,157,533167,4776,27,0,SP
Trevor Gott,Nationals,WSN,NL,9,0,1,1,0,0,0,0,0,23,24,0,10,1,9,17,641627,15046,0,9,RP
Tyler Webb,Pirates,PIT,NL,18,0,1,1,0,0,0,0,0,19,19,0,8,2,7,19,,sa602910,0,0,
Andrew Chafin,Diamondbacks,ARI,NL,32,0,2,2,0,0,0,0,0,49,45,0,21,4,21,45,605177,12988,0,32,RP
Alec Mills,Royals,KCR,AL,3,0,1,1,0,0,0,0,0,20,20,0,10,2,8,19,621219,13834,0,3,RP
Perci Garner,Indians,CLE,AL,8,0,1,0,0,0,0,0,0,17,17,0,8,1,8,15,592330,10887,0,8,RP
Michael Fulmer,Tigers,DET,AL,26,26,12,9,0,0,0,0,0,182,167,0,73,19,52,158,605242,13218,26,0,SP
Nick Wittgren,Marlins,FLA,NL,48,0,3,3,0,0,0,0,0,46,44,0,18,5,10,37,621295,15594,0,48,RP
Robby Scott,Red Sox,BOS,AL,7,0,2,2,0,0,0,0,0,31,31,0,12,3,9,26,582494,13042,0,7,RP
Tyler Thornburg,Red Sox,BOS,AL,67,0,4,3,0,0,0,0,0,64,54,0,24,7,24,69,592804,10688,0,67,RP|SP
Matt Stites,Diamondbacks,ARI,NL,6,0,1,0,0,0,0,0,0,6,6,0,3,0,3,4,592781,12165,0,0,RP
Aaron Sanchez,Blue Jays,TOR,AL,30,26,14,8,0,0,0,0,0,195,176,0,75,17,67,163,592717,11490,30,0,SP|RP
Joe Blanton,Nationals,WSN,NL,75,0,3,3,0,0,0,0,0,52,46,0,20,6,15,52,430599,4849,0,75,RP|SP
Zach Davies,Brewers,MIL,NL,28,26,11,10,0,0,0,0,0,181,175,0,78,19,49,155,605200,13183,28,0,SP
Rob Scahill,Brewers,MIL,NL,16,0,2,2,0,0,0,0,0,35,35,0,16,3,13,31,543746,9286,0,16,RP
Brady Rodgers,Astros,HOU,AL,5,0,1,1,0,0,0,0,0,23,26,0,13,2,7,18,572086,13393,1,4,RP
Cole Hamels,Rangers,TEX,AL,32,27,14,9,0,0,0,0,0,206,190,0,82,22,70,202,430935,4972,32,0,SP
Brandon Kintzler,Twins,MIN,AL,54,0,3,3,0,0,0,0,0,56,59,0,22,5,12,36,445213,9939,0,54,RP
Tyler Skaggs,Angels,ANA,AL,10,22,9,9,0,0,0,0,0,146,138,0,62,14,52,136,572140,10190,10,0,SP
Deolis Guerra,Angels,ANA,AL,44,0,2,2,0,0,0,0,0,43,42,0,17,5,9,37,500610,8410,0,44,RP
Jake Barrett,Diamondbacks,ARI,NL,68,0,3,3,0,0,0,0,0,61,55,0,27,5,28,60,545332,13322,0,68,RP
Mason Melotakis,Twins,MIN,AL,10,0,0,1,0,0,0,0,0,10,11,0,5,1,4,9,608691,sa621016,0,0,
Pat Venditte,Phillies,PHI,NL,7,0,1,1,0,0,0,0,0,20,21,0,10,2,9,22,519381,7108,0,7,RP
Darren O'Day,Orioles,BAL,AL,34,0,4,3,0,0,0,0,0,62,49,0,21,9,19,71,503285,3321,0,34,RP
Jose Torres,Padres,SDP,NL,4,0,1,1,0,0,0,0,0,28,25,0,11,2,11,25,600526,14957,0,4,RP
Shane Greene,Tigers,DET,AL,50,1,2,2,0,0,0,0,0,43,45,0,24,4,15,36,572888,10756,3,47,SP|RP
Bruce Rondon,Tigers,DET,AL,37,0,3,2,0,0,0,0,0,45,38,0,20,5,21,52,541652,5766,0,37,RP
Severino Gonzalez,Marlins,FLA,NL,27,0,2,2,0,0,0,0,0,29,33,0,14,3,7,22,605894,14697,0,27,SP
Dean Kiekhefer,Cardinals,STL,NL,26,0,2,1,0,0,0,0,0,23,25,0,9,2,5,14,518883,10529,0,26,RP
Zack Wheeler,Mets,NYM,NL,16,9,4,4,0,0,0,0,0,67,64,0,30,5,29,62,554430,10310,0,0,SP
Lisalverto Bonilla,Rangers,TEX,AL,35,1,2,3,0,0,0,0,0,45,46,0,22,4,19,44,570810,11266,0,0,RP
Jonathan Holder,Yankees,NYY,AL,8,0,2,1,0,0,0,0,0,37,33,0,15,5,12,38,656547,16588,0,8,RP
Charlie Morton,Astros,HOU,AL,4,18,7,7,0,0,0,0,0,112,111,0,53,10,38,95,450203,4676,4,0,SP
Evan Scribner,Mariners,SEA,AL,12,0,3,2,0,0,0,0,0,55,47,0,21,9,10,58,519267,7525,0,12,RP
Joe Mantiply,Tigers,DET,AL,5,0,1,1,0,0,0,0,0,20,21,0,10,2,6,18,573009,14857,0,5,RP
Antonio Bastardo,Pirates,PIT,NL,41,0,3,3,0,0,0,0,0,66,54,0,28,7,30,73,455374,8844,0,41,RP
Josh Edgin,Mets,NYM,NL,16,0,1,1,0,0,0,0,0,18,18,0,8,1,9,18,572831,10796,0,16,RP
Seth Maness,Cardinals,STL,NL,29,0,1,1,0,0,0,0,0,17,19,0,7,1,4,10,595307,12235,0,29,RP
Luke Weaver,Cardinals,STL,NL,9,16,6,6,0,0,0,0,0,103,100,0,46,12,32,99,596133,16918,8,1,SP
Carlos Frias,Dodgers,LAD,NL,1,0,1,1,0,0,0,0,0,23,27,0,12,2,7,15,516910,3547,0,1,SP|RP
Ryan Madson,Athletics,OAK,AL,63,0,3,3,0,0,0,0,0,47,45,0,19,5,14,41,425492,1852,0,63,RP
Shawn Armstrong,Indians,CLE,AL,10,0,1,1,0,0,0,0,0,21,17,0,9,2,12,25,542888,12857,0,10,RP
Ryan Dull,Athletics,OAK,AL,70,0,4,4,0,0,0,0,0,69,56,0,25,9,18,67,623430,13974,0,70,RP
Ivan Nova,Pirates,PIT,NL,21,25,11,10,0,0,0,0,0,171,175,0,74,18,40,134,467100,1994,15,6,SP
Zack Greinke,Diamondbacks,ARI,NL,27,26,13,9,0,0,0,0,0,194,183,0,77,23,47,170,425844,1943,26,0,SP
Fernando Rodriguez,Athletics,OAK,AL,34,0,2,1,0,0,0,0,0,35,29,0,15,3,16,36,451775,7558,0,34,RP
Chase De Jong,Mariners,SEA,AL,15,0,1,1,0,0,0,0,0,16,13,0,6,2,5,14,,sa657960,0,0,
Ben Lively,Phillies,PHI,NL,6,1,1,1,0,0,0,0,0,15,14,0,7,1,4,12,,sa549720,0,0,
Andrew McKirahan,Braves,ATL,NL,9,0,0,1,0,0,0,0,0,9,11,0,4,1,3,7,605374,12870,0,0,RP
Joe Musgrove,Astros,HOU,AL,11,20,9,8,0,0,0,0,0,145,141,0,62,18,32,127,605397,12970,10,1,RP
J.P. Howell,Blue Jays,TOR,AL,64,0,3,2,0,0,0,0,0,46,47,0,19,4,17,38,434442,8245,0,64,RP
Joba Chamberlain,,,,20,0,0,1,0,0,0,0,0,15,14,0,7,1,7,15,501955,2692,0,20,RP
Kyle Ryan,Tigers,DET,AL,56,0,3,2,0,0,0,0,0,51,50,0,23,3,16,32,594986,11753,0,56,SP|RP
Jeff Samardzija,Giants,SFG,NL,34,26,12,10,0,0,0,0,0,201,195,0,86,23,50,169,502188,3254,32,0,SP|RP
Tyler Glasnow,Pirates,PIT,NL,7,21,8,7,0,0,0,0,0,136,118,0,59,12,69,146,607192,14374,4,3,SP
Nick Kingham,Pirates,PIT,NL,6,6,2,2,0,0,0,0,0,28,29,0,13,2,10,22,592468,sa548285,0,0,SP
Cesar Vargas,Padres,SDP,NL,7,6,3,3,0,0,0,0,0,59,60,0,26,6,21,53,570714,14099,7,0,SP
Ross Stripling,Dodgers,LAD,NL,22,7,4,5,0,0,0,0,0,81,82,0,37,8,23,62,548389,13273,14,8,SP
Luis Avilan,Dodgers,LAD,NL,27,0,1,1,0,0,0,0,0,26,25,0,12,2,12,26,501593,2882,0,27,RP
Hunter Cervenka,Marlins,FLA,NL,50,0,1,2,0,0,0,0,0,32,26,0,13,2,19,32,543017,10510,0,50,RP
Daniel Slania,Giants,SFG,NL,5,0,0,0,0,0,0,0,0,6,5,0,2,1,2,5,,sa550172,0,0,
Kevin Chapman,Braves,ATL,NL,9,0,1,1,0,0,0,0,0,20,21,0,11,2,10,20,502087,11240,0,9,RP
Carlos Torres,Brewers,MIL,NL,72,0,4,4,0,0,0,0,0,74,68,0,30,8,26,69,448614,7624,0,72,RP|SP
Daniel Winkler,Braves,ATL,NL,3,1,1,1,0,0,0,0,0,23,19,0,9,3,9,26,595465,12237,0,3,RP
Daniel Stumpf,Tigers,DET,AL,7,0,1,1,0,0,0,0,0,18,18,0,9,2,7,17,621385,13780,0,7,RP
Juan Minaya,White Sox,CHW,AL,11,0,1,2,0,0,0,0,0,25,25,0,12,2,12,21,573668,10341,0,11,RP
Hansel Robles,Mets,NYM,NL,68,0,4,4,0,0,0,0,0,73,63,0,30,8,30,76,570663,11801,0,68,RP
Carlos Estevez,Rockies,COL,NL,63,0,2,4,0,0,0,0,0,53,52,0,27,5,24,55,608032,14542,0,63,RP
Scott Carroll,White Sox,CHW,AL,3,1,0,0,0,0,0,0,0,8,9,0,6,0,3,5,453222,888,0,3,RP|SP
Joaquin Benoit,Phillies,PHI,NL,26,0,3,3,0,0,0,0,0,55,45,0,21,6,23,59,276542,1437,0,26,RP
Jose Ramirez,Braves,ATL,NL,33,0,2,2,0,0,0,0,0,38,36,0,18,3,22,39,542432,10171,0,33,RP
Blaine Hardy,Tigers,DET,AL,21,0,2,1,0,0,0,0,0,37,35,0,15,3,13,28,543278,6499,0,21,RP
Alex Wilson,Tigers,DET,AL,62,0,3,3,0,0,0,0,0,67,65,0,26,5,19,45,543935,9239,0,62,RP
Collin McHugh,Astros,HOU,AL,33,27,13,10,0,0,0,0,0,188,188,0,85,23,53,173,543521,7531,33,0,SP|RP
Warwick Saupold,Tigers,DET,AL,6,0,0,0,0,0,0,0,0,11,12,0,5,1,4,7,599683,13211,0,6,RP
Sal Romano,Reds,CIN,NL,29,2,3,3,0,0,0,0,0,54,57,0,26,6,17,47,607219,sa599266,0,0,
Carlos Rodon,White Sox,CHW,AL,28,26,10,10,0,0,0,0,0,177,172,0,76,21,64,182,607074,16137,28,0,SP
Silvino Bracho,Diamondbacks,ARI,NL,26,0,1,2,0,0,0,0,0,32,32,0,17,5,10,37,611093,15051,0,26,RP
Brandon McCarthy,Dodgers,LAD,NL,10,7,4,4,0,0,0,0,0,66,64,0,32,7,22,58,435221,4662,9,1,SP
Trevor May,Twins,MIN,AL,44,1,2,2,0,0,0,0,0,30,28,0,13,4,11,30,543507,6398,0,44,RP
Nick Tropeano,Angels,ANA,AL,13,8,2,3,0,0,0,0,0,50,50,0,21,5,19,49,607374,12385,13,0,SP
Francisco Rodriguez,Tigers,DET,AL,61,0,3,4,0,0,0,0,0,57,47,0,21,7,18,53,408061,1642,0,61,RP
Joe Gunkel,Orioles,BAL,AL,15,0,1,1,0,0,0,0,0,16,18,0,8,2,3,10,,sa738176,0,0,
Rob Zastryzny,Cubs,CHC,NL,8,0,1,1,0,0,0,0,0,29,26,0,13,3,11,25,642239,15094,1,7,RP
Brian Duensing,Cubs,CHC,NL,14,0,2,1,0,0,0,0,0,31,31,0,13,3,11,24,488846,4064,0,14,RP|SP
Chase Whitley,Rays,TBD,AL,5,0,1,1,0,0,0,0,0,29,27,0,12,3,8,25,595032,10982,1,4,SP
Ryan Merritt,Indians,CLE,AL,4,1,2,2,0,0,0,0,0,39,42,0,18,4,7,23,607320,13688,1,3,RP
George Kontos,Giants,SFG,NL,57,0,3,3,0,0,0,0,0,53,48,0,19,5,15,40,502004,9486,0,57,RP
Tyler Lyons,Cardinals,STL,NL,30,0,3,3,0,0,0,0,0,56,52,0,22,8,11,55,544928,11334,0,30,RP|SP
Jaime Garcia,Braves,ATL,NL,32,21,9,9,0,0,0,0,0,151,145,0,65,16,47,131,448802,8137,30,2,SP
Fernando Salas,Mets,NYM,NL,58,0,3,4,0,0,0,0,0,68,62,0,29,9,19,67,477569,4971,0,58,RP
Justin Haley,Twins,MIN,AL,14,0,1,1,0,0,0,0,0,15,15,0,7,1,5,11,,sa550274,0,0,
Chris Rusin,Rockies,COL,NL,29,2,3,3,0,0,0,0,0,59,66,0,29,6,17,44,543734,9895,7,22,RP|SP
Peter Moylan,Royals,KCR,AL,50,0,2,1,0,0,0,0,0,41,41,0,17,3,15,30,493247,4891,0,50,RP
Kevin Gausman,Orioles,BAL,AL,30,27,13,10,0,0,0,0,0,194,184,0,74,27,50,194,592332,14107,30,0,RP|SP
Blaine Boyer,Brewers,MIL,NL,61,0,2,2,0,0,0,0,0,41,44,0,17,3,12,25,430641,2237,0,61,RP
Josh Hader,Brewers,MIL,NL,8,5,2,3,0,0,0,0,0,47,43,0,22,5,21,51,,sa658473,0,0,
Jonathan Broxton,Cardinals,STL,NL,66,0,3,4,0,0,0,0,0,61,56,0,27,6,23,56,455009,4759,0,66,RP
Julio Teheran,Braves,ATL,NL,31,27,12,10,0,0,0,0,0,199,182,0,80,24,53,178,527054,6797,30,0,SP
Michael Wacha,Cardinals,STL,NL,27,20,9,8,0,0,0,0,0,152,150,0,68,16,48,128,608379,14078,24,3,SP
Tanner Roark,Nationals,WSN,NL,34,26,13,9,0,0,0,0,0,194,186,0,80,19,59,151,543699,8753,33,1,SP|RP
Vince Velasquez,Phillies,PHI,NL,24,25,9,9,0,0,0,0,0,166,150,0,72,23,59,183,592826,11189,24,0,SP
Austin Brice,Reds,CIN,NL,15,1,1,2,0,0,0,0,0,24,22,0,12,2,10,21,592169,17237,0,15,RP
John Lackey,Cubs,CHC,NL,29,24,12,8,0,0,0,0,0,183,169,0,74,22,50,162,407793,1507,29,0,SP
Nick Goody,Yankees,NYY,AL,27,0,1,1,0,0,0,0,0,26,25,0,12,4,11,31,580792,13685,0,27,RP
Matt Moore,Giants,SFG,NL,12,27,13,10,0,0,0,0,0,192,176,0,80,21,68,177,519043,1890,12,0,SP
Jharel Cotton,Athletics,OAK,AL,5,23,10,8,0,0,0,0,0,159,141,0,66,20,47,150,605194,13654,5,0,RP
Sonny Gray,Athletics,OAK,AL,22,23,11,10,0,0,0,0,0,167,158,0,71,18,53,140,543243,12768,22,0,SP|RP
Blake Wood,Reds,CIN,NL,70,0,3,4,0,0,0,0,0,68,62,0,29,7,34,72,502028,1345,0,70,RP
Jhan Marinez,Brewers,MIL,NL,43,0,3,2,0,0,0,0,0,61,59,0,25,5,26,54,501697,5830,0,43,RP
Leonel Campos,Padres,SDP,NL,18,0,1,1,0,0,0,0,0,23,21,0,12,2,14,26,599998,12277,0,18,RP
German Marquez,Rockies,COL,NL,6,11,4,4,0,0,0,0,0,74,82,0,37,8,21,59,608566,15038,3,3,RP
Dallas Beeler,Cubs,CHC,NL,13,1,1,1,0,0,0,0,0,18,19,0,9,1,7,12,542923,11471,0,0,SP
Scott Alexander,Royals,KCR,AL,17,0,2,1,0,0,0,0,0,36,39,0,15,3,14,26,518397,10591,0,17,RP
Daniel Norris,Tigers,DET,AL,14,23,9,8,0,0,0,0,0,145,136,0,63,18,50,143,596057,13475,13,1,SP|RP
Joakim Soria,Royals,KCR,AL,70,0,3,5,0,0,0,0,0,68,64,0,28,9,23,68,465657,6941,0,70,RP
Eduardo Rodriguez,Red Sox,BOS,AL,20,22,9,8,0,0,0,0,0,151,144,0,68,17,49,135,593958,13164,20,0,SP
Anthony DeSclafani,Reds,CIN,NL,20,24,10,9,0,0,0,0,0,169,168,0,73,21,44,145,543101,13050,20,0,SP
Erik Goeddel,Mets,NYM,NL,36,0,1,1,0,0,0,0,0,28,27,0,13,3,12,28,592340,11712,0,36,RP
John Axford,Athletics,OAK,AL,68,0,4,4,0,0,0,0,0,63,60,0,28,6,32,63,446099,9059,0,68,RP
Homer Bailey,Reds,CIN,NL,6,14,6,6,0,0,0,0,0,97,99,0,46,11,30,83,456701,8362,6,0,SP
Mike Montgomery,Cubs,CHC,NL,17,18,8,8,0,0,0,0,0,141,129,0,58,13,55,122,543557,4869,5,12,RP
Cody Anderson,Indians,CLE,AL,19,5,4,4,0,0,0,0,0,80,83,0,38,10,21,67,594736,12799,9,10,SP
Zach Neal,Athletics,OAK,AL,24,1,2,2,0,0,0,0,0,44,49,0,21,5,7,27,594943,11294,6,18,RP
Daniel Wright,Angels,ANA,AL,4,6,3,3,0,0,0,0,0,44,51,0,26,4,13,33,642229,15179,2,2,SP
Giovanny Gallegos,Yankees,NYY,AL,12,0,1,0,0,0,0,0,0,13,12,0,6,2,4,13,,sa659493,0,0,
Chris Hatcher,Dodgers,LAD,NL,37,0,2,3,0,0,0,0,0,40,37,0,19,5,15,42,501822,3299,0,37,RP
Bryan Shaw,Indians,CLE,AL,75,0,3,4,0,0,0,0,0,65,58,0,24,7,24,63,543766,8110,0,75,RP
Kyle Zimmer,Royals,KCR,AL,14,2,1,1,0,0,0,0,0,19,19,0,9,2,7,17,622092,sa621583,0,0,SP
Felix Hernandez,Mariners,SEA,AL,25,24,12,9,0,0,0,0,0,184,171,0,77,20,62,160,433587,4772,25,0,SP
Brock Stewart,Dodgers,LAD,NL,7,3,3,3,0,0,0,0,0,56,56,0,26,7,19,53,592779,16727,5,2,SP
Jandel Gustave,Astros,HOU,AL,14,0,2,2,0,0,0,0,0,38,33,0,16,4,16,35,594311,14665,0,14,RP
Jake McGee,Rockies,COL,NL,57,0,2,3,0,0,0,0,0,49,49,0,21,7,15,49,459429,7550,0,57,RP
Ryan Tepera,Blue Jays,TOR,AL,20,0,1,1,0,0,0,0,0,24,22,0,10,2,9,22,572193,10291,0,20,RP
Austin Pruitt,Rays,TBD,AL,1,1,1,1,0,0,0,0,0,7,7,0,3,1,1,5,,sa737920,0,0,
Jared Hughes,,,,67,0,3,2,0,0,0,0,0,62,64,0,23,5,21,40,453172,9325,0,67,RP
Pat Neshek,Phillies,PHI,NL,60,0,3,3,0,0,0,0,0,55,46,0,22,8,13,52,450212,4682,0,60,RP
Santiago Casilla,Athletics,OAK,AL,62,0,3,4,0,0,0,0,0,57,50,0,22,7,19,56,433586,2873,0,62,RP
Wade LeBlanc,Pirates,PIT,NL,8,1,2,2,0,0,0,0,0,34,36,0,15,4,9,27,453281,5221,0,8,RP|SP
Ricky Nolasco,Angels,ANA,AL,11,25,10,11,0,0,0,0,0,185,193,0,88,22,47,148,445060,3830,11,0,SP
Max Povse,Mariners,SEA,AL,6,0,0,0,0,0,0,0,0,7,7,0,3,1,2,5,,sa602653,0,0,
Randall Delgado,Diamondbacks,ARI,NL,79,0,5,4,0,0,0,0,0,71,69,0,32,7,32,68,517414,5985,0,79,RP|SP
Steven Brault,Pirates,PIT,NL,8,14,5,6,0,0,0,0,0,92,96,0,44,9,40,82,643230,15291,7,1,SP
Joely Rodriguez,Phillies,PHI,NL,12,0,1,1,0,0,0,0,0,23,24,0,11,2,9,17,570257,11487,0,12,RP
J.A. Happ,Blue Jays,TOR,AL,32,26,13,9,0,0,0,0,0,186,178,0,78,22,57,159,457918,7410,31,1,SP|RP
Bartolo Colon,Braves,ATL,NL,34,25,11,10,0,0,0,0,0,174,191,0,79,21,29,114,112526,375,33,1,SP
Clay Buchholz,Phillies,PHI,NL,37,19,7,9,0,0,0,0,0,138,128,0,62,16,46,122,453329,3543,21,16,SP
Jeanmar Gomez,Phillies,PHI,NL,70,0,3,4,0,0,0,0,0,68,74,0,32,6,21,47,491646,9033,0,70,RP|SP
Enrique Burgos,Diamondbacks,ARI,NL,43,0,2,3,0,0,0,0,0,53,49,0,26,5,30,60,542609,3895,0,43,RP
Junior Guerra,Brewers,MIL,NL,20,23,10,8,0,0,0,0,0,158,142,0,66,16,60,136,448855,5702,20,0,RP
Ryan O'Rourke,Twins,MIN,AL,26,0,2,1,0,0,0,0,0,28,25,0,12,3,12,28,594951,10976,0,26,RP
Dalier Hinojosa,Phillies,PHI,NL,10,0,0,0,0,0,0,0,0,7,6,0,3,1,3,6,648737,15671,0,10,RP
Jason Frasor,,,,26,0,1,1,0,0,0,0,0,26,25,0,12,2,11,23,430630,1906,0,0,RP
Richard Bleier,Orioles,BAL,AL,23,0,2,2,0,0,0,0,0,37,42,0,17,3,8,15,542947,7803,0,23,RP
Sean Gilmartin,Mets,NYM,NL,14,1,2,1,0,0,0,0,0,28,30,0,14,3,10,23,543219,12781,1,13,RP
Tommy Layne,Yankees,NYY,AL,34,0,2,2,0,0,0,0,0,50,45,0,21,4,24,45,518927,7501,0,34,RP
Fernando Rodney,Diamondbacks,ARI,NL,39,0,3,4,0,0,0,0,0,62,58,0,29,6,31,64,407845,494,0,39,RP
Kyle Lobstein,Pirates,PIT,NL,14,0,1,1,0,0,0,0,0,14,15,0,7,1,6,10,543456,9178,0,14,RP|SP
Mike Dunn,Rockies,COL,NL,51,0,3,3,0,0,0,0,0,54,53,0,26,7,21,55,445197,9948,0,51,RP
Brian Flynn,Royals,KCR,AL,36,1,1,2,0,0,0,0,0,35,33,0,14,3,15,29,543169,12027,1,35,SP
Chris Bassitt,Athletics,OAK,AL,5,4,2,1,0,0,0,0,0,23,24,0,11,2,8,18,605135,12304,5,0,SP|RP
Barrett Astin,Reds,CIN,NL,5,0,0,1,0,0,0,0,0,6,6,0,3,1,2,5,,sa621669,0,0,
Michael Ynoa,White Sox,CHW,AL,23,0,2,2,0,0,0,0,0,46,41,0,21,3,26,38,573589,14093,0,23,RP
Mike Leake,Cardinals,STL,NL,34,26,11,11,0,0,0,0,0,188,206,0,89,22,41,129,502190,10130,30,0,SP
Odrisamer Despaigne,Marlins,FLA,NL,16,0,1,1,0,0,0,0,0,23,26,0,12,2,8,17,628333,16017,0,16,SP
Alex Cobb,Rays,TBD,AL,5,21,8,8,0,0,0,0,0,141,143,0,64,16,44,118,502171,6562,5,0,SP
Kevin Quackenbush,Padres,SDP,NL,60,0,4,4,0,0,0,0,0,61,57,0,27,7,22,53,534812,12360,0,60,RP
Jason Grilli,Blue Jays,TOR,AL,21,0,4,4,0,0,0,0,0,57,49,0,26,8,26,68,276351,521,0,21,RP
Jarlin Garcia,Marlins,FLA,NL,10,6,2,3,0,0,0,0,0,43,47,0,24,4,14,29,606424,sa597438,0,0,SP
Chad Kuhl,Pirates,PIT,NL,15,25,10,9,0,0,0,0,0,158,159,0,71,16,46,111,641771,14975,14,0,SP
Daniel Mengden,Athletics,OAK,AL,14,8,4,5,0,0,0,0,0,73,73,0,37,7,31,64,596043,16980,14,0,SP
John Gant,Cardinals,STL,NL,20,5,2,2,0,0,0,0,0,41,43,0,20,4,17,37,607231,13684,7,13,RP
Jhoulys Chacin,Padres,SDP,NL,5,22,7,10,0,0,0,0,0,149,152,0,72,14,58,121,468504,2608,5,0,SP
Rob Whalen,Mariners,SEA,AL,6,3,2,2,0,0,0,0,0,39,36,0,19,4,16,33,547007,14165,5,0,SP
Jake Buchanan,Cubs,CHC,NL,2,0,1,1,0,0,0,0,0,18,17,0,8,2,5,11,594772,10962,1,1,RP
Cody Martin,Mariners,SEA,AL,9,0,2,2,0,0,0,0,0,28,29,0,14,3,10,24,592533,12182,2,7,RP
Jose De Leon,Rays,TBD,AL,4,12,4,4,0,0,0,0,0,74,68,0,33,11,25,77,592254,15463,4,0,SP
Mike Foltynewicz,Braves,ATL,NL,22,25,11,11,0,0,0,0,0,172,160,0,73,23,57,169,592314,10811,22,0,SP
Seth Lugo,Mets,NYM,NL,17,19,7,7,0,0,0,0,0,140,136,0,63,15,46,113,607625,12447,8,9,RP
Patrick Corbin,Diamondbacks,ARI,NL,38,3,5,6,0,0,0,0,0,94,100,0,45,11,32,82,571578,9323,24,12,SP
Robbie Erlin,Padres,SDP,NL,3,8,2,4,0,0,0,0,0,42,43,0,20,5,11,32,572362,10354,2,1,SP
Heath Hembree,Red Sox,BOS,AL,38,0,2,2,0,0,0,0,0,43,42,0,17,5,15,39,592390,11632,0,38,RP
Eduardo Paredes,Angels,ANA,AL,12,0,0,0,0,0,0,0,0,12,12,0,5,2,4,11,,sa657128,0,0,
Kyle Martin,Red Sox,BOS,AL,5,0,0,0,0,0,0,0,0,5,5,0,3,1,2,5,,sa503291,0,0,
Ashur Tolliver,Astros,HOU,AL,5,0,1,0,0,0,0,0,0,16,16,0,8,2,7,16,572208,10044,0,5,RP
Luke Hochevar,,,,40,0,2,3,0,0,0,0,0,47,41,0,19,7,14,50,460024,6943,0,40,RP|SP
Eddie Gamboa,Rangers,TEX,AL,7,0,1,1,0,0,0,0,0,26,24,0,12,2,14,21,543195,6911,0,7,SP
Jeremy Hellickson,Phillies,PHI,NL,32,26,10,12,0,0,0,0,0,183,182,0,84,24,49,155,476451,4371,32,0,SP
Logan Kensing,Tigers,DET,AL,3,0,1,1,0,0,0,0,0,12,14,0,6,1,6,8,434137,6166,0,3,RP
Tyler Duffey,Twins,MIN,AL,26,17,8,8,0,0,0,0,0,127,137,0,62,16,34,102,608648,13758,26,0,SP
Joe Smith,Blue Jays,TOR,AL,16,0,3,3,0,0,0,0,0,50,47,0,20,6,15,40,501925,3281,0,16,RP
Josh Ravin,Dodgers,LAD,NL,10,0,1,1,0,0,0,0,0,17,13,0,7,2,8,21,502051,2951,0,10,RP
Clayton Blackburn,Giants,SFG,NL,7,0,1,1,0,0,0,0,0,13,13,0,6,2,3,10,607185,sa598302,0,0,SP
Adam Conley,Marlins,FLA,NL,25,24,9,8,0,0,0,0,0,158,150,0,70,15,67,136,543045,14457,25,0,SP|RP
Kendry Flores,Marlins,FLA,NL,1,1,1,1,0,0,0,0,0,14,15,0,7,1,6,10,572309,12118,1,0,RP
Trevor Bauer,Indians,CLE,AL,35,25,11,10,0,0,0,0,0,178,169,0,84,20,68,161,545333,12703,28,7,SP|RP
Brandon Cunniff,Braves,ATL,NL,15,0,1,1,0,0,0,0,0,15,13,0,6,1,7,12,594792,11509,0,15,RP
Fernando Abad,Red Sox,BOS,AL,18,0,2,2,0,0,0,0,0,41,38,0,17,4,16,36,472551,4994,0,18,RP|SP
Jerad Eickhoff,Phillies,PHI,NL,33,27,10,12,0,0,0,0,0,194,184,0,82,27,49,169,595191,12664,33,0,SP
Danny Farquhar,Rays,TBD,AL,35,0,2,3,0,0,0,0,0,52,50,0,21,7,18,51,543144,8501,0,35,RP
Michael Tonkin,Twins,MIN,AL,65,0,3,3,0,0,0,0,0,67,68,0,31,9,21,64,543859,10315,0,65,RP
Walker Lockett,Padres,SDP,NL,5,1,1,1,0,0,0,0,0,10,11,0,5,1,3,7,,sa657984,0,0,
Drew Pomeranz,Red Sox,BOS,AL,14,24,12,8,0,0,0,0,0,163,142,0,66,21,61,159,519141,11426,13,1,SP|RP
Austin Adams,Angels,ANA,AL,19,0,1,2,0,0,0,0,0,28,32,0,16,3,10,25,542866,7411,0,19,RP
Scott Kazmir,Dodgers,LAD,NL,27,21,9,8,0,0,0,0,0,138,131,0,62,18,46,127,431148,4897,26,0,SP
Steven Wright,Red Sox,BOS,AL,25,13,9,5,0,0,0,0,0,126,123,0,55,13,44,101,453214,8185,24,0,SP|RP
Jayson Aquino,Orioles,BAL,AL,3,0,1,1,0,0,0,0,0,16,18,0,8,2,5,11,593969,13150,0,3,RP
Ervin Santana,Twins,MIN,AL,30,26,11,10,0,0,0,0,0,190,188,0,83,22,58,152,429722,3200,30,0,SP
Jake Odorizzi,Rays,TBD,AL,33,27,11,9,0,0,0,0,0,187,171,0,78,25,54,169,543606,6397,33,0,SP
Adalberto Mejia,Twins,MIN,AL,1,7,3,3,0,0,0,0,0,53,57,0,25,6,17,39,606167,13188,0,1,RP
Archie Bradley,Diamondbacks,ARI,NL,26,23,9,9,0,0,0,0,0,153,151,0,73,16,69,142,605151,12918,26,0,SP
Jon Edwards,Padres,SDP,NL,5,0,0,0,0,0,0,0,0,5,5,0,2,1,3,6,457754,1483,0,0,RP
Matt Koch,Diamondbacks,ARI,NL,7,0,1,1,0,0,0,0,0,16,19,0,8,2,3,10,571863,13420,2,5,RP
Taijuan Walker,Diamondbacks,ARI,NL,25,25,10,10,0,0,0,0,0,169,162,0,78,24,45,155,592836,11836,25,0,SP
Hisashi Iwakuma,Mariners,SEA,AL,33,24,12,10,0,0,0,0,0,174,179,0,77,24,36,134,547874,13048,33,0,SP|RP
Evan Marshall,Diamondbacks,ARI,NL,15,0,0,1,0,0,0,0,0,18,21,0,10,1,8,13,605359,12297,0,15,RP
Chris Smith,Athletics,OAK,AL,13,0,1,1,0,0,0,0,0,25,24,0,12,3,10,22,434672,4544,0,13,RP
Damien Magnifico,Brewers,MIL,NL,3,0,1,2,0,0,0,0,0,24,23,0,12,1,14,19,571911,13395,0,3,RP
Alex Meyer,Angels,ANA,AL,5,11,5,5,0,0,0,0,0,81,79,0,42,8,44,82,543542,12833,5,0,RP
Kevin Siegrist,Cardinals,STL,NL,67,0,4,3,0,0,0,0,0,64,50,0,23,8,29,69,543779,8180,0,67,RP
Chad Qualls,Rockies,COL,NL,44,0,2,3,0,0,0,0,0,47,54,0,25,6,11,36,430589,2170,0,44,RP
Nate Karns,Royals,KCR,AL,22,21,8,8,0,0,0,0,0,147,141,0,69,17,57,137,501992,12638,15,7,SP
Reynaldo Lopez,White Sox,CHW,AL,11,8,4,5,0,0,0,0,0,83,78,0,40,10,34,83,625643,16400,6,5,SP
Zac Rosscup,,,,44,0,2,1,0,0,0,0,0,43,38,0,18,5,22,48,573127,9419,0,0,RP
Abel De Los Santos,Reds,CIN,NL,5,0,1,1,0,0,0,0,0,16,15,0,8,2,8,15,593582,12962,0,5,RP
Yusmeiro Petit,Angels,ANA,AL,36,0,1,1,0,0,0,0,0,40,40,0,19,6,8,36,433589,4020,1,35,RP|SP
Steve Hathaway,Diamondbacks,ARI,NL,24,0,1,1,0,0,0,0,0,25,25,0,11,2,13,22,643355,15293,0,24,RP
Adrian Sampson,Mariners,SEA,AL,2,0,1,1,0,0,0,0,0,14,17,0,7,2,3,9,592716,13339,2,0,SP
Antonio Senzatela,Rockies,COL,NL,5,0,0,0,0,0,0,0,0,6,6,0,3,1,2,4,622608,sa657576,0,0,SP
Enny Romero,Nationals,WSN,NL,52,0,2,2,0,0,0,0,0,42,41,0,21,5,20,42,544836,4001,0,52,RP
Edinson Volquez,Marlins,FLA,NL,34,26,10,11,0,0,0,0,0,183,182,0,83,18,71,146,450172,3990,34,0,SP
Chris Withrow,Braves,ATL,NL,46,0,2,2,0,0,0,0,0,30,24,0,13,3,14,30,519437,7161,0,46,RP
Martin Perez,Rangers,TEX,AL,33,26,10,11,0,0,0,0,0,187,199,0,91,16,65,120,527048,6902,33,0,SP|RP
Albert Suarez,Giants,SFG,NL,22,11,5,5,0,0,0,0,0,84,87,0,39,9,27,59,544150,6175,12,10,RP
Cory Rasmus,Angels,ANA,AL,19,0,1,1,0,0,0,0,0,19,17,0,9,2,9,19,474284,2413,1,18,RP
Alex Wimmers,Twins,MIN,AL,16,0,1,2,0,0,0,0,0,33,34,0,17,3,16,27,592872,11394,0,16,RP
Mike Fiers,Astros,HOU,AL,31,24,10,9,0,0,0,0,0,165,166,0,76,23,46,148,571666,7754,30,1,SP|RP
Austin Voth,Nationals,WSN,NL,12,3,2,2,0,0,0,0,0,43,44,0,20,5,16,35,,sa621465,0,0,
Sean Marshall,,,,21,0,1,1,0,0,0,0,0,21,21,0,10,2,9,17,445156,5905,0,0,RP|SP
Shawn Tolleson,Rays,TBD,AL,37,0,2,2,0,0,0,0,0,45,44,0,20,7,13,45,474521,10481,0,37,RP
Wesley Wright,Angels,ANA,AL,18,0,0,3,0,0,0,0,0,19,22,0,10,1,10,11,449079,5960,0,0,RP|SP
Jose Urena,Marlins,FLA,NL,29,2,2,3,0,0,0,0,0,43,44,0,22,4,15,30,570632,11589,12,16,SP
Chad Green,Yankees,NYY,AL,12,16,6,7,0,0,0,0,0,108,107,0,50,15,34,103,643338,15552,8,4,RP
Casey Janssen,Nationals,WSN,NL,7,0,0,1,0,0,0,0,0,6,6,0,3,1,1,4,445163,7355,0,0,RP
Luis Garcia,,,,38,0,2,2,0,0,0,0,0,37,37,0,17,3,20,34,,140,0,0,
Jairo Diaz,Rockies,COL,NL,18,0,1,1,0,0,0,0,0,18,18,0,9,2,8,17,545064,12774,0,0,RP
Wei-Yin Chen,Marlins,FLA,NL,22,24,9,9,0,0,0,0,0,169,171,0,75,25,35,137,612672,13071,22,0,SP
Gabriel Ynoa,Mets,NYM,NL,10,0,1,1,0,0,0,0,0,21,24,0,11,2,5,11,593679,12938,3,7,RP
Tyler Cravy,Brewers,MIL,NL,20,1,2,3,0,0,0,0,0,40,39,0,22,4,18,35,572788,10770,2,18,SP
Dietrich Enns,Yankees,NYY,AL,5,0,0,0,0,0,0,0,0,6,6,0,3,1,2,5,,sa579749,0,0,
Vicente Campos,Angels,ANA,AL,1,1,1,1,0,0,0,0,0,20,20,0,9,2,6,15,553883,11681,0,1,RP
Drew Smyly,Mariners,SEA,AL,30,27,11,10,0,0,0,0,0,183,169,0,75,29,51,180,592767,11760,30,0,SP
Francisco Liriano,Blue Jays,TOR,AL,23,24,11,9,0,0,0,0,0,163,146,0,73,21,72,167,434538,3201,21,0,SP
Jumbo Diaz,Rays,TBD,AL,45,0,3,2,0,0,0,0,0,57,51,0,23,8,22,58,471822,3397,0,45,RP
Tsuyoshi Wada,Cubs,CHC,NL,1,1,0,0,0,0,0,0,0,5,5,0,2,1,2,5,493159,13046,0,0,SP
Dylan Covey,White Sox,CHW,AL,13,0,1,1,0,0,0,0,0,14,14,0,6,1,8,12,,sa548176,0,0,
Jose Leclerc,Rangers,TEX,AL,12,0,1,1,0,0,0,0,0,20,17,0,10,1,14,21,600917,14524,0,12,RP
Gavin Floyd,Blue Jays,TOR,AL,28,0,1,1,0,0,0,0,0,21,19,0,10,3,6,18,425856,3886,0,28,SP
Chad Bettis,Rockies,COL,NL,32,21,9,8,0,0,0,0,0,148,159,0,76,17,49,117,518452,10587,32,0,SP
Drew VerHagen,Tigers,DET,AL,19,0,2,2,0,0,0,0,0,32,35,0,16,3,12,19,572403,13424,0,19,RP
Drew Hutchison,Pirates,PIT,NL,6,10,6,6,0,0,0,0,0,99,101,0,48,14,33,90,571800,10732,1,5,SP
Jordan Zimmermann,Tigers,DET,AL,19,24,10,10,0,0,0,0,0,167,176,0,78,22,38,121,519455,4505,18,1,SP
Giovanni Soto,Indians,CLE,AL,16,0,1,1,0,0,0,0,0,16,15,0,8,1,10,15,543803,10330,0,0,RP
Luis Perdomo,Padres,SDP,NL,36,22,9,12,0,0,0,0,0,171,183,0,84,20,57,131,606131,14682,20,15,RP
Colton Murray,Phillies,PHI,NL,24,0,1,2,0,0,0,0,0,29,30,0,15,3,13,27,605396,12264,0,24,RP
Trevor Cahill,Padres,SDP,NL,51,5,3,4,0,0,0,0,0,75,71,0,34,7,39,70,502239,6249,1,49,RP|SP
Tony Cingrani,Reds,CIN,NL,65,0,3,4,0,0,0,0,0,63,54,0,29,6,35,62,571561,12555,0,65,RP|SP
David Hernandez,Phillies,PHI,NL,70,0,3,3,0,0,0,0,0,51,52,0,23,7,22,54,456696,4259,0,70,RP
Asher Wojciechowski,Marlins,FLA,NL,6,0,0,1,0,0,0,0,0,7,7,0,4,1,2,5,592879,10836,0,0,SP|RP
A.J. Cole,Nationals,WSN,NL,8,8,4,5,0,0,0,0,0,79,82,0,41,10,25,68,595918,11467,8,0,RP|SP
Jeff Manship,Indians,CLE,AL,53,0,2,1,0,0,0,0,0,33,29,0,11,4,14,29,453249,6865,0,53,RP|SP
Andrew Bellatti,Rays,TBD,AL,10,0,1,1,0,0,0,0,0,20,20,0,10,2,8,17,571479,10657,0,0,RP
Josh Collmenter,Braves,ATL,NL,15,2,3,3,0,0,0,0,0,59,60,0,27,7,18,41,518567,7312,0,15,SP
Kyle Gibson,Twins,MIN,AL,25,24,9,11,0,0,0,0,0,171,181,0,81,19,58,130,502043,10123,25,0,SP
Kirby Yates,Angels,ANA,AL,41,0,2,2,0,0,0,0,0,37,35,0,18,5,16,41,489446,9073,0,41,RP
Tyler Clippard,Yankees,NYY,AL,40,0,4,4,0,0,0,0,0,63,51,0,26,9,27,67,461325,5640,0,40,RP
Matt Boyd,Tigers,DET,AL,20,18,8,9,0,0,0,0,0,148,145,0,68,23,42,142,571510,15440,18,2,SP
C.J. Wilson,Angels,ANA,AL,25,16,2,3,0,0,0,0,0,45,43,0,22,5,19,36,450351,3580,0,0,SP
Zack Godley,Diamondbacks,ARI,NL,27,4,3,3,0,0,0,0,0,55,58,0,29,7,20,50,643327,14862,9,18,SP|RP
Shelby Miller,Diamondbacks,ARI,NL,21,24,8,10,0,0,0,0,0,157,166,0,78,18,57,127,571946,10197,20,0,SP
Yohander Mendez,Rangers,TEX,AL,2,1,1,0,0,0,0,0,0,12,11,0,6,1,5,9,622795,14391,0,2,RP
Taylor Guerrieri,Rays,TBD,AL,18,7,4,4,0,0,0,0,0,63,63,0,30,6,22,40,605260,sa597787,0,0,SP
Miguel Gonzalez,White Sox,CHW,AL,24,21,8,9,0,0,0,0,0,154,153,0,71,20,43,120,456068,7024,23,1,SP|RP
Rafael Martin,Nationals,WSN,NL,8,0,1,1,0,0,0,0,0,18,17,0,10,3,8,19,514669,10258,0,8,RP
Brett Anderson,Cubs,CHC,NL,4,12,5,5,0,0,0,0,0,78,87,0,39,9,24,53,474463,8223,3,1,SP
Erasmo Ramirez,,,,59,0,4,6,0,0,0,0,0,75,74,0,32,10,21,58,,1699,0,0,
Reyes Moronta,Giants,SFG,NL,5,0,0,0,0,0,0,0,0,5,5,0,2,1,3,5,,sa597322,0,0,
Jeff Locke,Marlins,FLA,NL,31,9,5,6,0,0,0,0,0,88,93,0,44,9,31,64,502046,2929,19,11,SP
Chris Tillman,Orioles,BAL,AL,30,26,12,9,0,0,0,0,0,176,168,0,83,21,61,140,501957,5279,30,0,SP
Colin Rea,Marlins,FLA,NL,1,9,3,3,0,0,0,0,0,49,49,0,24,5,19,35,607067,12317,1,0,SP
Lucas Luetge,Mariners,SEA,AL,8,0,0,0,0,0,0,0,0,10,11,0,6,1,5,8,476595,8337,0,0,RP
Luis Cessa,Yankees,NYY,AL,17,10,6,6,0,0,0,0,0,97,98,0,49,14,26,82,570666,13345,9,8,RP
Jose Berrios,Twins,MIN,AL,14,17,7,8,0,0,0,0,0,109,104,0,55,14,40,96,621244,14168,14,0,SP
Glenn Sparkman,Blue Jays,TOR,AL,11,1,1,1,0,0,0,0,0,13,13,0,6,2,4,11,,sa738220,0,0,
Jacob Turner,White Sox,CHW,AL,18,0,1,1,0,0,0,0,0,18,22,0,11,2,6,12,545363,10185,2,16,SP
Wade Miley,Orioles,BAL,AL,11,24,9,10,0,0,0,0,0,165,175,0,84,21,53,133,489119,8779,11,0,SP
Carlos Villanueva,Padres,SDP,NL,51,12,6,7,0,0,0,0,0,131,137,0,67,20,35,116,453646,4138,0,51,RP|SP
Tyler Wagner,Rangers,TEX,AL,3,2,1,1,0,0,0,0,0,24,26,0,12,2,9,15,621281,13796,0,3,SP
Jason Vargas,Royals,KCR,AL,3,19,6,7,0,0,0,0,0,124,129,0,59,16,34,90,450306,8044,3,0,SP|RP
Brad Boxberger,Rays,TBD,AL,27,0,4,5,0,0,0,0,0,61,51,0,26,8,32,68,502202,10133,0,27,RP
Christian Friedrich,Padres,SDP,NL,24,22,7,10,0,0,0,0,0,155,161,0,78,17,60,123,543184,7942,23,1,RP|SP
Henderson Alvarez,,,,7,7,2,2,0,0,0,0,0,38,42,0,18,4,10,23,506693,5669,0,0,SP
Anthony Banda,Diamondbacks,ARI,NL,1,1,1,1,0,0,0,0,0,7,7,0,3,1,3,6,,sa599510,0,0,
Noe Ramirez,Red Sox,BOS,AL,14,0,1,1,0,0,0,0,0,24,24,0,12,3,10,23,598287,12800,0,14,RP
Arquimedes Caminero,Mariners,SEA,AL,39,0,3,2,0,0,0,0,0,53,52,0,23,7,25,54,491708,8992,0,39,RP
Nate Smith,Angels,ANA,AL,6,0,1,0,0,0,0,0,0,11,12,0,5,1,3,8,,sa737900,0,0,
Casey Kelly,Braves,ATL,NL,10,1,0,1,0,0,0,0,0,9,11,0,6,1,3,5,543391,9174,1,9,RP
Jesse Chavez,Angels,ANA,AL,23,19,7,8,0,0,0,0,0,138,140,0,64,20,42,122,445926,5448,0,23,RP|SP
Adam Plutko,Indians,CLE,AL,2,0,1,1,0,0,0,0,0,15,15,0,7,2,5,11,592644,15846,0,2,RP
Dana Eveland,Rays,TBD,AL,33,0,1,1,0,0,0,0,0,20,22,0,10,2,10,15,445968,5508,0,33,RP|SP
Kendall Graveman,Athletics,OAK,AL,31,27,10,11,0,0,0,0,0,188,202,0,86,21,52,118,608665,15514,30,1,SP
Vance Worley,Orioles,BAL,AL,35,1,2,2,0,0,0,0,0,42,42,0,18,4,13,26,474699,6435,4,31,SP|RP
Dan Straily,Marlins,FLA,NL,34,25,10,10,0,0,0,0,0,172,158,0,79,22,62,150,573185,9460,31,3,SP
Jason Hammel,Royals,KCR,AL,35,24,10,10,0,0,0,0,0,161,156,0,75,23,46,138,434628,4538,30,0,SP
Jaime Schultz,Rays,TBD,AL,13,1,1,1,0,0,0,0,0,19,16,0,8,2,11,20,,sa708975,0,0,
Tony Sipp,Astros,HOU,AL,60,0,2,3,0,0,0,0,0,49,45,0,22,8,18,54,448609,8280,0,60,RP
Trevor Williams,Pirates,PIT,NL,7,1,2,2,0,0,0,0,0,40,45,0,19,4,13,28,592866,16977,1,6,RP
Cody Reed,Reds,CIN,NL,10,16,6,8,0,0,0,0,0,104,110,0,54,14,38,94,642003,15232,10,0,SP
Justin Nicolino,Marlins,FLA,NL,18,2,2,2,0,0,0,0,0,38,43,0,19,4,9,18,592593,11754,13,5,SP
Jesse Hahn,Athletics,OAK,AL,9,8,2,4,0,0,0,0,0,53,56,0,26,5,21,35,534910,13287,9,0,SP
Tim Hudson,Giants,SFG,NL,4,3,1,1,0,0,0,0,0,18,20,0,9,2,5,10,218596,921,0,0,SP
Nick Pivetta,Phillies,PHI,NL,11,1,1,1,0,0,0,0,0,16,15,0,8,2,6,15,,sa737889,0,0,
Adam Warren,Yankees,NYY,AL,29,1,4,4,0,0,0,0,0,71,65,0,32,9,25,60,476589,9029,1,28,RP|SP
Jake Petricka,White Sox,CHW,AL,9,0,1,1,0,0,0,0,0,34,35,0,14,3,17,28,502593,10534,0,9,RP
Mike Clevinger,Indians,CLE,AL,17,4,3,3,0,0,0,0,0,62,59,0,30,7,27,54,605182,12808,10,7,SP
Clayton Richard,Padres,SDP,NL,26,17,7,9,0,0,0,0,0,137,154,0,64,13,49,87,453385,3551,0,25,RP|SP
Vidal Nuno,Orioles,BAL,AL,55,1,3,3,0,0,0,0,0,59,62,0,27,9,14,49,573064,9674,0,55,RP
Tyler Chatwood,Rockies,COL,NL,27,24,11,9,0,0,0,0,0,167,168,0,76,16,71,122,543022,4338,27,0,SP|RP
Jake Junis,Royals,KCR,AL,7,1,1,1,0,0,0,0,0,12,13,0,6,2,3,9,,sa602414,0,0,
Williams Perez,Braves,ATL,NL,11,1,2,2,0,0,0,0,0,30,30,0,15,3,10,21,554234,11592,11,0,SP
Lucas Giolito,White Sox,CHW,AL,6,15,6,6,0,0,0,0,0,100,92,0,46,12,42,87,608337,15474,4,2,SP
Matt Wisler,Braves,ATL,NL,29,10,5,6,0,0,0,0,0,90,94,0,47,12,28,71,605538,12804,26,1,SP
Patrick Schuster,Phillies,PHI,NL,5,0,1,1,0,0,0,0,0,12,12,0,7,1,7,10,572119,10029,0,5,RP
Adam Morgan,Phillies,PHI,NL,23,3,3,5,0,0,0,0,0,62,69,0,33,9,17,51,605388,12580,21,2,SP
Louis Coleman,Dodgers,LAD,NL,61,0,2,2,0,0,0,0,0,41,38,0,19,5,21,40,488786,9720,0,61,RP
Tom Koehler,Marlins,FLA,NL,33,25,10,12,0,0,0,0,0,173,171,0,83,19,74,141,543408,6570,33,0,SP
JC Ramirez,Angels,ANA,AL,27,3,4,5,0,0,0,0,0,81,81,0,38,10,29,63,500724,8302,0,27,RP
Myles Jaye,Tigers,DET,AL,6,0,0,0,0,0,0,0,0,7,8,0,4,1,2,5,,sa549275,0,0,
Eric O'Flaherty,Braves,ATL,NL,39,0,1,2,0,0,0,0,0,25,31,0,16,3,10,21,447714,5746,0,39,RP
Jacob Faria,Rays,TBD,AL,7,2,1,1,0,0,0,0,0,15,15,0,7,2,7,15,607188,sa598097,0,0,SP
Bud Norris,Angels,ANA,AL,22,1,2,3,0,0,0,0,0,44,44,0,23,6,16,39,502032,9492,10,12,SP|RP
Cody Ege,Angels,ANA,AL,13,0,1,1,0,0,0,0,0,15,15,0,7,1,9,12,643297,15928,0,13,RP
Chad Bell,Tigers,DET,AL,5,0,0,0,0,0,0,0,0,6,6,0,3,1,2,5,,sa392168,0,0,
Spencer Patton,Cubs,CHC,NL,16,0,0,0,0,0,0,0,0,9,8,0,5,1,5,11,607359,12361,0,16,RP
Kris Medlen,Royals,KCR,AL,6,1,1,1,0,0,0,0,0,18,20,0,10,2,9,15,450665,9417,6,0,SP|RP
Braden Shipley,Diamondbacks,ARI,NL,14,8,5,6,0,0,0,0,0,85,91,0,43,9,28,57,640463,15158,11,2,SP
Tommy Kahnle,White Sox,CHW,AL,29,0,2,2,0,0,0,0,0,47,38,0,21,5,30,49,592454,11384,0,29,RP
Casey Fien,Mariners,SEA,AL,25,0,2,2,0,0,0,0,0,42,41,0,20,7,9,38,502272,3926,0,25,RP
Dominic Leone,Diamondbacks,ARI,NL,25,0,2,1,0,0,0,0,0,32,32,0,15,4,14,31,608678,13763,0,25,RP
Aaron Brooks,Athletics,OAK,AL,13,1,1,1,0,0,0,0,0,19,21,0,10,3,5,14,605156,12272,0,0,RP
Drew Gagnon,Brewers,MIL,NL,5,0,0,1,0,0,0,0,0,6,6,0,3,1,2,5,,sa455094,0,0,
Marco Estrada,Blue Jays,TOR,AL,29,25,11,9,0,0,0,0,0,175,149,0,78,25,59,155,462136,1118,29,0,SP|RP
Edward Mujica,Athletics,OAK,AL,17,0,1,1,0,0,0,0,0,17,21,0,10,2,3,11,465629,3970,0,0,RP
Clay Holmes,Pirates,PIT,NL,5,0,0,1,0,0,0,0,0,6,6,0,3,1,2,5,,sa598167,0,0,
Felix Doubront,Athletics,OAK,AL,15,0,1,1,0,0,0,0,0,21,23,0,11,2,8,15,467094,1478,0,0,SP
Dylan Bundy,Orioles,BAL,AL,36,22,10,9,0,0,0,0,0,154,146,0,70,23,56,148,605164,12917,14,22,RP
Tommy Milone,Brewers,MIL,NL,19,4,4,5,0,0,0,0,0,64,69,0,31,9,18,50,543548,7608,12,7,SP
Scott Copeland,Blue Jays,TOR,AL,2,1,1,1,0,0,0,0,0,12,13,0,6,1,5,6,571577,10706,0,0,SP|RP
Jordan Lyles,Rockies,COL,NL,40,3,3,4,0,0,0,0,0,54,64,0,32,5,23,35,543475,7593,5,35,SP
Mark Lowe,Mariners,SEA,AL,54,0,2,3,0,0,0,0,0,53,54,0,29,8,20,51,450275,7416,0,54,RP
Travis Wood,Royals,KCR,AL,81,3,4,3,0,0,0,0,0,77,72,0,35,10,30,65,475243,9884,0,77,RP|SP
Elvis Araujo,Phillies,PHI,NL,32,0,1,2,0,0,0,0,0,24,25,0,11,3,14,24,542587,12854,0,32,RP
Dustin Molleken,Tigers,DET,AL,4,0,1,1,0,0,0,0,0,17,17,0,9,1,10,14,451783,6200,0,4,RP
Justin De Fratus,Phillies,PHI,NL,10,0,0,1,0,0,0,0,0,13,13,0,6,1,5,9,518603,4955,0,0,RP
Chi Chi Gonzalez,Rangers,TEX,AL,3,2,2,2,0,0,0,0,0,32,35,0,18,2,14,19,592346,14663,3,0,SP
Johnny Barbato,Yankees,NYY,AL,13,0,1,1,0,0,0,0,0,11,11,0,6,2,5,12,592127,11440,0,13,RP
Ian Kennedy,Royals,KCR,AL,33,27,11,11,0,0,0,0,0,191,180,0,85,30,63,179,453178,6986,33,0,SP
Kyle Crick,Giants,SFG,NL,12,3,3,3,0,0,0,0,0,50,54,0,30,3,30,39,605195,sa597770,0,0,SP
Wilmer Font,Rangers,TEX,AL,3,0,1,1,0,0,0,0,0,10,12,0,6,1,3,7,521655,5257,0,0,RP
Josh Osich,Giants,SFG,NL,59,0,2,2,0,0,0,0,0,35,30,0,15,4,16,31,592612,11528,0,59,RP
Tom Wilhelmsen,Diamondbacks,ARI,NL,29,0,2,2,0,0,0,0,0,37,36,0,19,4,16,31,452666,9975,0,29,RP
Ubaldo Jimenez,Orioles,BAL,AL,30,22,8,9,0,0,0,0,0,144,144,0,75,17,66,124,434622,3374,25,5,SP
Aaron Blair,Braves,ATL,NL,15,9,3,4,0,0,0,0,0,66,68,0,37,8,29,57,594760,14934,15,0,SP
Amir Garrett,Reds,CIN,NL,11,9,3,4,0,0,0,0,0,57,55,0,28,6,28,49,607237,sa599236,0,0,SP
Anibal Sanchez,Tigers,DET,AL,35,20,8,10,0,0,0,0,0,142,147,0,75,20,47,119,434671,3284,26,9,SP
Marco Gonzales,Cardinals,STL,NL,26,1,1,2,0,0,0,0,0,31,35,0,17,4,11,25,594835,15467,0,0,SP
Chasen Shreve,Yankees,NYY,AL,37,0,2,2,0,0,0,0,0,40,35,0,17,6,17,43,592741,10855,0,37,RP
Matt Thornton,Padres,SDP,NL,18,0,0,0,0,0,0,0,0,9,10,0,5,1,3,6,407819,1918,0,18,RP
Pedro Villarreal,Reds,CIN,NL,7,0,1,1,0,0,0,0,0,12,13,0,6,2,3,8,543881,9904,0,0,RP
Daniel Webb,White Sox,CHW,AL,1,6,3,4,0,0,0,0,0,63,71,0,31,5,37,54,543900,10558,0,1,RP
Chih-Wei Hu,Rays,TBD,AL,1,1,0,1,0,0,0,0,0,6,7,0,3,1,2,4,,sa739600,0,0,
Brooks Pounders,Angels,ANA,AL,13,3,2,2,0,0,0,0,0,30,30,0,14,4,13,29,572044,10387,0,13,RP
Hoby Milner,Phillies,PHI,NL,12,0,1,1,0,0,0,0,0,12,13,0,6,2,4,9,,sa503539,0,0,
Jake Peavy,,,,31,4,3,4,0,0,0,0,0,62,64,0,32,9,18,51,408241,1051,21,10,SP
C.J. Riefenhauser,Rays,TBD,AL,16,0,1,1,0,0,0,0,0,15,12,0,6,2,8,13,592677,11193,0,0,RP
Alexi Ogando,Braves,ATL,NL,36,0,1,0,0,0,0,0,0,15,15,0,7,1,10,13,468396,10261,0,36,RP|SP
Jimmy Nelson,Brewers,MIL,NL,32,24,9,11,0,0,0,0,0,166,166,0,82,20,69,135,519076,10547,32,0,SP
R.A. Dickey,Braves,ATL,NL,31,26,10,11,0,0,0,0,0,184,178,0,87,24,66,144,285079,1245,29,1,SP
Ryan Weber,Braves,ATL,NL,16,0,1,1,0,0,0,0,0,30,35,0,14,4,6,17,543901,10160,2,14,SP
Nefi Ogando,Reds,CIN,NL,14,0,1,1,0,0,0,0,0,16,14,0,8,1,8,11,596331,12253,0,14,RP
Dustin McGowan,Marlins,FLA,NL,55,0,3,3,0,0,0,0,0,55,51,0,24,6,28,51,430661,8600,0,55,RP|SP
Huston Street,Angels,ANA,AL,26,0,3,3,0,0,0,0,0,50,49,0,23,7,19,42,434718,8258,0,26,RP
Michael Mariot,Phillies,PHI,NL,25,0,1,1,0,0,0,0,0,16,14,0,7,2,8,16,592527,10835,0,25,RP
Ben Heller,Yankees,NYY,AL,10,0,2,1,0,0,0,0,0,26,24,0,12,4,10,26,621294,15100,0,10,RP
Tyler Danish,White Sox,CHW,AL,3,1,1,2,0,0,0,0,0,19,27,0,13,1,9,11,641501,15126,0,3,RP
Kevin McCarthy,Royals,KCR,AL,10,0,2,1,0,0,0,0,0,31,32,0,15,3,13,23,641838,15240,0,10,RP
CC Sabathia,Yankees,NYY,AL,30,22,8,9,0,0,0,0,0,155,159,0,78,22,54,129,282332,404,30,0,SP
Ryne Stanek,Rays,TBD,AL,5,0,0,1,0,0,0,0,0,6,5,0,3,1,3,5,,sa548245,0,0,
Rookie Davis,Reds,CIN,NL,24,2,3,3,0,0,0,0,0,44,47,0,23,6,14,33,606959,sa599174,0,0,SP
Anthony Bass,Rangers,TEX,AL,4,0,0,0,0,0,0,0,0,8,9,0,4,1,3,5,542914,7982,0,0,RP
Alec Asher,Orioles,BAL,AL,5,6,2,3,0,0,0,0,0,42,43,0,21,6,10,27,594742,13560,5,0,SP
John Lamb,Reds,CIN,NL,14,3,2,3,0,0,0,0,0,44,46,0,23,6,17,37,543424,8493,14,0,SP
Tim Adleman,Reds,CIN,NL,13,20,7,9,0,0,0,0,0,135,135,0,68,18,42,101,534947,10968,13,0,SP
Mike Bolsinger,Blue Jays,TOR,AL,6,6,3,4,0,0,0,0,0,65,67,0,34,9,26,59,502211,11137,6,0,SP|RP
Rubby de la Rosa,Diamondbacks,ARI,NL,13,1,2,2,0,0,0,0,0,34,33,0,16,5,12,29,523989,3862,10,3,SP
Jason Hursh,Braves,ATL,NL,2,0,0,1,0,0,0,0,0,13,16,0,9,1,7,9,592422,14914,0,2,RP
David Buchanan,Phillies,PHI,NL,8,8,2,3,0,0,0,0,0,44,51,0,24,4,15,23,571527,11176,0,0,SP
T.J. McFarland,Orioles,BAL,AL,16,0,1,1,0,0,0,0,0,22,25,0,12,2,7,10,519008,3237,0,16,RP
Mat Latos,Blue Jays,TOR,AL,11,1,1,1,0,0,0,0,0,25,26,0,13,3,9,18,502009,3815,11,0,SP
Nathan Eovaldi,Yankees,NYY,AL,24,7,3,2,0,0,0,0,0,40,41,0,19,6,12,33,543135,9132,21,3,SP
Tanner Scheppers,Rangers,TEX,AL,10,0,2,2,0,0,0,0,0,42,40,0,21,5,19,34,489294,10267,0,10,RP|SP
Tyler Wilson,Orioles,BAL,AL,24,3,3,3,0,0,0,0,0,54,62,0,29,7,14,33,592869,12691,13,11,RP
Brandon Workman,Red Sox,BOS,AL,16,1,2,2,0,0,0,0,0,27,29,0,14,4,10,22,519443,11428,0,0,SP|RP
Mike Pelfrey,,,,24,12,5,7,0,0,0,0,0,99,121,0,54,10,35,53,460059,5203,22,2,SP
Lucas Sims,Braves,ATL,NL,6,0,0,1,0,0,0,0,0,11,10,0,5,1,6,11,,sa657914,0,0,
Sam LeCure,Reds,CIN,NL,3,0,0,0,0,0,0,0,0,5,6,0,3,1,2,4,459967,4664,0,0,RP
Wily Peralta,Brewers,MIL,NL,23,23,8,11,0,0,0,0,0,158,180,0,83,20,55,117,503449,7738,23,0,SP
Jason Garcia,Orioles,BAL,AL,12,0,1,1,0,0,0,0,0,21,24,0,13,2,10,13,592329,12143,0,0,RP
Zac Curtis,Mariners,SEA,AL,21,0,1,1,0,0,0,0,0,19,17,0,9,3,11,22,657205,16684,0,21,RP
Bryan Mitchell,Yankees,NYY,AL,5,15,5,7,0,0,0,0,0,107,111,0,55,12,50,85,571951,11479,5,0,RP
Chris Heston,Mariners,SEA,AL,4,5,2,5,0,0,0,0,0,53,57,0,29,5,23,36,518790,10302,0,4,RP
Joel De La Cruz,Braves,ATL,NL,22,0,1,1,0,0,0,0,0,24,26,0,13,3,9,17,503444,12825,9,13,RP
Chase Johnson,Giants,SFG,NL,2,1,0,0,0,0,0,0,0,9,9,0,4,1,4,7,,sa549740,0,0,
Andrew Bailey,Angels,ANA,AL,12,0,2,2,0,0,0,0,0,47,45,0,24,7,19,43,457732,1368,0,12,RP
Chase Anderson,Brewers,MIL,NL,31,23,8,10,0,0,0,0,0,148,152,0,75,21,47,117,502624,6895,30,1,SP
Neftali Feliz,Brewers,MIL,NL,62,0,3,3,0,0,0,0,0,58,49,0,25,10,23,62,491703,18,0,62,RP|SP
Zach Lee,Padres,SDP,NL,18,2,1,2,0,0,0,0,0,29,35,0,19,4,9,20,545346,11468,0,0,RP
Hunter Wood,Rays,TBD,AL,1,1,0,1,0,0,0,0,0,6,6,0,3,1,2,4,,sa658913,0,0,
Phil Hughes,Twins,MIN,AL,12,15,5,7,0,0,0,0,0,108,125,0,56,18,17,73,461833,7450,11,1,SP
Scott Feldman,Reds,CIN,NL,26,15,7,8,0,0,0,0,0,129,138,0,63,17,37,87,444857,6283,5,21,SP|RP
Matt Marksberry,Braves,ATL,NL,4,0,1,1,0,0,0,0,0,14,15,0,6,2,6,11,621408,15089,0,4,RP
Kevin Gadea,Rays,TBD,AL,10,0,0,0,0,0,0,0,0,10,10,0,5,1,5,9,,sa735841,0,0,
Wandy Peralta,Reds,CIN,NL,10,0,1,1,0,0,0,0,0,29,31,0,15,3,15,22,593974,14295,0,10,RP
Brad Peacock,Astros,HOU,AL,10,3,3,3,0,0,0,0,0,56,53,0,29,7,24,47,502748,5401,5,5,SP
Jean Machi,Red Sox,BOS,AL,9,0,0,0,0,0,0,0,0,10,10,0,5,1,3,8,466948,3220,0,0,RP
Matt Garza,Brewers,MIL,NL,19,19,6,9,0,0,0,0,0,134,149,0,72,17,47,97,490063,3340,19,0,SP
Jose Dominguez,Padres,SDP,NL,34,0,2,2,0,0,0,0,0,33,31,0,17,3,22,30,523848,11571,0,34,RP
Jake Esch,Padres,SDP,NL,3,2,1,2,0,0,0,0,0,27,29,0,14,3,11,17,605222,12756,3,0,SP
Shane Carle,Rockies,COL,NL,1,1,0,1,0,0,0,0,0,6,8,0,3,1,2,4,,sa737893,0,0,
Luis Ysla,Red Sox,BOS,AL,5,0,0,0,0,0,0,0,0,5,6,0,3,1,3,5,,sa739569,0,0,
Jarrett Grube,Angels,ANA,AL,2,0,0,1,0,0,0,0,0,11,12,0,6,2,3,8,459439,7553,0,0,RP
Josh Smith,Reds,CIN,NL,33,1,2,3,0,0,0,0,0,40,45,0,22,5,15,30,595001,10946,2,30,SP
David Rollins,Mariners,SEA,AL,11,0,1,1,0,0,0,0,0,16,17,0,9,2,5,12,543716,11928,0,11,RP
Michael Blazek,Brewers,MIL,NL,42,0,3,2,0,0,0,0,0,47,49,0,24,6,23,41,518468,9654,0,41,RP
Connor Sadzeck,Rangers,TEX,AL,16,3,3,2,0,0,0,0,0,41,44,0,24,5,19,33,592712,sa550247,0,0,SP
Yovani Gallardo,Mariners,SEA,AL,24,24,9,9,0,0,0,0,0,154,157,0,74,18,61,110,451596,8173,23,0,SP
Phil Klein,Phillies,PHI,NL,4,1,1,1,0,0,0,0,0,17,16,0,9,2,7,15,607309,12675,2,2,RP|SP
Jorge de la Rosa,Diamondbacks,ARI,NL,27,2,3,2,0,0,0,0,0,49,49,0,24,7,21,42,407822,2047,24,3,SP
Javier Lopez,Giants,SFG,NL,68,19,2,2,0,0,0,0,0,29,25,0,12,3,14,19,425657,1663,0,68,RP
Zach Eflin,Phillies,PHI,NL,11,8,3,5,0,0,0,0,0,68,71,0,37,10,17,43,621107,13774,11,0,SP
Williams Jerez,Red Sox,BOS,AL,5,0,0,0,0,0,0,0,0,5,5,0,3,1,3,4,605301,sa597797,0,0,
Carson Fulmer,White Sox,CHW,AL,8,9,3,6,0,0,0,0,0,71,70,0,42,8,40,66,608334,18311,0,8,RP
Logan Darnell,Twins,MIN,AL,4,1,1,1,0,0,0,0,0,20,25,0,12,2,8,9,592244,11261,0,0,RP
Sean Burnett,Nationals,WSN,NL,10,0,1,1,0,0,0,0,0,18,17,0,7,2,6,11,430634,1886,0,10,RP
Nick Martinez,Rangers,TEX,AL,12,5,2,2,0,0,0,0,0,34,40,0,19,4,11,21,607259,12730,5,7,SP|RP
Tim Cooney,Indians,CLE,AL,16,1,1,1,0,0,0,0,0,23,23,0,11,3,7,16,608641,13762,0,0,SP
Matt Carasiti,Rockies,COL,NL,19,0,1,1,0,0,0,0,0,19,20,0,10,3,7,18,571539,13276,0,19,RP
Lucas Harrell,,,,5,1,2,2,0,0,0,0,0,34,37,0,18,3,19,24,449173,7541,5,0,SP
Tim Collins,Royals,KCR,AL,15,0,1,1,0,0,0,0,0,16,13,0,7,2,8,16,525768,3164,0,0,RP
Justin Masterson,Red Sox,BOS,AL,9,3,2,2,0,0,0,0,0,29,36,0,19,3,14,18,475416,2038,0,0,SP
Josh Tomlin,Indians,CLE,AL,30,24,11,9,0,0,0,0,0,175,184,0,84,32,24,128,458708,9388,29,1,SP
Raul Alcantara,Athletics,OAK,AL,5,5,3,4,0,0,0,0,0,53,59,0,29,8,12,35,593417,12790,5,0,SP
Mark Appel,Phillies,PHI,NL,9,5,2,4,0,0,0,0,0,43,48,0,25,5,20,35,,sa501726,0,0,
Ryan Cook,Red Sox,BOS,AL,16,0,1,1,0,0,0,0,0,16,17,0,9,2,9,14,475857,8855,0,0,RP
Pierce Johnson,Cubs,CHC,NL,26,3,2,3,0,0,0,0,0,38,35,0,20,4,22,34,572955,sa501771,0,0,SP
Roenis Elias,Red Sox,BOS,AL,3,12,5,6,0,0,0,0,0,67,71,0,40,8,30,52,606273,12673,1,2,SP
Andrew Cashner,Rangers,TEX,AL,12,23,8,9,0,0,0,0,0,149,161,0,80,20,57,116,488768,8782,11,1,SP|RP
Taylor Jungmann,Brewers,MIL,NL,8,3,1,3,0,0,0,0,0,36,35,0,21,3,20,27,543380,13119,6,2,SP
Doug Fister,,,,32,23,9,10,0,0,0,0,0,163,181,0,82,22,47,98,450729,9425,32,0,SP
Nick Travieso,Reds,CIN,NL,1,1,0,1,0,0,0,0,0,6,7,0,3,1,3,5,,sa657906,0,0,
Logan Ondrusek,Orioles,BAL,AL,7,0,1,1,0,0,0,0,0,21,24,0,14,3,8,18,446185,3677,0,7,RP
Colby Lewis,,,,19,22,9,10,0,0,0,0,0,160,167,0,80,25,40,111,407890,1259,19,0,SP
Jake Thompson,Phillies,PHI,NL,10,8,3,4,0,0,0,0,0,56,55,0,29,7,23,41,622097,14371,10,0,SP
Henry Owens,Red Sox,BOS,AL,5,3,2,2,0,0,0,0,0,33,31,0,17,4,19,29,596064,13143,5,0,SP
Keury Mella,Reds,CIN,NL,1,1,0,1,0,0,0,0,0,6,7,0,3,1,3,4,,sa657486,0,0,
Yohan Flande,Rockies,COL,NL,2,1,0,0,0,0,0,0,0,10,15,0,8,1,5,5,456071,5057,0,2,SP|RP
Brandon Finnegan,Reds,CIN,NL,33,27,10,11,0,0,0,0,0,179,162,0,82,27,80,165,605232,16208,31,0,SP
Adam Wilk,Angels,ANA,AL,19,0,1,2,0,0,0,0,0,26,30,0,15,4,7,18,573244,8421,0,0,RP|SP
Andrew Albers,Twins,MIN,AL,6,6,3,2,0,0,0,0,0,56,75,0,31,7,18,34,452027,7853,2,4,RP
Andrew Edwards,Royals,KCR,AL,10,0,0,0,0,0,0,0,0,12,13,0,6,1,6,10,,sa738219,0,0,
Buck Farmer,Tigers,DET,AL,14,5,2,3,0,0,0,0,0,40,42,0,22,5,17,31,571656,14814,1,13,RP|SP
Phil Coke,Pirates,PIT,NL,3,0,0,0,0,0,0,0,0,6,6,0,3,1,3,4,457435,5535,0,3,RP
Ariel Miranda,Mariners,SEA,AL,1,9,5,5,0,0,0,0,0,89,86,0,43,13,32,68,664641,17526,0,1,RP
Matt Albers,,,,58,0,1,2,0,0,0,0,0,28,30,0,15,4,9,19,458006,4300,1,57,RP
Kevin Jepsen,,,,33,0,2,3,0,0,0,0,0,38,38,0,18,6,15,33,448178,6475,0,33,RP
Dale Thayer,Padres,SDP,NL,6,0,0,0,0,0,0,0,0,6,5,0,2,1,2,4,445612,5032,0,0,RP
Brandon Gomes,Rays,TBD,AL,8,0,0,1,0,0,0,0,0,8,7,0,4,1,2,6,460156,2267,0,0,RP
Chien-Ming Wang,Royals,KCR,AL,38,0,1,1,0,0,0,0,0,18,21,0,9,2,6,10,425426,2074,0,38,SP|RP
Derek Holland,White Sox,CHW,AL,22,15,6,7,0,0,0,0,0,102,107,0,53,15,34,76,502706,4141,20,2,SP
Dario Alvarez,Rangers,TEX,AL,16,0,2,1,0,0,0,0,0,24,23,0,14,4,11,27,516714,14239,0,16,RP
Keyvius Sampson,,,,18,1,2,2,0,0,0,0,0,39,38,0,20,5,22,36,572102,10039,2,16,SP
Caleb Cotham,Reds,CIN,NL,23,0,0,1,0,0,0,0,0,9,10,0,6,1,3,8,571584,10075,0,23,RP
Yency Almonte,Rockies,COL,NL,1,1,0,1,0,0,0,0,0,6,7,0,4,1,3,5,,sa658334,0,0,
Jeff Hoffman,Rockies,COL,NL,8,18,6,8,0,0,0,0,0,117,126,0,64,17,49,97,656546,17432,6,2,SP
Scott Oberg,Rockies,COL,NL,24,0,2,2,0,0,0,0,0,43,43,0,22,6,20,36,623184,13911,0,24,RP
Chris Flexen,Mets,NYM,NL,5,0,0,1,0,0,0,0,0,6,7,0,4,1,3,4,,sa658306,0,0,
Neal Cotts,Twins,MIN,AL,12,0,1,1,0,0,0,0,0,16,17,0,8,2,6,13,425840,1797,0,0,RP
Anthony Swarzak,White Sox,CHW,AL,26,0,1,2,0,0,0,0,0,27,28,0,14,4,7,19,461872,7466,0,26,RP
Bryan Morris,Marlins,FLA,NL,24,0,0,0,0,0,0,0,0,12,12,0,5,2,5,9,457768,10234,0,24,RP
Jon Niese,Mets,NYM,NL,6,7,4,5,0,0,0,0,0,78,88,0,40,11,27,53,477003,4424,2,4,SP
Tim Lincecum,,,,9,3,1,2,0,0,0,0,0,26,28,0,15,3,11,20,453311,5705,9,0,SP
Duane Underwood Jr.,Cubs,CHC,NL,5,0,0,0,0,0,0,0,0,5,5,0,3,1,3,4,,sa657936,0,0,
Matt Harrison,,,,1,1,0,0,0,0,0,0,0,8,9,0,4,1,3,5,457448,5551,0,0,SP|RP
Jarred Cosart,Padres,SDP,NL,4,13,4,6,0,0,0,0,0,85,89,0,46,8,45,56,543054,10304,4,0,SP
Andrew Heaney,Angels,ANA,AL,1,3,1,1,0,0,0,0,0,13,13,0,6,2,4,12,571760,15423,1,0,SP
Jesse Biddle,Phillies,PHI,NL,8,0,0,1,0,0,0,0,0,9,10,0,5,1,5,7,592145,sa548186,0,0,SP
Jeremy Affeldt,Giants,SFG,NL,8,0,0,0,0,0,0,0,0,5,6,0,3,1,2,3,346793,583,0,0,RP
Dillon Overton,Mariners,SEA,AL,7,1,1,1,0,0,0,0,0,21,24,0,12,3,6,16,592614,15627,5,2,RP
T.J. House,Indians,CLE,AL,4,1,1,2,0,0,0,0,0,31,41,0,17,3,16,20,543334,9121,0,4,SP
Nick Tepesch,Dodgers,LAD,NL,1,1,1,2,0,0,0,0,0,24,28,0,13,3,7,12,519344,11716,1,0,SP
Brian Johnson,Red Sox,BOS,AL,12,7,4,5,0,0,0,0,0,57,63,0,34,7,28,42,598271,14272,0,0,SP
Chris Capuano,,,,16,0,1,1,0,0,0,0,0,28,29,0,14,4,13,25,425626,1701,0,16,RP|SP
Andre Rienzo,Marlins,FLA,NL,16,0,1,1,0,0,0,0,0,17,17,0,9,2,10,13,516589,3507,0,0,RP
Ross Detwiler,Athletics,OAK,AL,7,2,2,2,0,0,0,0,0,43,51,0,26,6,17,28,446321,2859,0,7,RP|SP
Jimmy Cordero,Nationals,WSN,NL,6,0,0,0,0,0,0,0,0,7,7,0,4,1,3,5,622772,sa680023,0,0,
Logan Verrett,Orioles,BAL,AL,35,5,3,5,0,0,0,0,0,75,84,0,43,10,28,50,548337,12905,12,23,RP
Kyle Mcgowin,Angels,ANA,AL,14,0,1,1,0,0,0,0,0,13,15,0,9,2,6,10,,sa738327,0,0,
Ryan Vogelsong,,,,24,3,3,4,0,0,0,0,0,57,61,0,31,8,23,40,285064,1011,14,10,SP
Bronson Arroyo,Reds,CIN,NL,14,14,4,5,0,0,0,0,0,82,90,0,45,12,24,49,276520,978,0,0,SP
John Danks,,,,4,1,1,2,0,0,0,0,0,26,27,0,14,4,10,18,433579,6329,4,0,SP
Jason Motte,Rockies,COL,NL,30,0,2,2,0,0,0,0,0,40,45,0,21,7,13,31,435400,5861,0,30,RP
Bo Schultz,Blue Jays,TOR,AL,16,0,1,1,0,0,0,0,0,22,23,0,12,3,7,14,544759,5028,0,16,RP
Matt Cain,Giants,SFG,NL,21,10,4,6,0,0,0,0,0,86,92,0,47,14,30,67,430912,4732,17,4,SP
Ross Ohlendorf,,,,64,0,1,2,0,0,0,0,0,27,26,0,14,5,12,26,456027,8268,0,64,RP|SP
Javy Guerra,Angels,ANA,AL,7,0,0,1,0,0,0,0,0,10,10,0,5,1,6,7,457915,7407,0,7,RP
Conner Greene,Blue Jays,TOR,AL,2,1,1,1,0,0,0,0,0,13,14,0,8,1,6,8,,sa737829,0,0,
Miguel Castro,Rockies,COL,NL,19,0,1,1,0,0,0,0,0,24,25,0,13,4,12,22,612434,15684,0,19,RP
Pat Light,Pirates,PIT,NL,2,0,1,1,0,0,0,0,0,24,23,0,14,3,16,23,572990,13427,0,2,RP
Edwin Jackson,,,,8,4,4,6,0,0,0,0,0,76,83,0,46,11,34,59,429719,1841,0,8,SP|RP
Alex Torres,Mets,NYM,NL,7,0,0,0,0,0,0,0,0,6,6,0,3,1,4,6,456776,7038,0,0,RP
J.B. Wendelken,Athletics,OAK,AL,8,0,0,0,0,0,0,0,0,9,9,0,5,1,4,8,605525,14506,0,8,RP
Joe Beimel,,,,24,0,1,1,0,0,0,0,0,24,26,0,12,3,9,15,346847,979,0,0,RP
Aaron Harang,,,,11,11,3,5,0,0,0,0,0,67,74,0,37,10,22,45,421685,1451,0,0,SP
Miguel Diaz,Padres,SDP,NL,40,3,2,3,0,0,0,0,0,50,53,0,27,7,25,39,,sa657924,0,0,
Mike Minor,Royals,KCR,AL,42,0,2,3,0,0,0,0,0,50,54,0,28,8,20,42,501985,10021,0,0,SP
Neil Ramirez,Twins,MIN,AL,8,0,2,1,0,0,0,0,0,27,22,0,12,5,15,30,519166,7677,0,8,RP
Mike Wright,Orioles,BAL,AL,18,10,3,4,0,0,0,0,0,65,72,0,36,10,20,40,605541,12586,12,6,SP
Edwin Escobar,Diamondbacks,ARI,NL,25,0,1,1,0,0,0,0,0,13,16,0,9,2,6,10,546276,10337,2,23,RP
Eric Stults,,,,4,4,1,1,0,0,0,0,0,22,24,0,12,3,6,14,445590,8011,0,0,SP
Taylor Williams,Brewers,MIL,NL,6,0,0,0,0,0,0,0,0,7,8,0,4,1,3,6,,sa737785,0,0,
Gonzalez Germen,Rockies,COL,NL,40,0,1,1,0,0,0,0,0,16,16,0,9,2,9,14,542674,5876,0,40,RP
Mike Mayers,Cardinals,STL,NL,4,1,1,2,0,0,0,0,0,21,25,0,13,3,8,16,594577,15451,1,3,SP
Tyrell Jenkins,Padres,SDP,NL,14,2,2,2,0,0,0,0,0,34,36,0,18,4,16,20,592433,11378,8,6,SP
Craig Breslow,Twins,MIN,AL,15,0,1,1,0,0,0,0,0,18,23,0,11,2,8,13,444520,4363,0,15,RP
Matt Purke,White Sox,CHW,AL,12,0,1,2,0,0,0,0,0,19,20,0,11,2,11,15,545357,12831,0,12,RP
Rafael Montero,Mets,NYM,NL,9,1,1,2,0,0,0,0,0,23,25,0,14,3,13,19,606160,12760,3,6,RP
Andrew Faulkner,Rangers,TEX,AL,9,0,1,1,0,0,0,0,0,19,18,0,10,3,10,15,605226,12982,0,9,RP
Drew Rucinski,Angels,ANA,AL,29,1,1,3,0,0,0,0,0,29,36,0,20,4,11,19,607968,12499,0,0,RP
Jose Valdez,Angels,ANA,AL,25,0,1,2,0,0,0,0,0,26,22,0,12,3,15,21,572308,14470,0,25,RP
Ricardo Pinto,Phillies,PHI,NL,1,1,0,1,0,0,0,0,0,6,7,0,4,1,3,4,,sa656014,0,0,
Frank Garces,Padres,SDP,NL,5,1,0,0,0,0,0,0,0,7,7,0,4,1,3,6,571057,13144,0,0,RP
Eddie Butler,Cubs,CHC,NL,17,3,3,3,0,0,0,0,0,47,54,0,27,7,18,29,572750,13453,9,8,SP
Dillon Gee,Rangers,TEX,AL,33,1,1,2,0,0,0,0,0,32,37,0,17,5,9,22,518716,7396,14,19,RP|SP
Jarrod Parker,,,,1,1,0,0,0,0,0,0,0,7,8,0,4,1,2,5,519105,4913,0,0,SP
Akeel Morris,Mets,NYM,NL,12,0,1,0,0,0,0,0,0,14,13,0,8,2,10,17,592570,12185,0,0,RP
A.J. Achter,Angels,ANA,AL,27,0,2,1,0,0,0,0,0,29,26,0,13,5,11,24,592091,11387,0,27,RP
Brett Oberholtzer,Angels,ANA,AL,11,1,3,4,0,0,0,0,0,53,64,0,32,9,17,37,519085,3855,2,9,SP|RP
Sean O'Sullivan,Red Sox,BOS,AL,5,3,1,1,0,0,0,0,0,15,19,0,10,2,5,9,457711,9137,4,1,SP
Jorge Lopez,Brewers,MIL,NL,8,1,1,2,0,0,0,0,0,20,23,0,12,3,10,17,605347,14527,0,0,RP
Miguel Almonte,Royals,KCR,AL,17,1,2,3,0,0,0,0,0,28,29,0,15,4,14,24,602083,14139,0,0,RP
Paul Clemens,,,,2,13,5,7,0,0,0,0,0,101,104,0,54,15,43,75,518560,8037,2,0,RP
James Shields,White Sox,CHW,AL,22,26,8,12,0,0,0,0,0,183,191,0,99,33,72,158,448306,7059,22,0,SP
Jered Weaver,Padres,SDP,NL,31,13,6,9,0,0,0,0,0,121,133,0,65,21,33,77,450308,4235,31,0,SP
Ryan Borucki,Blue Jays,TOR,AL,1,1,0,1,0,0,0,0,0,5,6,0,3,1,2,3,,sa658266,0,0,
Hector Santiago,Twins,MIN,AL,22,26,9,11,0,0,0,0,0,176,173,0,91,29,73,139,502327,4026,22,0,SP
Domingo German,Yankees,NYY,AL,6,0,0,0,0,0,0,0,0,7,8,0,4,1,3,5,593334,sa548637,0,0,SP
Chris Beck,White Sox,CHW,AL,25,1,2,2,0,0,0,0,0,34,41,0,20,5,17,24,571476,13418,0,25,SP
James Pazos,Mariners,SEA,AL,7,0,1,1,0,0,0,0,0,21,19,0,10,4,11,22,572021,13323,0,7,RP
Joseph Colon,Indians,CLE,AL,11,0,1,2,0,0,0,0,0,25,25,0,14,4,12,21,571572,4920,0,11,RP
Jake Smith,Padres,SDP,NL,4,0,1,1,0,0,0,0,0,18,18,0,10,3,12,18,607727,14379,0,4,RP
Josh Lindblom,Athletics,OAK,AL,1,1,0,0,0,0,0,0,0,5,5,0,3,1,2,4,458676,7882,0,0,SP|RP
Al Alburquerque,Royals,KCR,AL,2,0,1,1,0,0,0,0,0,19,18,0,9,3,11,20,456379,6324,0,2,RP
Kevin Correia,Phillies,PHI,NL,1,1,0,1,0,0,0,0,0,5,8,0,4,1,2,3,429781,1767,0,0,SP
Alfredo Simon,,,,15,1,1,2,0,0,0,0,0,27,31,0,16,4,10,18,430580,2155,11,4,SP|RP
Justin Marks,Rays,TBD,AL,4,0,1,1,0,0,0,0,0,16,17,0,9,2,8,12,476123,10265,0,4,RP
Max Fried,Braves,ATL,NL,1,1,0,1,0,0,0,0,0,5,6,0,3,1,3,4,,sa657860,0,0,
Frank Herrmann,Phillies,PHI,NL,14,0,1,1,0,0,0,0,0,17,20,0,10,4,5,15,497807,7960,0,14,RP
Luke Jackson,Rangers,TEX,AL,8,0,0,0,0,0,0,0,0,11,11,0,6,2,7,12,592426,11752,0,8,RP
A.J. Griffin,Rangers,TEX,AL,23,13,5,6,0,0,0,0,0,106,107,0,58,21,38,92,456167,11132,23,0,SP
Steve Delabar,Reds,CIN,NL,7,0,0,0,0,0,0,0,0,6,5,0,4,1,5,7,447755,11827,0,7,RP
Chris Lee,Orioles,BAL,AL,6,0,0,1,0,0,0,0,0,8,9,0,5,1,4,4,595296,sa550044,0,0,RP
Sam Freeman,Brewers,MIL,NL,7,0,0,0,0,0,0,0,0,12,15,0,8,1,8,9,518693,6832,0,7,RP
Greg Mahle,Angels,ANA,AL,24,0,1,1,0,0,0,0,0,26,30,0,16,4,11,20,657670,16877,0,24,RP
Robert Stephenson,Reds,CIN,NL,8,12,4,6,0,0,0,0,0,77,73,0,44,13,43,70,596112,13594,8,0,SP
Jim Henderson,,,,44,0,2,2,0,0,0,0,0,36,36,0,18,7,17,33,449104,6653,0,44,RP
Brady Dragmire,Blue Jays,TOR,AL,13,0,1,1,0,0,0,0,0,13,15,0,7,2,6,7,607170,sa598911,0,0,
Brandon Morrow,Padres,SDP,NL,18,0,1,1,0,0,0,0,0,21,28,0,13,4,8,14,453344,9346,0,18,SP
Wandy Rodriguez,Rangers,TEX,AL,2,2,1,1,0,0,0,0,0,11,13,0,6,2,4,9,434643,2586,0,0,SP
Kyle Kendrick,Red Sox,BOS,AL,4,4,1,2,0,0,0,0,0,24,28,0,14,4,7,14,452718,6230,0,0,SP
Chris Young,Royals,KCR,AL,34,3,3,5,0,0,0,0,0,65,66,0,35,13,27,55,432934,3196,13,21,SP
Pat Dean,Twins,MIN,AL,19,4,1,2,0,0,0,0,0,25,31,0,16,5,7,15,534737,11350,9,10,RP
Jason Marquis,Reds,CIN,NL,1,1,0,1,0,0,0,0,0,6,8,0,4,1,2,5,150302,105,0,0,SP
Manny Banuelos,Braves,ATL,NL,3,1,0,1,0,0,0,0,0,12,14,0,8,2,7,8,544365,5365,0,0,SP
Joel Peralta,Cubs,CHC,NL,5,0,1,0,0,0,0,0,0,12,11,0,6,3,3,12,407908,2332,0,5,RP
Steve Johnson,Mariners,SEA,AL,16,0,0,0,0,0,0,0,0,7,6,0,3,1,4,6,489002,4053,0,16,SP
Cesar Ramos,Rangers,TEX,AL,16,2,1,1,0,0,0,0,0,20,23,0,11,4,8,15,459987,3357,4,12,RP|SP
Jose Alvarado,Rays,TBD,AL,5,0,0,0,0,0,0,0,0,5,5,0,3,1,4,4,,sa656049,0,0,
Jairo Labourt,Tigers,DET,AL,5,0,0,1,0,0,0,0,0,6,6,0,4,1,4,4,607951,sa598267,0,0,
Steve Geltz,Rays,TBD,AL,27,0,1,1,0,0,0,0,0,26,22,0,12,6,11,26,544993,8402,0,27,RP
Jerome Williams,,,,11,3,2,4,0,0,0,0,0,55,67,0,34,10,17,31,425532,1137,0,11,SP|RP
Christian Bergman,Rockies,COL,NL,15,0,1,1,0,0,0,0,0,22,27,0,12,5,5,14,548357,10925,1,14,RP|SP
Yefrey Ramirez,Yankees,NYY,AL,2,2,1,1,0,0,0,0,0,13,14,0,8,3,5,9,,sa597051,0,0,
Ronald Herrera,Yankees,NYY,AL,1,1,0,1,0,0,0,0,0,6,7,0,4,1,2,4,,sa657806,0,0,
William Cuevas,Red Sox,BOS,AL,3,0,1,1,0,0,0,0,0,10,13,0,6,2,6,6,571035,13331,0,3,RP
Michael Roth,Rangers,TEX,AL,1,0,1,0,0,0,0,0,0,6,8,0,4,1,2,4,607706,13736,0,1,RP
Alberto Tirado,Phillies,PHI,NL,11,0,0,1,0,0,0,0,0,13,12,0,8,2,11,13,,sa659315,0,0,
Jeremy Guthrie,Royals,KCR,AL,11,0,1,1,0,0,0,0,0,21,27,0,14,4,7,11,425386,2072,0,0,SP
Allen Webster,Diamondbacks,ARI,NL,2,1,0,0,0,0,0,0,0,8,9,0,5,1,4,6,543903,3993,0,0,SP
Tyler Matzek,Rockies,COL,NL,5,2,1,1,0,0,0,0,0,13,13,0,8,2,11,11,554431,10058,0,0,SP
Hector Noesi,White Sox,CHW,AL,2,1,0,1,0,0,0,0,0,7,8,0,5,1,3,5,456051,3292,0,0,SP
Dylan Axelrod,Reds,CIN,NL,1,1,0,0,0,0,0,0,0,5,6,0,3,1,2,4,518420,9303,0,0,RP|SP
Chad Girodo,Blue Jays,TOR,AL,14,0,1,1,0,0,0,0,0,18,25,0,10,4,6,11,643325,15542,0,14,RP
David Goforth,Brewers,MIL,NL,10,0,0,0,0,0,0,0,0,7,8,0,5,2,3,6,592341,12166,0,10,RP
Zach Jemiola,Rockies,COL,NL,1,1,0,1,0,0,0,0,0,6,8,0,4,1,2,4,,sa658131,0,0,
Kelvin Marte,Pirates,PIT,NL,2,0,0,1,0,0,0,0,0,10,12,0,5,2,4,5,517629,5200,0,2,RP
Shawn Morimando,Indians,CLE,AL,2,0,0,0,0,0,0,0,0,6,7,0,4,1,3,5,596049,13606,0,2,RP
Matt Magill,Reds,CIN,NL,5,0,1,2,0,0,0,0,0,35,36,0,22,6,27,27,543483,3950,0,5,SP
Franklin Morales,Blue Jays,TOR,AL,5,0,0,1,0,0,0,0,0,9,8,0,7,2,4,5,462985,5088,0,5,RP
Eric Surkamp,Athletics,OAK,AL,9,2,0,1,0,0,0,0,0,14,17,0,9,3,6,10,474668,2540,9,0,RP|SP
Kyle Lohse,,,,2,8,2,4,0,0,0,0,0,48,58,0,32,12,15,29,346798,739,2,0,SP
David Holmberg,Reds,CIN,NL,2,1,0,1,0,0,0,0,0,8,9,0,5,2,3,5,571787,7725,0,0,SP|RP
Sandy Baez,Tigers,DET,AL,1,1,0,1,0,0,0,0,0,5,7,0,4,1,2,3,,sa657709,0,0,
Chris Narveson,Indians,CLE,AL,6,1,1,0,0,0,0,0,0,7,7,0,5,2,2,6,429780,2141,0,6,SP|RP
Parker Bridwell,Orioles,BAL,AL,2,2,0,1,0,0,0,0,0,17,19,0,12,4,8,11,592170,11502,0,2,RP
Anthony Ranaudo,White Sox,CHW,AL,7,2,0,1,0,0,0,0,0,13,15,0,10,4,6,9,519168,11424,5,2,SP|RP
Tom Gorzelanny,Indians,CLE,AL,7,0,1,0,0,0,0,0,0,5,6,0,6,1,5,6,452733,6244,0,7,RP|SP
Roberto Hernandez,Braves,ATL,NL,2,3,1,1,0,0,0,0,0,14,17,0,9,4,4,9,433584,3273,2,0,SP
Erik Johnson,Padres,SDP,NL,2,3,1,2,0,0,0,0,0,15,17,0,10,5,6,11,605304,12520,2,0,SP
J.J. Hoover,Reds,CIN,NL,18,0,1,1,0,0,0,0,0,13,14,0,10,5,7,12,543331,9037,0,18,RP
James Russell,Phillies,PHI,NL,7,0,0,0,0,0,0,0,0,6,9,0,6,2,3,5,460701,4089,0,7,RP|SP
Jon Moscot,Reds,CIN,NL,5,2,0,1,0,0,0,0,0,9,10,0,6,3,4,5,621209,13849,5,0,SP
David Hale,Rockies,COL,NL,2,1,0,0,0,0,0,0,0,11,15,0,9,4,5,7,571735,9756,0,2,SP|RP
Brian Matusz,Cubs,CHC,NL,7,1,0,0,0,0,0,0,0,9,10,0,6,4,5,8,451085,2646,0,7,RP|SP
