mlbamID,playerName,team,league,G,AB,R,H,2B,3B,HR,RBI,BB,SO,SB,CS,G_C,G_1B,G_2B,G_3B,G_SS,G_LF,G_CF,G_RF,G_OF,defaultPos
1164,Carlos Beltran,NYY|TEX,,151,552,73,163,33,0,29,93,35,101,1,0,0,0,0,0,0,0,0,69,69,RF|DH|PH
1196,Adrian Beltre,TEX,AL,153,583,89,175,31,1,32,104,48,66,1,1,0,0,0,141,0,0,0,0,0,3B|DH
1306,Bartolo Colon,NYM,NL,30,60,4,5,2,0,1,2,1,40,0,0,0,0,0,0,0,0,0,0,0,P
3405,David Ortiz,BOS,AL,151,537,79,169,48,1,38,127,80,86,2,0,0,1,0,0,0,0,0,0,0,PH|1B|DH
3586,A.J. Pierzynski,ATL,NL,80,247,15,54,15,0,2,23,6,29,1,0,64,0,0,0,0,0,0,0,0,PH|C
3823,Alex Rodriguez,NYY,AL,65,225,19,45,7,0,9,31,14,67,3,0,0,0,0,1,0,0,0,0,0,DH|PH
5535,Jimmy Rollins,CHW,AL,41,149,25,33,8,1,2,8,16,33,5,2,0,0,0,0,35,0,0,0,0,SS|PH|DH
5561,Ryan Vogelsong,PIT,NL,14,19,1,1,0,0,0,1,1,13,0,0,0,0,0,0,0,0,0,0,0,P
5580,CC Sabathia,NYY,AL,1,1,0,0,0,0,0,0,0,0,0,0,0,0,0,0,0,0,0,0,0,P
5603,Ichiro Suzuki,MIA,NL,140,327,48,95,15,5,1,22,30,42,10,2,0,0,0,0,0,14,14,54,78,CF|RF|LF|PH|DH
5645,Albert Pujols,LAA,AL,152,593,71,159,19,0,31,119,49,75,4,0,0,28,0,0,0,0,0,0,0,DH|PH|1B
5742,Juan Uribe,CLE,AL,73,238,19,49,9,0,7,25,15,49,0,0,0,0,0,68,0,0,0,0,0,3B|PH|DH
5776,R.A. Dickey,TOR,AL,1,1,0,0,0,0,0,0,0,1,0,0,0,0,0,0,0,0,0,0,0,PH
5990,Jorge De la Rosa,COL,NL,22,38,4,7,0,0,0,6,2,14,0,0,0,0,0,0,0,0,0,0,0,P
6075,John Lackey,CHC,NL,28,63,1,6,2,0,0,2,2,31,0,0,0,0,0,0,0,0,0,0,0,P
6089,Victor Martinez,DET,AL,154,553,65,160,22,0,27,86,50,90,0,0,0,5,0,0,0,0,0,0,0,PH|1B|DH
6155,Mark Teixeira,NYY,AL,112,387,43,79,16,0,15,44,47,105,2,0,0,110,0,0,0,0,0,0,0,DH|1B|PH
6166,Jayson Werth,WAS,NL,143,525,84,128,28,0,21,69,71,139,5,1,0,0,0,0,0,131,0,2,133,LF|RF|DH|PH
6227,Matt Holliday,STL,NL,109,382,48,94,20,1,20,62,35,71,0,0,0,10,0,0,0,84,0,0,84,LF|1B|PH|DH
6297,Marlon Byrd,CLE,AL,34,115,11,31,6,0,5,19,11,38,0,0,0,0,0,0,0,14,0,21,31,RF|DH|PH|LF
6389,Oliver Perez,WAS,NL,2,3,1,2,1,0,0,0,0,0,0,0,0,0,0,0,0,0,0,0,0,P
6397,Jake Peavy,SF,NL,17,27,2,5,0,0,0,3,2,12,0,0,0,0,0,0,0,0,0,0,0,P
6401,David Ross,CHC,NL,66,166,24,38,6,0,10,32,30,54,0,1,58,0,0,0,0,0,0,0,0,C|PH
6418,Carl Crawford,LAD,NL,29,81,8,15,2,1,0,6,4,11,0,1,0,0,0,0,0,21,0,0,21,LF|DH|PH
6439,Coco Crisp,OAK|CLE,,122,446,54,103,27,4,13,55,46,78,10,5,0,0,0,0,0,71,36,0,101,DH|LF|CF|PH
6466,Omar Infante,KC,AL,38,134,16,32,9,1,0,11,9,23,0,0,0,0,39,0,0,0,0,0,0,2B
6481,Brandon Phillips,CIN,NL,141,550,74,160,34,1,11,64,18,68,14,8,0,0,138,0,0,0,0,0,0,DH|2B
6497,Chris Capuano,MIL,NL,1,0,0,0,0,0,0,0,1,0,0,0,0,0,0,0,0,0,0,0,0,P
6506,Matt Belisle,WAS,NL,4,4,0,0,0,0,0,0,0,2,0,0,0,0,0,0,0,0,0,0,0,P
6561,Ryan Madson,OAK,AL,1,1,0,0,0,0,0,0,0,1,0,0,0,0,0,0,0,0,0,0,0,P
6565,Chase Utley,LAD,NL,137,512,79,129,26,3,14,52,40,115,2,2,0,0,134,1,0,0,0,0,0,3B|2B|PH
6577,Jerome Williams,STL,NL,2,2,0,0,0,0,0,0,0,1,0,0,0,0,0,0,0,0,0,0,0,P
6592,Javier Lopez,SF,NL,1,1,0,0,0,0,0,0,0,1,0,0,0,0,0,0,0,0,0,0,0,P
6606,Jhonny Peralta,STL,NL,82,289,37,75,17,1,8,29,20,56,0,0,0,0,0,67,7,0,0,0,0,PH|SS|DH|3B
6627,Justin Morneau,CHW,AL,58,203,16,53,14,1,6,25,12,52,0,0,0,0,0,0,0,0,0,0,0,DH|PH
6687,Matt Joyce,PIT,NL,136,231,45,56,10,1,13,42,59,67,1,1,0,0,0,0,0,26,0,43,66,PH|RF|DH|LF
6743,Miguel Cabrera,DET,AL,158,595,92,188,31,1,38,108,75,116,0,0,0,147,0,1,0,0,0,0,0,PH|3B|DH|1B
6773,James Loney,NYM,NL,98,343,30,91,16,1,9,34,16,37,0,0,0,97,0,0,0,0,0,0,0,1B|PH
6789,Prince Fielder,TEX,AL,89,326,29,69,16,0,8,44,32,63,0,0,0,9,0,0,0,0,0,0,0,1B|DH
6791,Joe Mauer,MIN,AL,133,494,68,129,22,4,11,49,79,93,2,0,0,95,0,0,0,0,0,0,0,DH|1B|PH
6796,Shin-Soo Choo,TEX,AL,48,178,27,43,7,0,7,17,25,46,6,3,0,0,0,0,0,0,0,43,43,RF|PH|DH
6808,Jeff Francoeur,ATL|MIA,,124,307,33,78,15,1,7,34,20,90,2,2,0,0,0,1,0,63,0,17,78,RF|LF|DH|PH
6809,Gavin Floyd,TOR,AL,1,1,0,0,0,0,0,0,0,0,0,0,0,0,0,0,0,0,0,0,0,P
6838,Yadier Molina,STL,NL,146,534,56,164,38,1,8,58,39,63,3,2,146,2,0,0,0,0,0,0,0,1B|PH|C
6863,Dioner Navarro,CHW|TOR,,97,304,26,63,13,2,6,35,23,71,1,2,90,0,0,0,0,0,0,0,0,C|DH|PH
6877,Brayan Pena,STL,NL,8,13,0,2,1,0,0,0,1,2,0,0,3,1,0,0,0,0,0,0,0,C|PH|1B
6928,Jeff Mathis,MIA,NL,40,126,12,30,4,1,2,15,4,36,0,0,38,0,0,0,0,0,0,0,0,PH|C
6958,Andres Blanco,PHI,NL,83,190,26,48,15,1,4,21,11,41,2,3,0,19,20,21,10,1,0,0,1,PH|1B|SS|2B|3B
6967,Adam Wainwright,STL,NL,32,62,6,13,7,1,2,18,2,17,0,0,0,0,0,0,0,0,0,0,0,P|PH
6982,J.J. Hardy,BAL,AL,115,405,43,109,29,0,9,48,26,68,0,0,0,0,0,0,115,0,0,0,0,SS
6990,Geovany Soto,LAA,AL,25,78,11,21,5,0,4,9,6,21,0,0,23,1,0,1,0,0,0,0,0,PH|C|3B|1B
6992,Robinson Chirinos,TEX,AL,51,147,21,33,11,0,9,20,15,44,0,1,54,0,0,0,0,0,0,0,0,C|DH
7003,Melvin Upton Jr.,SD|TOR,,144,492,64,117,15,3,20,61,37,155,27,8,0,0,0,0,0,121,27,3,145,CF|LF|RF|PH|DH
7049,Edwin Encarnacion,TOR,AL,160,601,99,158,34,0,42,127,87,138,2,0,0,75,0,0,0,0,0,0,0,1B|DH
7056,Jose Reyes,NYM,NL,60,255,45,68,13,4,8,24,23,49,9,2,0,0,0,50,13,0,0,0,0,SS|3B
7079,Rene Rivera,NYM,NL,61,185,12,41,4,0,6,26,16,54,0,0,59,1,0,0,0,0,0,0,0,DH|PH|C
7099,Zack Greinke,ARI,NL,25,52,4,11,1,0,0,3,3,9,1,0,0,0,0,0,0,0,0,0,0,PH|P
7140,Jose Bautista,TOR,AL,116,423,68,99,24,1,22,69,87,103,2,2,0,1,0,0,0,0,0,91,91,1B|DH|RF
7258,Curtis Granderson,NYM,NL,149,545,88,129,24,5,30,59,74,130,4,2,0,0,0,0,0,7,36,110,140,RF|DH|PH|LF|CF
7288,Hanley Ramirez,BOS,AL,147,549,81,157,28,1,30,111,60,120,9,3,0,133,0,0,0,0,0,0,0,1B|PH|DH
7392,Ryan Hanigan,BOS,AL,34,105,9,18,4,0,1,14,7,27,0,0,34,0,0,0,0,0,0,0,0,C|DH
7404,Chris B. Young,BOS,AL,74,203,29,56,18,0,9,24,21,50,4,2,0,0,0,0,0,63,3,3,69,DH|RF|CF|LF|PH
7421,Rajai Davis,CLE,AL,128,454,74,113,23,2,12,48,33,106,43,6,0,0,0,0,0,66,80,1,128,RF|LF|CF|DH|PH
7449,Ryan Howard,PHI,NL,112,331,35,65,10,0,25,59,27,114,0,1,0,83,0,0,0,0,0,0,0,1B|PH|DH
7496,Cole Hamels,TEX,AL,3,8,0,1,0,0,0,0,0,1,0,0,0,0,0,0,0,0,0,0,0,P
7526,Rickie Weeks,ARI,NL,108,180,29,43,9,1,9,27,20,54,5,0,0,0,0,0,0,36,0,2,38,RF|PH|DH|LF
7529,Edwin Jackson,SD,NL,14,23,2,5,1,0,0,2,3,11,1,0,0,0,0,0,0,0,0,0,0,PH|P
7596,Fernando Abad,MIN,AL,1,1,0,0,0,0,0,0,0,1,0,0,0,0,0,0,0,0,0,0,0,P
7710,Matt Albers,CHW,AL,1,1,1,1,1,0,0,0,0,0,0,0,0,0,0,0,0,0,0,0,0,P
7809,Ben Zobrist,CHC,NL,147,523,94,142,31,3,18,76,96,82,6,4,0,1,119,0,1,27,0,24,46,PH|RF|2B|LF|SS
7853,Robert Andino,MIA,NL,12,24,2,7,0,0,0,1,0,4,0,0,0,0,3,1,1,2,0,0,2,LF|SS|2B|PH
8008,Mike Aviles,DET,AL,59,167,17,35,5,1,1,6,9,27,2,2,0,0,10,9,6,8,1,32,39,PH|SS|2B|3B|LF|DH|RF|CF
8016,Erick Aybar,ATL|DET,,125,415,34,101,19,2,3,34,31,70,3,5,0,0,7,12,104,0,0,0,0,SS|3B|2B|PH
8050,Asdrubal Cabrera,NYM,NL,140,521,65,146,30,1,23,62,38,103,5,1,0,0,0,0,135,0,0,0,0,SS|PH
8082,Matt Cain,SF,NL,15,27,1,2,1,0,1,5,0,17,0,0,0,0,0,0,0,0,0,0,0,P
8218,Robinson Cano,SEA,AL,161,655,107,195,33,2,39,103,47,100,0,1,0,0,157,0,0,0,0,0,0,DH|2B
8334,Roberto Hernandez,ATL,NL,2,4,0,0,0,0,0,0,0,3,0,0,0,0,0,0,0,0,0,0,0,P
8645,Francisco Cervelli,PIT,NL,101,326,42,86,14,1,1,33,56,72,6,2,95,2,0,0,0,0,0,0,0,1B|DH|C|PH
8665,Gregor Blanco,SF,NL,98,241,28,54,10,4,1,18,29,51,6,3,0,0,0,0,0,29,18,34,75,PH|RF|LF|CF
8761,Michael Bourn,ARI|BAL,,107,375,48,99,13,6,5,38,28,92,15,5,0,0,0,0,0,21,77,21,110,PH|CF|LF|RF
8773,Blaine Boyer,MIL,NL,1,1,0,0,0,0,0,0,0,0,0,0,0,0,0,0,0,0,0,0,0,P
9399,Nelson Cruz,SEA,AL,155,589,96,169,27,1,43,105,62,159,2,0,0,0,0,0,0,0,0,48,48,RF|DH
9465,Alejandro de Aza,NYM,NL,121,234,31,48,9,0,6,25,26,67,4,3,0,0,0,0,0,22,46,14,76,RF|PH|LF|0|CF
9650,Jumbo Diaz,CIN,NL,1,1,0,0,0,0,0,0,0,0,0,0,0,0,0,0,0,0,0,0,0,P
9776,A.J. Ellis,LAD|PHI,,62,171,11,37,8,0,2,22,19,31,2,1,57,0,0,0,0,0,0,0,0,PH|C
9842,Alcides Escobar,KC,AL,162,637,57,166,24,6,7,55,27,96,17,4,0,0,0,0,162,0,0,0,0,SS
9917,Andre Ethier,LAD,NL,16,24,2,5,1,0,1,2,2,6,0,0,0,0,0,0,0,4,0,0,4,DH|LF|PH
9995,Scott Feldman,HOU,AL,2,2,0,0,0,0,0,0,0,2,0,0,0,0,0,0,0,0,0,0,0,P
10222,Chris Young,KC,AL,1,1,0,0,0,0,0,0,0,0,0,0,0,0,0,0,0,0,0,0,0,P
10659,Hernan Iribarren,CIN,NL,21,45,6,14,0,3,0,2,0,11,1,0,0,2,5,0,0,0,6,2,8,2B|PH|RF|CF
10758,Jason Hammel,CHC,NL,35,65,6,16,3,0,0,7,1,24,0,0,0,0,0,0,0,0,0,0,0,PH|P
10810,John Jaso,PIT,NL,129,380,45,102,25,3,8,42,45,74,0,4,0,108,0,0,0,0,0,1,1,PH|1B|RF
10957,Angel Pagan,SF,NL,129,495,71,137,24,5,12,55,42,66,15,4,0,0,0,0,0,123,4,0,127,LF|CF|PH
10964,Ubaldo Jimenez,BAL,AL,2,4,0,0,0,0,0,0,0,1,0,0,0,0,0,0,0,0,0,0,0,P
11046,Jim Johnson,ATL,NL,1,1,0,0,0,0,0,0,0,1,0,0,0,0,0,0,0,0,0,0,0,P
11073,Kelly Johnson,ATL|NYM,,128,304,25,75,14,0,10,34,25,65,4,0,0,3,52,21,1,15,0,0,15,1B|PH|LF|3B|SS|2B
11115,Adam Jones,BAL,AL,150,619,86,164,19,0,29,83,39,115,2,0,0,0,0,0,0,0,152,0,152,CF
11159,Carlos Gomez,HOU|TEX,,115,411,45,95,22,1,13,53,34,136,18,5,0,0,0,0,0,28,85,6,111,CF|PH|DH|LF|RF
11277,Felix Hernandez,SEA,AL,3,6,0,0,0,0,0,0,0,3,0,0,0,0,0,0,0,0,0,0,0,P
11370,Aaron Hill,MIL|BOS,,124,378,48,99,14,0,10,38,41,59,4,2,0,0,24,103,0,0,0,0,0,2B|PH|3B|DH
11376,Rich Hill,LAD,NL,6,12,0,0,0,0,0,0,0,8,0,0,0,0,0,0,0,0,0,0,0,P
11543,Bobby Wilson,DET|TEX|TB,,71,228,25,54,6,0,7,33,11,64,0,0,75,0,0,0,0,0,0,0,0,C
11614,David Wright,NYM,NL,37,137,18,31,8,0,7,14,26,55,3,2,0,0,0,36,0,0,0,0,0,3B|PH
11633,Adrian Gonzalez,LAD,NL,155,568,69,162,31,0,18,90,55,117,0,2,0,151,0,0,0,0,0,0,0,1B|PH|DH
11641,Carlos Gonzalez,COL,NL,149,584,87,174,42,2,25,100,46,129,2,2,0,0,0,0,0,0,0,148,148,PH|RF
11861,Franklin Gutierrez,SEA,AL,97,248,33,61,9,0,14,39,29,85,1,0,0,0,0,0,0,9,0,64,70,DH|0|RF|LF|PH
11937,Scott Kazmir,LAD,NL,25,43,3,5,0,0,0,2,1,24,0,0,0,0,0,0,0,0,0,0,0,P|PH
11955,Don Kelly,MIA,NL,11,27,2,4,0,2,0,3,2,5,0,0,0,12,0,0,0,0,0,0,0,1B
11965,Matt Kemp,SD|ATL,,156,623,89,167,39,0,35,108,36,156,1,0,0,0,0,0,0,54,0,97,151,RF|DH|LF|PH
11967,Howie Kendrick,LAD,NL,146,487,65,124,26,2,8,40,50,96,10,2,0,11,32,17,0,94,0,0,94,2B|3B|PH|DH|LF|1B
12025,Ian Kinsler,DET,AL,152,618,117,178,29,4,28,83,45,115,14,6,0,0,151,0,0,0,0,0,0,PH|2B
12088,Erik Kratz,HOU|PIT,,29,85,3,8,2,0,1,4,1,32,0,0,30,1,0,0,0,0,0,0,0,DH|P|1B|C
12291,Jon Lester,CHC,NL,30,59,3,6,3,0,0,6,6,18,0,0,0,0,0,0,0,0,0,0,0,P|PH
12297,Luis Valbuena,HOU,AL,90,292,38,76,17,1,13,40,44,81,1,1,0,8,1,81,0,0,0,0,0,1B|2B|3B|PH
12490,Carlos Villanueva,SD,NL,4,4,0,0,0,0,0,0,0,4,0,0,0,0,0,0,0,0,0,0,0,P
12519,Edinson Volquez,KC,AL,2,5,0,0,0,0,0,0,0,3,0,0,0,0,0,0,0,0,0,0,0,P
12529,Joey Votto,CIN,NL,158,556,101,181,34,2,29,97,108,120,8,1,0,154,0,0,0,0,0,0,0,DH|PH|1B
12725,Francisco Liriano,PIT,NL,21,42,2,12,1,0,1,5,0,16,0,0,0,0,0,0,0,0,0,0,0,PH|P
12814,Jose Lobaton,WAS,NL,37,99,10,23,3,1,3,8,12,18,0,0,38,0,0,0,0,0,0,0,0,C|PH
13166,Nick Markakis,ATL,NL,158,599,67,161,38,0,13,89,71,101,0,2,0,1,0,0,0,0,0,150,150,DH|RF|PH|1B
13188,Mike Napoli,CLE,AL,150,557,92,133,22,1,34,101,78,194,5,1,0,98,0,0,0,0,0,0,0,PH|DH|1B
13190,Chris Narveson,MIA,NL,3,3,0,0,0,0,0,0,0,2,0,0,0,0,0,0,0,0,0,0,0,P
13237,Russell Martin,TOR,AL,136,455,62,105,16,0,20,74,64,148,2,1,127,0,1,1,0,0,0,0,0,C|2B|PH|DH
13280,Jarrod Saltalamacchia,DET,AL,88,246,30,42,5,1,12,38,41,104,0,0,68,11,0,0,0,0,0,0,0,PH|C|DH|1B
13301,Anibal Sanchez,DET,AL,2,6,0,0,0,0,0,0,0,3,0,0,0,0,0,0,0,0,0,0,0,P
13355,Pablo Sandoval,BOS,AL,3,6,0,0,0,0,0,0,1,4,0,0,0,0,0,2,0,0,0,0,0,PH|3B
13369,Ervin Santana,MIN,AL,2,5,0,0,0,0,0,0,0,3,0,0,0,0,0,0,0,0,0,0,0,P
13624,James Shields,SD|CHW,,12,21,1,4,0,0,0,0,0,12,0,0,0,0,0,0,0,0,0,0,0,P
13675,Alfredo Simon,CIN,NL,8,14,0,1,0,0,0,1,1,7,0,0,0,0,0,0,0,0,0,0,0,P
13818,Ricky Nolasco,MIN|LAA,,2,3,0,0,0,0,0,0,2,1,0,0,0,0,0,0,0,0,0,0,0,P
14244,Brian McCann,NYY,AL,129,429,56,104,13,0,20,58,54,99,1,0,92,3,0,0,0,0,0,0,0,PH|C|1B|DH
14288,Brandon McCarthy,LAD,NL,8,13,0,0,0,0,0,1,2,6,0,0,0,0,0,0,0,0,0,0,0,P
14427,Denard Span,SF,NL,142,572,70,152,23,5,11,53,53,79,12,7,0,0,0,0,0,0,137,0,137,CF|PH
14554,Joel Peralta,SEA|CHC,,2,2,0,0,0,0,0,0,0,1,0,0,0,0,0,0,0,0,0,0,0,P
14645,Casey McGehee,DET,AL,27,92,4,21,1,0,0,1,3,14,0,0,0,1,0,27,0,0,0,0,0,PH|3B
14652,Dustin McGowan,MIA,NL,4,4,0,0,0,0,0,0,0,3,0,0,0,0,0,0,0,0,0,0,0,P
14808,Gregorio Petit,LAA,AL,74,204,21,50,13,1,2,17,15,51,1,1,0,0,50,10,32,6,0,1,7,3B|SS|RF|LF|PH|2B
14809,Yusmeiro Petit,WAS,NL,6,6,0,1,0,0,0,0,0,2,0,0,0,0,0,0,0,0,0,0,0,P
15106,Chris Stewart,PIT,NL,33,98,10,21,4,0,1,7,12,15,0,0,31,1,0,0,0,0,0,0,0,PH|C|1B
15147,Pedro Strop,CHC,NL,1,1,0,0,0,0,0,0,0,0,0,0,0,0,0,0,0,1,0,0,1,P
15229,Martin Prado,MIA,NL,153,600,70,183,37,3,8,75,49,69,2,2,0,0,0,150,0,0,0,0,0,PH|3B|DH
15260,Ryan Raburn,COL,NL,112,223,30,49,10,2,9,30,28,80,0,0,0,5,0,0,0,47,0,2,49,PH|RF|DH|1B|LF
15758,Miguel Montero,CHC,NL,84,241,33,52,8,1,8,33,38,58,1,0,71,0,0,0,0,0,0,0,0,C|P|PH|DH
15871,Sean Rodriguez,PIT,NL,124,300,49,81,16,1,18,56,33,102,2,1,0,57,29,11,27,10,5,17,32,RF|0|3B|SS|LF|CF|PH|2B|1B
15990,Jose Rondon,SD,NL,8,25,1,3,0,0,0,1,1,4,0,0,0,0,0,0,7,0,0,0,0,PH|SS
16077,Carlos Ruiz,PHI|LAD,,62,201,21,53,8,0,3,15,27,33,3,1,56,0,0,0,0,0,0,0,0,DH|PH|C
16114,Brendan Ryan,LAA,AL,7,13,1,1,0,0,0,0,0,7,0,0,0,0,0,0,16,1,0,0,1,SS
16140,Michael Morse,PIT,NL,6,8,0,0,0,0,0,0,0,2,0,0,0,1,0,0,0,0,0,0,0,PH|DH|1B
16141,Charlie Morton,PHI,NL,4,6,1,1,0,0,0,0,0,3,0,0,0,0,0,0,0,0,0,0,0,P
16154,Brandon Moss,STL,NL,127,413,66,93,19,2,28,67,39,141,1,0,0,64,0,0,0,58,0,21,72,PH|RF|1B|LF
16352,Homer Bailey,CIN,NL,6,10,0,1,0,0,0,0,1,1,0,0,0,0,0,0,0,0,0,0,0,P
16368,Gordon Beckham,ATL|SF,,86,245,25,52,16,1,5,31,26,52,1,0,0,0,51,18,11,0,0,0,0,PH|3B|2B|SS
16369,Josh Fields,LAD,NL,1,1,0,0,0,0,0,0,0,1,0,0,0,0,0,0,0,0,0,0,0,P
16411,Jemile Weeks,SD,NL,17,50,5,7,1,1,0,2,3,14,1,0,0,0,17,1,0,0,0,0,0,2B
16418,Jon Jay,SD,NL,89,347,49,101,26,1,2,26,19,78,2,0,0,0,0,0,0,8,72,9,86,CF|RF|PH|LF
16433,Eric Campbell,NYM,NL,37,75,9,13,1,0,1,9,10,24,1,0,0,21,1,7,0,2,0,0,2,LF|PH|3B|1B
16730,Enrique Hernandez,LAD,NL,109,216,25,41,8,0,7,18,28,64,2,0,0,0,11,5,2,41,22,7,62,RF|CF|DH|SS|LF|2B|PH|3B
16755,Jered Weaver,LAA,AL,4,9,0,0,0,0,0,0,0,4,0,0,0,0,0,0,0,0,0,0,0,P
16775,Lucas Harrell,ATL,NL,4,8,0,0,0,0,0,0,0,2,0,0,0,0,0,0,0,0,0,0,0,P
16804,Tyler Flowers,ATL,NL,81,281,27,76,18,0,8,41,29,91,0,0,81,0,0,0,0,0,0,0,0,PH|C
16821,Mark Trumbo,BAL,AL,159,613,94,157,27,1,47,108,51,170,2,0,0,6,0,0,0,1,0,95,96,LF|RF|DH|1B
16871,Martin Maldonado,MIL,NL,75,208,21,42,7,0,8,21,35,56,1,0,69,0,0,0,0,0,0,0,0,PH|C
16929,Charlie Blackmon,COL,NL,142,578,111,187,35,5,29,82,43,102,17,9,0,0,0,0,0,0,138,0,138,PH|CF
16994,Ian Desmond,TEX,AL,156,625,107,178,29,3,22,86,44,160,21,6,0,0,0,0,0,29,130,0,156,LF|CF
17131,J.A. Happ,TOR,AL,3,7,2,2,0,0,0,0,0,3,0,0,0,0,0,0,0,0,0,0,0,P
17164,Andrew Romine,DET,AL,62,174,21,41,5,2,2,16,13,38,8,0,0,20,12,44,14,1,22,2,25,1B|SS|CF|RF|3B|PH|2B
17189,Michael Saunders,TOR,AL,139,490,70,124,32,3,24,57,59,157,1,2,0,0,0,0,0,106,1,22,128,LF|DH|PH|RF
17246,Chris Gimenez,CLE,AL,55,139,17,30,4,0,4,11,10,41,0,0,59,4,0,3,0,0,0,0,0,1B|DH|P|C|3B
17251,Jerry Blevins,NYM,NL,1,1,0,0,0,0,0,0,0,0,0,0,0,0,0,0,0,0,0,0,0,P
17282,Paul Janish,BAL,AL,12,31,3,6,1,0,0,0,3,3,0,0,0,0,0,9,6,0,0,0,0,SS|3B
17324,Billy Butler,OAK|NYY,,97,250,27,71,18,0,5,35,21,42,0,0,0,25,0,0,0,0,0,0,0,DH|1B|PH
17326,J.P. Howell,LAD,NL,2,2,0,0,0,0,0,0,0,2,0,0,0,0,0,0,0,0,0,0,0,P
17378,Trevor Plouffe,MIN,AL,83,319,35,83,13,1,12,47,19,60,1,0,0,13,0,63,0,0,0,0,0,3B|DH|PH|1B
17584,Mark Reynolds,COL,NL,117,393,61,111,24,0,14,53,42,112,1,2,0,115,1,0,0,0,0,0,0,1B|2B|PH
17827,Eric Young Jr.,NYY,AL,1,1,2,0,0,0,0,0,0,0,1,0,0,0,0,0,0,0,2,0,2,CF
17883,Gio Gonzalez,WAS,NL,29,52,1,7,2,0,0,2,0,24,0,0,0,0,0,0,0,0,0,0,0,P
17898,Justin Ruggiano,TEX|NYM,,9,24,4,8,1,0,2,7,2,10,0,1,0,0,0,0,0,1,6,1,7,LF|CF|PH
17933,Adam Lind,SEA,AL,126,401,48,96,17,0,20,58,26,89,0,1,0,101,0,0,0,0,0,0,0,DH|PH|1B
17940,Seth Smith,SEA,AL,135,378,62,94,15,0,16,63,48,89,0,0,0,0,0,0,0,35,0,74,109,DH|LF|RF|PH
18038,Hunter Pence,SF,NL,106,395,58,114,23,1,13,57,43,95,1,1,0,0,0,0,0,0,0,102,102,PH|RF
18067,Dustin Pedroia,BOS,AL,153,633,105,201,36,1,15,74,61,73,7,4,0,0,152,0,0,0,0,0,0,PH|2B
18116,Reid Brignac,ATL,NL,13,29,3,6,2,0,0,1,0,8,0,0,0,0,4,5,0,0,0,0,0,2B|3B|PH
18155,Yovani Gallardo,BAL,AL,3,4,1,2,0,0,0,0,1,1,0,0,0,0,0,0,0,0,0,0,0,P|PH
18165,Neil Walker,NYM,NL,113,412,57,116,9,1,23,55,42,84,3,1,0,0,111,0,0,0,0,0,0,PH|2B
18194,Kurt Suzuki,MIN,AL,105,345,34,89,24,1,8,49,18,48,0,0,99,0,0,0,0,0,0,0,0,PH|C|DH
18209,Phil Hughes,MIN,AL,1,2,0,0,0,0,0,0,0,2,0,0,0,0,0,0,0,0,0,0,0,P
18225,Justin Verlander,DET,AL,2,5,1,1,0,0,0,0,0,2,0,0,0,0,0,0,0,0,0,0,0,P
18233,Dexter Fowler,CHC,NL,124,456,84,126,25,7,13,48,79,124,13,4,0,0,0,0,0,0,121,0,121,CF|PH|DH
18234,Chris Iannetta,SEA,AL,89,295,23,62,14,0,7,24,38,83,0,0,93,0,0,0,0,0,0,0,0,C|DH
18346,Blake Wood,CIN,NL,2,2,0,0,0,0,0,0,0,2,0,0,0,0,0,0,0,0,0,0,0,P
18447,Kendrys Morales,KC,AL,154,558,65,147,24,0,30,93,48,120,0,0,0,7,0,0,0,0,0,5,5,DH|1B|RF|PH
18549,Yasmani Grandal,LAD,NL,125,390,49,89,14,1,27,72,64,116,1,3,115,4,0,0,0,0,0,0,0,1B|C|PH
18558,Melky Cabrera,CHW,AL,151,591,70,175,42,5,14,86,47,69,2,0,0,0,0,0,0,147,0,0,147,LF|DH
18578,Ryan Zimmerman,WAS,NL,115,427,60,93,18,1,15,46,29,104,4,1,0,114,0,0,0,0,0,0,0,DH|1B
18582,Cliff Pennington,LAA,AL,66,172,18,36,4,2,3,10,13,55,1,0,0,3,58,1,17,0,0,0,0,3B|PH|SS|DH|0|2B
18592,Stephen Drew,WAS,NL,68,143,24,38,11,1,8,21,16,31,0,1,0,0,21,12,12,0,0,0,0,3B|SS|DH|PH|2B
18593,Justin Upton,DET,AL,152,570,81,140,28,2,31,87,50,179,9,4,0,0,0,0,0,146,6,0,150,CF|PH|DH|LF
18599,Drew Butera,KC,AL,47,123,18,35,10,1,4,16,8,36,0,0,51,2,0,0,0,0,0,0,0,1B|P|PH|C
18602,Andrew McCutchen,PIT,NL,153,598,81,153,26,3,24,79,69,143,6,7,0,0,0,0,0,0,151,0,151,CF|PH
18606,Troy Tulowitzki,TOR,AL,131,492,54,125,21,0,24,79,43,101,1,0,0,0,0,0,128,0,0,0,0,DH|SS
18609,Alex Gordon,KC,AL,128,445,62,98,16,2,17,40,52,148,8,1,0,0,0,0,0,126,0,0,126,PH|LF
18611,Ramiro Pena,SF,NL,29,87,9,26,6,1,1,10,2,16,0,0,0,0,17,12,4,0,0,0,0,3B|SS|PH|2B
18637,Munenori Kawasaki,CHC,NL,13,21,3,7,2,0,0,1,4,5,2,0,0,0,10,1,0,0,0,0,0,2B|PH
18644,Nori Aoki,SEA,AL,114,417,63,118,24,4,4,28,34,45,7,9,0,0,0,0,0,99,15,0,113,LF|CF|PH
18688,Yoenis Cespedes,NYM,NL,132,479,72,134,25,1,31,86,51,108,3,1,0,0,0,0,0,80,63,0,122,DH|CF|LF|PH
18714,Hector Olivera,ATL,NL,6,19,2,4,1,0,0,2,1,5,0,0,0,0,0,0,0,5,0,0,5,PH|LF
18722,Alexei Ramirez,SD|TB,,143,478,38,115,22,2,6,48,21,63,8,9,0,0,1,0,127,0,0,3,3,SS|DH|PH|RF|2B
18826,Jed Lowrie,OAK,AL,87,338,30,89,12,1,2,27,26,65,0,0,0,0,82,0,2,0,0,0,0,SS|DH|PH|2B
18840,Matt Garza,MIL,NL,17,28,1,1,0,0,0,0,2,17,0,0,0,0,0,0,0,0,0,0,0,P
18842,Ivan De Jesus,CIN,NL,97,221,21,56,10,0,1,20,17,51,3,1,0,12,22,14,30,1,0,0,1,SS|1B|3B|PH|2B
18858,Yunel Escobar,LAA,AL,132,517,68,157,28,1,5,39,40,67,0,3,0,0,0,129,0,0,0,0,0,3B|PH
18923,Austin Jackson,CHW,AL,52,181,24,46,12,2,0,18,17,39,2,1,0,0,0,0,0,0,54,0,54,CF
18924,Eduardo Nunez,MIN|SF,,139,553,73,159,24,4,16,67,29,88,40,10,0,0,6,81,55,0,0,0,0,SS|2B|DH|PH|3B
18927,Cameron Maybin,DET,AL,92,349,65,110,14,5,4,43,36,69,15,6,0,0,0,0,0,0,91,0,91,CF|DH|PH
18933,Peter Bourjos,PHI,NL,117,355,40,89,20,7,5,23,17,91,6,4,0,0,0,0,0,0,10,115,119,RF|CF|PH
18936,Elvis Andrus,TEX,AL,146,506,75,153,31,7,8,69,47,70,24,8,0,0,0,0,147,0,0,0,0,SS
18952,Ryan Braun,MIL,NL,135,511,80,156,23,3,30,91,46,98,16,5,0,0,0,0,0,127,0,2,127,PH|RF|DH|LF
18953,Lorenzo Cain,KC,AL,102,397,56,114,19,1,9,56,31,84,14,5,0,0,0,0,0,0,72,29,101,CF|PH|RF
18961,Adam Rosales,SD,NL,97,214,37,49,12,3,13,35,29,88,4,0,0,1,36,41,15,2,0,1,3,3B|SS|PH|DH|LF|RF|2B
18967,Michael Brantley,CLE,AL,11,39,5,9,2,0,0,7,3,6,1,0,0,0,0,0,0,11,0,0,11,PH|LF
18969,Clayton Richard,CHC|SD,,10,17,0,1,0,0,0,1,1,9,0,0,0,0,0,0,0,0,0,0,0,PH|P
18980,Chase Headley,NYY,AL,140,467,58,118,18,1,14,51,51,118,8,2,0,0,0,140,0,0,0,0,0,3B|PH|DH
18996,Paulo Orlando,KC,AL,123,457,52,138,24,4,5,43,13,105,14,3,0,0,0,0,0,0,37,89,122,RF|PH|CF
19004,Jacoby Ellsbury,NYY,AL,144,551,71,145,24,5,9,56,54,84,20,8,0,0,0,0,0,0,148,0,148,CF|PH
19022,Brett Gardner,NYY,AL,145,547,80,143,22,6,7,41,70,106,16,4,0,0,0,0,0,147,3,0,147,PH|LF|CF
19026,Francisco Pena,BAL,AL,13,40,5,8,0,0,1,3,2,14,0,0,14,0,0,0,0,0,0,0,0,C|PH
19037,Colby Rasmus,HOU,AL,105,369,38,76,10,0,15,54,43,121,4,1,0,0,0,0,0,87,21,11,103,CF|LF|DH|RF|PH
19042,Emilio Bonifacio,ATL,NL,22,38,6,8,0,0,0,3,3,12,1,0,0,0,0,0,0,12,1,0,13,PH|LF|CF
19046,Evan Longoria,TB,AL,160,633,81,173,41,4,36,98,42,144,0,3,0,0,0,152,0,0,0,0,0,3B|DH
19052,Nick Hundley,COL,NL,82,289,30,75,20,1,10,48,25,65,0,0,79,0,0,0,0,0,0,0,0,C|PH
19053,Will Venable,LAD,NL,12,18,2,1,1,0,0,0,0,5,0,0,0,0,0,0,0,1,0,4,5,RF|PH|LF
19055,Jeff Samardzija,SF,NL,30,64,4,10,5,0,0,9,1,28,0,0,0,0,0,0,0,0,0,0,0,P
19134,Buster Posey,SF,NL,145,539,82,155,33,2,14,80,64,68,6,1,123,15,0,0,0,0,0,0,0,C|DH|PH|1B
19169,Daniel Murphy,WAS,NL,142,531,88,184,47,5,25,104,35,57,5,3,0,21,117,1,0,0,0,0,0,2B|DH|3B|1B|PH
19203,Cole Gillespie,MIA,NL,39,51,7,12,3,2,0,5,3,14,0,0,0,1,0,0,0,4,1,3,8,LF|RF|1B|CF|PH
19218,Miguel Gonzalez,CHW,AL,1,1,0,0,0,0,0,0,0,1,0,0,0,0,0,0,0,0,0,0,0,P
19234,Jay Bruce,CIN|NYM,,147,539,74,135,27,6,33,99,44,126,4,2,0,0,0,0,0,0,1,138,138,RF|DH|PH
19254,Carlos Santana,CLE,AL,158,582,89,151,31,3,34,87,99,99,5,2,0,64,0,0,0,0,0,0,0,PH|DH|1B
19259,Cedric Hunter,PHI,NL,13,34,3,3,0,0,1,1,2,6,0,0,0,0,0,0,0,10,0,2,12,PH|RF|LF
19264,Jose A. Martinez,STL,NL,11,16,4,7,1,0,0,1,2,1,0,0,0,1,0,0,0,4,0,0,4,LF|1B|PH
19265,Craig Gentry,LAA,AL,12,34,2,5,1,0,0,2,3,6,0,0,0,0,0,0,0,12,1,0,13,PH|LF
19271,Pedro Florimon,PIT,NL,13,24,4,5,1,1,0,4,1,12,0,1,0,0,8,0,6,0,0,0,0,2B|PH|SS
19272,Nolan Reimold,BAL,AL,77,203,25,45,9,1,6,15,22,62,1,2,0,0,0,0,0,62,8,32,95,LF|RF|PH|CF
19279,Gerardo Parra,COL,NL,101,368,45,93,27,3,7,39,9,73,6,4,0,19,0,0,0,60,11,16,79,CF|LF|RF|PH|1B
19280,Drew Stubbs,ATL|TEX|BAL,,39,80,13,18,0,0,3,7,12,38,9,1,0,0,0,0,0,19,15,19,49,PH|CF|0|RF|LF
19309,Steve Pearce,TB|BAL,,83,264,35,76,13,1,13,35,34,54,0,3,0,40,15,2,0,7,0,6,12,PH|3B|2B|DH|RF|1B|LF
19313,Clay Buchholz,BOS,AL,1,2,0,0,0,0,0,0,1,2,0,0,0,0,0,0,0,0,0,0,0,P
19316,Adam Moore,CLE,AL,3,5,0,0,0,0,0,0,0,4,0,0,9,0,0,0,0,0,0,0,0,C
19326,David Freese,PIT,NL,138,437,63,118,23,0,13,55,45,142,0,0,0,58,2,78,0,0,0,0,0,3B|2B|1B|PH
19334,Justin Turner,LAD,NL,151,556,79,153,34,3,27,90,48,107,4,1,0,1,0,144,0,0,0,0,0,3B|1B|DH|PH
19335,Chris Heisey,WAS,NL,82,139,18,30,3,1,9,17,13,44,0,1,0,0,0,0,0,25,3,16,44,CF|DH|RF|PH|LF
19344,Max Scherzer,WAS,NL,33,70,4,13,1,0,0,12,2,30,0,0,0,0,0,0,0,0,0,0,0,P
19353,Julio Borbon,BAL,AL,4,13,1,4,0,0,0,0,0,3,0,1,0,0,0,0,0,3,3,0,6,LF|CF
19354,Ian Kennedy,KC,AL,2,3,0,0,0,0,0,0,0,2,0,0,0,0,0,0,0,0,0,0,0,P
19356,Ross Detwiler,OAK,AL,1,1,0,0,0,0,0,0,0,1,0,0,0,0,0,0,0,0,0,0,0,P
19361,Chris Tillman,BAL,AL,1,2,0,0,0,0,0,0,0,2,0,0,0,0,0,0,0,0,0,0,0,P
19362,Matt Wieters,BAL,AL,124,423,48,103,17,1,17,66,32,85,1,0,117,0,0,0,0,0,0,0,0,C|DH|PH
19366,Danny Worth,HOU,AL,15,39,4,7,2,0,0,1,1,6,0,0,0,0,6,5,2,0,0,0,0,PH|3B|DH|2B
19372,Tuffy Gosewisch,ARI,NL,32,90,8,14,1,1,3,7,7,22,0,0,31,0,0,0,0,0,0,0,0,PH|C
19375,Chris Hatcher,LAD,NL,3,3,0,1,0,0,0,1,0,0,0,0,0,0,0,0,0,0,0,0,0,P
19376,Chris Coghlan,OAK|CHC,,98,261,35,49,12,2,6,30,35,73,2,1,0,6,20,18,0,29,0,18,46,DH|3B|2B|PH|RF|LF|1B
19377,Chris Davis,BAL,AL,157,566,99,125,21,0,38,84,88,219,1,0,0,152,0,0,0,0,0,3,3,1B|DH|RF
19381,Welington Castillo,ARI,NL,113,416,41,110,24,0,14,68,33,121,2,0,107,0,0,0,0,0,0,0,0,PH|C|DH
19382,Josh Donaldson,TOR,AL,155,577,122,164,32,5,37,99,109,119,7,1,0,0,0,136,0,0,0,0,0,DH|3B|PH
19385,Johnny Cueto,SF,NL,31,70,1,8,0,0,0,5,2,24,0,0,0,0,0,0,0,0,0,0,0,P
19388,Anthony Recker,ATL,NL,33,90,6,25,8,0,2,15,16,22,1,0,28,0,0,0,0,0,0,0,0,C|PH
19396,Emmanuel Burriss,PHI,NL,33,45,3,5,1,1,0,0,2,10,1,0,0,2,5,0,3,3,0,0,3,PH|LF|1B|2B|SS
19402,Austin Romine,NYY,AL,58,165,17,40,11,0,4,26,7,31,1,0,50,6,0,0,0,0,0,0,0,DH|1B|PH|C
19405,David Price,BOS,AL,4,10,0,0,0,0,0,0,1,8,0,0,0,0,0,0,0,0,0,0,0,P
19406,Rick Porcello,BOS,AL,2,5,0,1,0,0,0,0,0,1,0,0,0,0,0,0,0,0,0,0,0,P
19411,Jaime Garcia,STL,NL,25,41,3,7,0,0,0,4,2,17,0,0,0,0,0,0,0,0,0,0,0,P
19420,Josh Smoker,NYM,NL,1,1,0,0,0,0,0,0,0,1,0,0,0,0,0,0,0,0,0,0,0,P
19423,Hank Conger,TB,AL,46,124,6,24,5,0,3,10,12,40,0,0,47,0,0,0,0,0,0,0,0,C|PH
19432,Jon Niese,PIT|NYM,,18,30,1,3,1,0,0,1,2,14,0,0,0,0,0,0,0,0,0,0,0,PH|P
19436,Wade LeBlanc,PIT,NL,1,1,0,0,0,0,0,0,0,1,0,0,0,0,0,0,0,0,0,0,0,P
19464,Ryan LaMarre,BOS,AL,3,5,1,0,0,0,0,0,1,2,0,0,0,0,0,0,0,2,0,1,3,PH|LF
19562,Nick Noonan,SD,NL,6,18,0,3,0,0,0,1,1,5,0,1,0,0,2,0,5,0,0,0,0,2B|SS
19568,Ezequiel Carrera,TOR,AL,82,270,47,67,9,1,6,23,27,70,7,4,0,0,0,0,0,45,5,65,100,RF|CF|PH|LF
19576,Chris Carter,MIL,NL,158,549,84,122,27,1,41,94,76,206,3,1,0,155,0,0,0,0,0,0,0,PH|DH|1B
19584,Clayton Kershaw,LAD,NL,20,46,2,8,1,0,0,3,1,12,0,0,0,0,0,0,0,0,0,0,0,PH|P
19600,Chris Johnson,MIA,NL,107,243,20,54,11,0,5,24,19,78,0,0,0,81,0,11,0,2,0,0,2,PH|LF|1B|3B
19607,Darwin Barney,TOR,AL,91,279,35,75,13,2,4,19,22,48,2,2,0,0,40,32,25,5,0,0,5,2B|SS|3B|PH|LF
19612,Marwin Gonzalez,HOU,AL,139,484,55,123,26,3,13,51,22,118,12,6,0,92,14,22,11,18,1,0,19,DH|PH|3B|SS|LF|1B|2B
19619,Gorkys Hernandez,SF,NL,22,54,7,14,5,0,2,4,3,11,0,1,0,0,0,0,0,2,14,6,22,RF|LF|CF|PH
19654,Daniel Nava,LAA|KC,,50,130,11,29,6,0,1,13,10,30,0,0,0,6,0,0,0,37,0,2,37,LF|PH|RF|DH|1B
19658,Lucas Duda,NYM,NL,46,153,20,35,7,0,7,23,15,36,0,0,0,45,0,0,0,0,0,0,0,PH|1B
19671,Alex Presley,MIL|DET,,48,121,12,24,2,0,3,11,11,25,0,2,0,0,0,0,0,13,7,13,30,PH|CF|RF|LF
19722,Freddy Galvis,PHI,NL,157,584,61,141,26,3,20,67,25,136,17,6,0,0,0,0,156,0,0,0,0,SS|PH
19730,Manny Pina,MIL,NL,32,71,4,18,4,0,2,12,10,15,0,1,17,0,0,0,0,0,0,0,0,PH|C|DH
19748,Danny Valencia,OAK,AL,130,471,72,135,22,1,17,51,41,115,1,1,0,18,0,68,0,1,0,37,38,3B|DH|PH|RF|1B|LF
19762,Donovan Solano,NYY,AL,8,22,5,5,2,0,1,2,1,3,0,0,0,0,6,2,0,0,0,0,0,2B|3B
19777,Jason Heyward,CHC,NL,137,530,61,122,27,1,7,49,54,93,11,4,0,0,0,0,0,0,24,131,141,RF|CF|PH
19782,Shawn Kelley,WAS,NL,2,1,0,0,0,0,0,0,0,1,0,0,0,0,0,0,0,0,0,0,0,P
19802,Shane Robinson,LAA,AL,46,98,16,17,3,0,1,10,10,17,3,2,0,0,0,0,0,34,19,5,55,LF|0|CF|RF|PH
19833,Tommy Milone,MIN,AL,1,2,0,2,0,0,0,0,0,0,0,0,0,0,0,0,0,0,0,0,0,P
19863,Marco Estrada,TOR,AL,2,5,0,0,0,0,0,0,0,3,0,0,0,0,0,0,0,0,0,0,0,P
19865,Conor Gillaspie,SF,NL,99,191,24,50,8,4,6,25,12,28,1,2,0,7,0,45,0,0,0,0,0,1B|3B|PH
19866,Pedro Alvarez,BAL,AL,107,337,43,84,20,0,22,49,37,97,1,0,0,0,0,12,0,0,0,0,0,3B|DH|PH
19880,Wilson Ramos,WAS,NL,131,482,58,148,25,0,22,80,35,79,0,0,128,0,0,0,0,0,0,0,0,C|PH
19893,Yonder Alonso,OAK,AL,151,482,52,122,34,0,7,56,45,74,3,1,0,145,0,7,0,0,0,0,0,3B|1B|DH|PH
19913,Ivan Nova,NYY|PIT,,13,26,1,3,0,0,0,0,0,18,0,0,0,0,0,0,0,0,0,0,0,P
19914,Chris Archer,TB,AL,3,7,1,0,0,0,0,0,1,3,0,0,0,0,0,0,0,0,0,0,0,P
19919,Hector Rondon,CHC,NL,1,1,0,0,0,0,0,0,0,1,0,0,0,0,0,0,0,0,0,0,0,P
19920,Brett Anderson,LAD,NL,3,3,0,0,0,0,0,0,0,2,0,0,0,0,0,0,0,0,0,0,0,P
19922,Trevor Cahill,CHC,NL,8,8,1,1,0,0,0,1,1,4,0,0,0,0,0,0,0,0,0,0,0,PH|P
19926,Vince Mazzaro,SF,NL,1,1,0,0,0,0,0,0,0,1,0,0,0,0,0,0,0,0,0,0,0,P
19927,Tyson Ross,SD,NL,1,1,0,0,0,0,0,0,0,1,0,0,0,0,0,0,0,0,0,0,0,P
19931,Bud Norris,ATL|LAD,,20,27,2,6,0,1,0,1,3,7,0,0,0,0,0,0,0,0,0,0,0,P
19932,Jason Castro,HOU,AL,107,329,41,69,16,3,11,32,45,123,2,1,111,3,0,0,0,0,0,0,0,PH|C|1B
19942,Alex Avila,CHW,AL,57,169,19,36,6,0,7,11,38,78,0,0,54,0,0,0,0,0,0,0,0,DH|PH|C
19945,Matt Dominguez,TOR,AL,5,11,0,0,0,0,0,0,1,3,0,0,0,1,0,3,0,0,0,0,0,1B|PH|3B
19946,Logan Morrison,TB,AL,105,353,45,84,18,1,14,43,37,89,4,2,0,83,0,0,0,0,0,0,0,1B|DH|PH
19947,Giancarlo Stanton,MIA,NL,119,413,56,99,20,1,27,74,50,140,0,0,0,0,0,0,0,0,0,106,106,DH|RF|PH
19948,Jonathan Lucroy,MIL|TEX,,141,490,67,143,24,3,24,81,47,100,5,0,126,6,0,0,0,0,0,0,0,C|DH|1B|PH
19954,Brandon Snyder,ATL,NL,37,46,8,11,5,1,4,9,1,16,0,0,0,1,0,2,0,1,0,0,1,1B|LF|3B|PH
19960,Derek Holland,TEX,AL,1,2,0,1,0,0,0,0,0,1,0,0,0,0,0,0,0,0,0,0,0,P
19961,Justin Smoak,TOR,AL,98,299,33,65,10,0,14,34,40,112,1,0,0,111,0,0,0,0,0,0,0,PH|1B|DH
19966,Devin Mesoraco,CIN,NL,16,50,2,7,1,0,0,1,5,10,0,1,13,0,0,0,0,0,0,0,0,PH|C
19967,Todd Frazier,CHW,AL,158,590,89,133,21,0,40,98,64,163,15,5,0,7,0,149,0,0,0,0,0,3B|DH|1B
19970,Andrew Cashner,SD|MIA,,23,34,3,6,0,0,0,1,3,13,0,0,0,0,0,0,0,0,0,0,0,P
19971,Steve Clevenger,SEA,AL,21,68,7,15,3,0,1,7,8,14,0,0,20,0,0,0,0,0,0,0,0,PH|C|DH
19975,Dillon Gee,KC,AL,2,1,0,0,0,0,0,0,0,0,0,0,0,0,0,0,0,0,0,0,0,P
19977,Josh Thole,TOR,AL,43,118,7,20,3,0,1,7,13,28,0,0,50,0,0,0,0,0,0,0,0,C|PH
19981,Alberto Rosario,STL,NL,18,38,3,7,2,0,0,2,2,5,0,0,17,0,0,1,0,0,0,0,0,PH|C|3B
19984,Freddie Freeman,ATL,NL,158,589,102,178,43,6,34,91,89,171,6,1,0,158,0,0,0,0,0,0,0,1B
19985,Jordan Zimmermann,DET,AL,3,4,0,1,0,0,0,0,0,2,0,0,0,0,0,0,0,0,0,0,0,P
19986,Destin Hood,MIA,NL,12,25,3,6,1,0,1,2,0,11,0,1,0,0,0,0,0,5,0,2,7,PH|LF|RF
19987,Jake Arrieta,CHC,NL,27,65,7,17,2,1,2,7,4,28,0,0,0,0,0,0,0,0,0,0,0,P
19992,Tony Cruz,KC,AL,3,4,0,0,0,0,0,1,0,3,0,0,4,0,0,0,0,0,0,0,0,C
19995,Brett Wallace,SD,NL,117,217,19,41,10,0,6,20,29,83,0,0,0,20,0,42,0,0,0,0,0,3B|PH|DH|1B
19997,Eric Fryer,STL|PIT,,52,116,19,31,4,1,0,13,13,25,0,3,54,0,0,0,0,0,0,0,0,PH|C
20004,Josh Reddick,OAK|LAD,,113,398,53,112,17,1,10,37,39,56,8,3,0,0,0,0,0,0,0,110,110,DH|RF|PH
20012,James Beresford,MIN,AL,7,22,0,5,1,0,0,0,1,6,0,0,0,6,1,3,0,0,0,0,0,3B|PH|1B
20018,Brett Lawrie,CHW,AL,94,351,35,87,22,0,12,36,30,109,7,3,0,0,92,0,0,0,0,0,0,DH|2B
20021,Matt Buschmann,ARI,NL,1,1,0,0,0,0,0,0,0,0,0,0,0,0,0,0,0,0,0,0,0,P
20023,Mat Latos,CHW|WAS,,2,5,1,1,0,0,1,1,0,3,0,0,0,0,0,0,0,0,0,0,0,P
20025,Jhoulys Chacin,ATL|LAA,,5,10,1,3,0,0,0,1,0,1,0,0,0,0,0,0,0,0,0,0,0,P
20067,Tim Beckham,TB,AL,63,198,25,49,12,5,5,16,14,67,2,1,0,6,19,7,25,0,0,0,0,PH|2B|SS|DH|1B|3B
20099,Jose Abreu,CHW,AL,159,624,67,183,32,1,25,100,47,125,0,2,0,152,0,0,0,0,0,0,0,DH|1B
20106,Leonys Martin,SEA,AL,143,518,72,128,17,3,15,47,44,149,24,6,0,0,0,0,0,0,143,0,143,CF
20121,Yu Darvish,TEX,AL,2,3,1,1,0,0,1,1,0,1,0,0,0,0,0,0,0,0,0,0,0,P
20122,Hisashi Iwakuma,SEA,AL,2,2,0,0,0,0,0,0,0,1,0,0,0,0,0,0,0,0,0,0,0,P
20129,Masahiro Tanaka,NYY,AL,1,2,0,0,0,0,0,0,0,2,0,0,0,0,0,0,0,0,0,0,0,P
20156,Hyun-Jin Ryu,LAD,NL,1,1,0,0,0,0,0,0,0,0,0,0,0,0,0,0,0,0,0,0,0,P
20202,Randall Delgado,ARI,NL,2,2,0,0,0,0,0,0,0,0,0,0,0,0,0,0,0,0,0,0,0,P
20215,Ruben Tejada,STL|SF,,32,66,9,11,5,0,0,5,7,13,0,0,0,0,4,23,7,0,0,0,0,SS|PH|2B|3B
20257,Logan Schafer,MIN,AL,23,63,8,15,3,1,0,1,8,16,0,0,0,0,0,0,0,12,3,8,22,CF|LF|PH|RF
20283,Wilmer Flores,NYM,NL,101,307,38,82,14,0,16,49,23,48,1,1,0,27,18,51,8,0,0,0,0,PH|3B|SS|2B|1B
20300,Kirk Nieuwenhuis,MIL,NL,122,335,38,70,18,1,13,44,56,133,8,9,0,0,0,0,0,5,83,28,109,PH|RF|CF|LF
20301,Ike Davis,NYY,AL,6,14,2,3,0,0,0,1,1,5,0,0,0,8,0,0,0,0,0,0,0,PH|1B
20307,Ehire Adrianza,SF,NL,38,63,3,16,2,0,2,7,2,13,0,1,0,0,7,7,13,0,0,0,0,PH|2B|3B|SS
20315,Mitch Moreland,TEX,AL,140,460,49,107,21,0,22,60,35,118,1,0,0,139,0,0,0,0,0,0,0,DH|1B|PH
20321,Charlie Culberson,LAD,NL,31,67,6,20,3,0,1,7,1,13,1,0,0,0,10,4,11,2,0,0,2,LF|3B|SS|2B|PH
20323,Brandon Crawford,SF,NL,152,553,67,152,28,11,12,84,57,115,7,0,0,0,0,0,155,0,0,0,0,SS|PH
20328,Madison Bumgarner,SF,NL,35,86,8,16,6,0,3,9,10,43,0,0,0,0,0,0,0,0,0,0,0,P|PH
20339,Dee Gordon,MIA,NL,76,325,47,87,7,6,1,14,18,55,30,7,0,0,78,0,0,0,0,0,0,2B|PH
20345,Collin Cowgill,CLE,AL,6,12,0,1,0,0,0,0,2,7,0,0,0,0,0,0,0,0,0,8,8,RF
20349,Jordy Mercer,PIT,NL,147,519,66,133,22,3,11,59,51,83,1,1,0,0,0,0,146,0,0,0,0,PH|SS
20351,Brandon Guyer,TB|CLE,,100,293,39,78,17,1,9,32,19,55,3,2,0,0,0,0,0,51,18,19,83,RF|LF|CF|DH|PH
20354,Danny Espinosa,WAS,NL,156,516,66,108,15,0,24,72,54,174,9,2,0,0,0,0,157,0,0,0,0,SS|PH
20355,Stephen Vogt,OAK,AL,137,490,54,123,30,2,14,56,35,83,0,0,113,1,0,0,0,0,0,0,0,DH|C|1B|PH
20359,Ryan Kalish,CHC,NL,7,7,1,2,0,0,0,2,1,0,0,0,0,0,0,0,0,2,0,1,3,PH|LF
20364,Zack Cozart,CIN,NL,121,464,67,117,28,2,16,50,37,84,4,1,0,0,0,0,111,0,0,0,0,SS|PH|DH
20368,Michael Martinez,CLE|BOS,,43,101,16,24,4,0,1,4,4,23,0,2,0,0,21,2,6,9,11,11,29,PH|2B|RF|CF|3B|LF|SS
20371,Tim Federowicz,CHC,NL,17,31,3,6,2,0,0,3,1,12,0,0,12,0,0,0,0,0,0,0,0,C|PH
20384,Miguel Rojas,MIA,NL,90,194,27,48,12,0,1,14,11,27,2,1,0,41,45,16,33,0,0,0,0,2B|PH|3B|SS|1B
20403,Anthony Rizzo,CHC,NL,154,583,94,170,43,4,32,109,74,108,3,5,0,154,1,0,0,0,0,0,0,PH|1B
20409,Josh Harrison,PIT,NL,130,487,57,138,25,7,4,59,18,76,19,4,0,0,128,0,0,0,0,1,1,PH|2B
20411,Daniel Descalso,COL,NL,98,250,38,66,12,2,8,38,34,56,3,0,0,16,14,4,31,7,0,0,7,3B|DH|2B|1B|LF|PH|SS
20416,Eduardo Escobar,MIN,AL,103,352,32,83,14,2,6,37,21,72,1,3,0,0,6,23,71,2,0,0,2,LF|PH|DH|SS|3B|2B
20421,Robbie Grossman,MIN,AL,97,332,49,93,19,1,11,37,55,96,2,3,0,0,0,0,0,75,1,0,75,CF|LF|PH|DH
20438,Pedro Baez,LAD,NL,1,1,0,0,0,0,0,0,0,0,0,0,0,0,0,0,0,0,0,0,0,P
20443,Chris Parmelee,NYY,AL,2,8,4,4,1,0,2,4,0,3,0,0,0,6,0,0,0,0,0,0,0,1B
20452,Tanner Roark,WAS,NL,32,64,1,8,1,0,0,3,5,25,0,0,0,0,0,0,0,0,0,0,0,P
20483,Daniel Robertson,SEA,AL,7,19,1,5,1,0,0,1,1,3,0,1,0,0,0,0,0,6,1,3,8,CF|RF|PH|LF
20487,Starlin Castro,NYY,AL,150,577,63,156,29,1,21,70,24,118,4,0,0,0,150,0,3,0,0,0,0,SS|2B|PH
20525,Tommy Pham,STL,NL,65,159,26,36,7,0,9,17,20,71,2,2,0,0,0,0,0,30,34,5,66,LF|CF|RF|PH
20539,Steven Wright,BOS,AL,1,4,0,0,0,0,0,0,0,3,0,0,0,0,0,0,0,0,0,0,0,P
20580,Chase d'Arnaud,ATL,NL,81,233,24,57,14,2,1,21,23,50,9,3,0,0,10,19,21,8,4,1,13,RF|3B|2B|SS|CF|LF|0|PH
20591,Doug Fister,HOU,AL,3,5,0,1,0,0,0,2,0,1,0,0,0,0,0,0,0,0,0,0,0,P
20593,Stephen Strasburg,WAS,NL,22,48,3,10,1,0,0,2,2,11,0,0,0,0,0,0,0,0,0,0,0,P
20594,Dustin Ackley,NYY,AL,25,61,6,9,0,0,0,4,8,9,0,0,0,13,1,0,0,0,0,9,9,1B|DH|RF|PH
20599,Yohan Flande,COL,NL,1,0,0,0,0,0,0,0,0,0,0,0,0,0,0,0,0,0,0,0,0,P
20605,Jeremy Hellickson,PHI,NL,30,54,3,9,1,0,0,4,4,24,0,0,0,0,0,0,0,0,0,0,0,P
20606,Desmond Jennings,TB,AL,60,200,22,40,7,1,7,20,21,58,2,0,0,0,0,0,0,33,30,0,62,LF|DH|CF|PH
20622,Jarrod Dyson,KC,AL,92,299,46,83,14,8,1,25,26,39,30,7,0,0,0,0,0,19,57,21,95,RF|LF|CF|PH|DH
20625,Travis Wood,CHC,NL,12,11,0,2,0,0,0,1,1,5,0,0,0,0,0,0,0,3,0,0,3,P|LF|PH
20626,Juan Nicasio,PIT,NL,11,19,1,3,0,0,0,1,0,7,0,0,0,0,0,0,0,0,0,0,0,P
20631,Bryan Morris,MIA,NL,1,1,0,0,0,0,0,0,0,1,0,0,0,0,0,0,0,0,0,0,0,P
20644,Grant Green,SF,NL,18,46,7,12,2,0,1,7,3,8,0,0,0,0,15,0,0,0,0,0,0,2B|PH
20645,Max Stassi,HOU,AL,7,13,1,1,0,0,0,0,0,5,0,0,8,0,0,0,0,0,0,0,0,PH|C
20647,Travis d'Arnaud,NYM,NL,73,251,27,62,7,0,4,15,19,50,0,0,73,0,0,0,0,0,0,0,0,C|PH
20651,Jose Iglesias,DET,AL,135,467,57,119,26,0,4,32,28,50,7,4,0,0,0,0,136,0,0,0,0,SS|PH
20658,Ben Revere,WAS,NL,99,350,44,76,9,7,2,24,18,34,14,5,0,0,0,0,0,25,74,0,87,LF|CF|PH
20664,Blake Lalli,ATL,NL,10,13,0,2,1,0,0,1,0,3,0,0,0,4,0,0,0,0,0,0,0,1B|PH
20666,Lonnie Chisenhall,CLE,AL,120,385,43,110,25,5,8,57,23,70,6,0,0,3,0,1,0,0,2,118,119,RF|CF|3B|1B|PH
20667,Frank Herrmann,PHI,NL,1,1,0,0,0,0,0,0,0,1,0,0,0,0,0,0,0,0,0,0,0,P
20673,Josh Phegley,OAK,AL,24,78,11,20,6,0,1,10,5,13,0,0,25,0,0,0,0,0,0,0,0,C|PH
20678,Danny Duffy,KC,AL,2,5,1,1,0,0,0,1,0,1,0,0,0,0,0,0,0,0,0,0,0,P
20679,David Lough,PHI,NL,27,67,6,16,3,1,0,4,9,8,1,2,0,0,0,0,0,15,0,11,23,LF|RF|PH
20680,Mike Moustakas,KC,AL,27,104,12,25,6,0,7,13,9,13,0,1,0,0,0,26,0,0,0,0,0,3B|PH
20682,Caleb Joseph,BAL,AL,44,132,7,23,3,0,0,0,7,28,0,0,48,2,0,0,0,0,0,0,0,C|1B
20683,Mike Leake,STL,NL,28,49,3,7,1,0,0,4,3,19,0,0,0,0,0,0,0,0,0,0,0,P
20686,Hector Sanchez,CHW|SD,,26,49,3,13,1,0,3,8,4,10,0,0,14,0,0,0,0,0,0,0,0,PH|C
20690,Derek Norris,SD,NL,122,415,50,77,17,0,14,42,36,139,9,2,116,3,0,0,0,0,0,0,0,C|PH|1B
20711,Alexi Amarista,SD,NL,60,140,9,36,2,0,0,11,8,26,9,2,0,0,28,5,12,5,0,5,10,3B|2B|SS|PH|RF|LF
20713,Tyler Chatwood,COL,NL,27,53,3,10,0,1,0,4,2,14,0,0,0,0,0,0,0,0,0,0,0,P
20720,Casey Kelly,ATL,NL,3,2,0,0,0,0,0,0,0,1,0,0,0,0,0,0,0,0,0,0,0,P
20736,Christian Friedrich,SD,NL,22,37,2,2,0,0,0,2,3,23,0,0,0,0,0,0,0,0,0,0,0,P
20739,Jordan Pacheco,CIN,NL,31,51,1,8,4,0,0,0,0,14,0,0,0,3,3,4,0,0,0,0,0,PH|1B|DH|3B|2B
20747,Jesus Sucre,SEA,AL,9,25,4,12,2,0,1,5,2,5,0,0,9,0,0,0,0,0,0,0,0,C
20753,Logan Forsythe,TB,AL,127,511,76,135,24,4,20,52,46,127,6,6,0,0,118,0,0,0,0,0,0,2B|PH|DH
20802,Rafael Lopez,CIN,NL,6,7,0,0,0,0,0,0,0,3,0,0,4,1,0,0,0,0,0,0,0,DH|C|PH
20813,Kyle Seager,SEA,AL,158,597,89,166,36,3,30,99,69,108,3,1,0,0,0,156,0,0,0,0,0,DH|3B
20818,Steven Souza Jr.,TB,AL,119,430,58,106,17,1,17,49,31,159,7,6,0,0,0,0,0,0,3,111,113,DH|RF|CF|PH
20825,Avisail Garcia,CHW,AL,120,413,59,101,18,2,12,51,34,115,4,4,0,0,0,0,0,11,0,46,55,DH|PH|LF|RF
20828,Michael Pineda,NYY,AL,1,1,0,0,0,0,0,0,0,1,0,0,0,0,0,0,0,0,0,0,0,P
20833,Ryan Goins,TOR,AL,62,183,13,34,9,2,3,12,9,48,1,1,0,2,37,6,28,2,0,1,3,2B|SS|PH|DH|LF|RF|3B|1B
20834,Jeremy Hazelbaker,STL,NL,98,200,35,47,7,3,12,28,18,64,5,2,0,0,0,0,0,52,21,6,73,RF|PH|CF|LF
20841,Leury Garcia,CHW,AL,14,48,6,11,1,1,1,5,1,13,2,1,0,0,0,0,0,0,16,0,16,CF
20842,Nick Franklin,TB,AL,59,174,18,47,10,1,6,26,12,42,6,1,0,9,8,0,5,18,0,7,25,PH|DH|LF|2B|RF|SS|1B
20843,Cole Figueroa,PIT,NL,21,26,0,4,0,0,0,3,1,2,1,0,0,0,5,2,2,0,0,0,0,3B|PH|2B|SS
20845,Cory Gearrin,SF,NL,1,1,0,1,0,0,0,0,0,0,0,0,0,0,0,0,0,1,0,0,1,P
20850,A.J. Pollock,ARI,NL,11,41,9,10,0,0,2,4,5,8,4,0,0,0,0,0,0,0,12,0,12,CF
20851,Wade Miley,SEA|BAL,,5,11,1,2,0,0,0,0,0,2,0,0,0,0,0,0,0,0,0,0,0,P
20863,Jimmy Paredes,TOR|PHI,,83,158,15,35,8,0,5,19,7,48,0,1,0,0,2,2,0,23,0,20,37,3B|2B|DH|RF|LF|PH
20871,D.J. LeMahieu,COL,NL,146,552,104,192,32,8,11,66,66,80,11,7,0,0,146,0,0,0,0,0,0,2B|PH
20883,Shelby Miller,ARI,NL,19,32,4,4,1,1,0,0,0,21,0,0,0,0,0,0,0,1,0,0,1,LF|P
20890,Shawn O'Malley,SEA,AL,73,210,24,48,9,2,2,17,18,59,6,2,0,0,12,7,36,15,5,19,34,SS|CF|LF|RF|2B|3B|PH
20898,Scott Van Slyke,LAD,NL,47,102,10,23,6,0,1,7,5,24,1,2,0,7,0,0,0,19,1,10,29,PH|1B|CF|RF|LF
20901,Junior Lake,TOR,AL,13,35,5,7,3,0,1,2,4,11,1,0,0,1,0,0,0,0,0,19,19,PH|1B|RF
20911,Ryan Flaherty,BAL,AL,60,157,16,34,7,0,3,15,17,48,2,0,0,7,1,40,13,3,0,6,9,LF|PH|3B|1B|RF|P|SS
20917,J.B. Shuck,CHW,AL,73,224,27,46,5,2,4,14,12,21,3,3,0,0,0,0,0,3,60,2,65,RF|DH|LF|CF|PH
20918,Brandon Barnes,COL,NL,45,100,10,22,6,2,0,8,3,30,1,2,0,0,0,0,0,29,13,2,43,CF|PH|LF|RF
20921,Trayce Thompson,LAD,NL,77,236,31,53,11,0,13,32,26,66,5,1,0,0,0,0,0,24,32,28,71,PH|LF|RF|CF
20923,Hector Santiago,LAA,AL,2,3,0,1,0,0,0,0,0,1,0,0,0,0,0,0,0,0,0,0,0,P
20932,Keon Broxton,MIL,NL,73,207,28,50,10,1,9,19,36,88,23,4,0,0,0,0,0,0,68,0,68,CF|PH
20965,Jake Odorizzi,TB,AL,2,4,0,1,0,0,0,1,0,1,0,0,0,0,0,0,0,0,0,0,0,P
20967,Roberto Perez,CLE,AL,55,153,14,28,6,1,3,17,23,44,0,0,61,0,0,0,0,0,0,0,0,C
20968,Matt McBride,OAK,AL,18,43,4,9,3,0,0,2,1,10,0,0,16,1,0,0,0,0,0,1,1,DH|PH|C|1B
20972,Darin Mastroianni,MIN,AL,4,9,1,0,0,0,0,0,2,4,1,0,0,0,0,0,0,1,1,4,6,CF|LF|RF
20983,Jose Pirela,SD,NL,15,39,2,6,2,0,0,0,1,9,0,1,0,0,12,0,0,0,0,1,1,PH|2B|RF
20984,Ryan Schimpf,SD,NL,88,276,48,60,17,5,20,51,42,105,1,1,0,0,68,14,0,1,0,0,1,3B|PH|2B|LF
20989,Starling Marte,PIT,NL,127,489,71,152,34,5,9,46,23,104,47,12,0,0,0,0,0,114,16,0,123,PH|LF|CF
20992,Brock Holt,BOS,AL,91,290,45,74,16,0,7,34,27,58,4,3,0,0,8,17,7,64,0,5,68,LF|RF|2B|SS|3B|DH|PH
20999,Mike Trout,LAA,AL,158,549,123,173,32,5,29,100,116,137,30,7,0,0,0,0,0,0,148,0,148,PH|CF|DH
21001,Juan Lagares,NYM,NL,62,142,15,34,7,2,3,9,11,27,4,2,0,0,0,0,0,1,68,2,71,CF|RF|PH
21008,Chris Owings,ARI,NL,117,437,52,121,24,11,5,49,20,87,21,2,0,0,1,0,70,0,49,0,49,PH|2B|CF|SS
21015,Rafael Ynoa,COL,NL,3,5,0,0,0,0,0,0,0,2,0,0,0,0,0,0,0,2,0,0,2,PH|LF
21016,Jerry Sands,CHW,AL,23,55,2,13,0,0,1,7,3,24,0,0,0,4,0,0,0,3,0,1,4,DH|LF|1B|PH
21032,Hernan Perez,MIL,NL,123,404,50,110,18,3,13,56,18,94,34,7,0,6,11,60,3,2,8,36,46,PH|SS|RF|LF|2B|1B|3B|CF
21042,Yangervis Solarte,SD,NL,109,405,55,116,26,1,15,71,30,63,1,1,0,2,15,95,0,0,0,0,0,PH|2B|3B|1B
21046,Brandon Belt,SF,NL,155,542,77,149,41,8,17,82,104,148,0,4,0,151,0,0,0,3,0,0,3,PH|LF|1B
21054,Clint Robinson,WAS,NL,102,196,16,46,4,0,5,26,20,38,0,0,0,46,0,0,0,3,0,0,3,1B|LF|PH|DH
21070,Justin Bour,MIA,NL,90,280,35,74,12,1,15,51,38,56,0,0,0,82,0,0,0,0,0,0,0,DH|PH|1B
21081,Abraham Almonte,CLE,AL,65,182,24,48,20,1,1,22,8,42,8,0,0,0,0,0,0,34,2,36,58,CF|PH|LF|RF
21107,Jean Segura,ARI,NL,153,637,102,203,41,7,20,64,39,101,33,10,0,0,142,0,23,0,0,0,0,PH|SS|2B
21127,Josh Tomlin,CLE,AL,2,5,1,2,1,0,0,0,0,2,0,0,0,0,0,0,0,0,0,0,0,P
21133,Steven Moya,DET,AL,30,94,9,24,4,2,5,11,5,38,0,1,0,0,0,0,0,8,0,18,26,LF|DH|RF|PH
21142,Paul Goldschmidt,ARI,NL,158,579,106,172,33,3,24,95,110,150,32,5,0,157,0,0,0,0,0,0,0,DH|1B
21163,Marcell Ozuna,MIA,NL,148,557,75,148,23,6,23,76,43,115,0,3,0,0,0,0,0,11,123,9,142,PH|CF|RF|LF
21165,Kyle Jensen,ARI,NL,17,31,5,6,0,1,2,7,2,13,0,0,0,4,0,0,0,4,0,1,5,PH|RF|LF|1B|DH
21169,Jose Alvarez,LAA,AL,1,1,0,0,0,0,0,0,0,0,0,0,0,0,0,0,0,0,0,0,0,P
21172,Arquimedes Caminero,PIT,NL,2,2,0,0,0,0,0,0,0,1,0,0,0,0,0,0,0,0,0,0,0,P
21182,Adeiny Hechavarria,MIA,NL,147,508,52,120,17,6,3,38,33,73,1,0,0,0,0,0,153,0,0,0,0,PH|SS
21187,Jhan Marinez,MIL,NL,3,3,0,0,0,0,0,0,0,1,0,0,0,0,0,0,0,0,0,0,0,P
21190,Chris Sale,CHW,AL,3,6,0,1,0,0,0,0,0,2,0,0,0,0,0,0,0,0,0,0,0,P
21197,Bryce Harper,WAS,NL,147,506,84,123,24,2,24,86,108,117,21,10,0,0,0,0,0,0,0,143,143,PH|RF
21200,Wily Peralta,MIL,NL,21,39,2,5,1,0,1,6,0,15,0,0,0,0,0,0,0,0,0,0,0,P
21209,Josh Collmenter,ATL,NL,3,6,0,0,0,0,0,0,0,6,0,0,0,0,0,0,0,0,0,0,0,P
21218,Corey Kluber,CLE,AL,2,4,1,1,1,0,0,0,0,3,0,0,0,0,0,0,0,0,0,0,0,P
21226,Jeff Locke,PIT,NL,19,32,0,4,0,0,0,0,1,17,0,0,0,0,0,0,0,0,0,0,0,P
21228,Tony Watson,PIT,NL,1,0,0,0,0,0,0,0,0,0,0,0,0,0,0,0,0,0,0,0,0,P
21255,Albert Suarez,SF,NL,13,21,1,4,2,0,0,2,0,11,0,0,0,0,0,0,0,0,0,0,0,P
21263,Tommy Joseph,PHI,NL,106,315,47,81,15,0,21,47,22,75,1,1,0,97,0,0,0,0,0,0,0,PH|1B
21269,Matt Carpenter,STL,NL,129,473,81,128,36,6,21,68,81,108,0,4,0,45,40,54,0,0,0,0,0,3B|PH|2B|DH|1B
21273,John Lamb,CIN,NL,12,20,0,1,0,0,0,0,1,12,0,0,0,0,0,0,0,0,0,0,0,P
21274,Mike Montgomery,CHC,NL,7,11,2,1,0,0,0,1,0,5,0,0,0,0,0,0,0,0,0,0,0,P
21275,Salvador Perez,KC,AL,139,514,57,127,28,2,22,64,22,119,0,0,128,1,0,0,0,0,0,0,0,1B|DH|PH|C
21276,Johnny Giavotella,LAA,AL,97,346,44,90,20,1,6,31,13,39,4,3,0,0,97,0,0,0,0,0,0,2B|PH
21277,Eric Hosmer,KC,AL,158,605,80,161,24,1,25,104,57,132,5,3,0,154,0,0,0,0,0,0,0,1B|DH
21278,Kyle Gibson,MIN,AL,3,7,1,0,0,0,0,0,1,5,0,0,0,0,0,0,0,0,0,0,0,P
21279,Chris Herrmann,ARI,NL,56,148,21,42,5,4,6,28,16,44,4,0,31,2,0,0,0,3,2,4,9,RF|CF|1B|C|LF|PH
21280,Brian Dozier,MIN,AL,155,615,104,165,35,5,42,99,61,138,18,2,0,0,151,0,0,0,0,0,0,PH|DH|2B
21281,Drew Pomeranz,SD|BOS,,18,35,2,5,0,0,1,4,0,21,0,0,0,0,0,0,0,0,0,0,0,P
21283,Jason Kipnis,CLE,AL,156,610,91,168,41,4,23,82,60,146,15,3,0,0,151,0,0,0,0,0,0,2B|DH|PH
21286,Bryan Holaday,TEX|BOS,,40,117,17,27,7,1,2,14,7,28,0,1,40,0,0,1,0,1,0,0,1,C|LF|DH
21295,Anthony Gose,DET,AL,27,91,11,19,2,2,2,7,9,38,0,1,0,0,0,0,0,0,30,0,30,CF
21296,Brad Hand,SD,NL,4,4,0,0,0,0,0,0,0,1,0,0,0,0,0,0,0,0,0,0,0,P
21298,Tom Koehler,MIA,NL,30,51,1,5,0,0,0,4,1,28,0,0,0,0,0,0,0,0,0,0,0,P
21315,Mike Broadway,SF,NL,1,0,0,0,0,0,0,0,0,0,0,0,0,0,0,0,0,0,0,0,0,P
21316,Brett Oberholtzer,PHI,NL,7,7,0,1,0,0,0,0,0,2,0,0,0,0,0,0,0,0,0,0,0,P
21317,Julio Teheran,ATL,NL,29,49,1,10,1,0,0,2,1,16,0,0,0,0,0,0,0,0,0,0,0,PH|P
21319,Christian Bethancourt,SD,NL,69,193,20,44,9,0,6,25,10,56,1,2,41,0,1,0,0,8,0,4,12,PH|DH|LF|RF|C
21320,Jordan Lyles,COL,NL,6,8,0,0,0,0,0,0,0,4,0,0,0,0,0,0,0,0,0,0,0,P
21324,Rubby De La Rosa,ARI,NL,8,14,0,1,0,0,0,1,0,3,0,0,0,0,0,0,0,0,0,0,0,P
21327,Ben Paulsen,COL,NL,38,92,8,20,5,0,1,11,5,27,0,0,0,23,0,0,0,7,0,0,7,1B|LF|PH
21332,David Phelps,MIA,NL,7,11,0,2,0,0,0,1,0,3,0,0,0,0,0,0,0,0,0,0,0,P
21333,Adam Warren,CHC,NL,4,3,0,0,0,0,0,0,0,3,0,0,0,0,0,0,0,0,0,0,0,P
21375,Matt Davidson,CHW,AL,1,2,1,1,0,0,0,1,0,1,0,0,0,0,0,0,0,0,0,0,0,DH
21377,Will Middlebrooks,MIL,NL,10,27,2,3,0,0,0,1,4,13,0,0,0,0,0,8,0,0,0,0,0,3B|PH
21431,Scooter Gennett,MIL,NL,136,498,58,131,30,1,14,56,38,114,8,1,0,0,127,0,0,0,0,0,0,2B|DH|PH
21436,Nathan Eovaldi,NYY,AL,3,5,0,0,0,0,0,0,1,4,0,0,0,0,0,0,0,0,0,0,0,P
21437,Jurickson Profar,TEX,AL,87,272,35,65,6,3,5,20,30,61,2,1,0,17,19,25,11,14,0,0,14,DH|SS|2B|PH|1B|LF|3B
21439,Tucker Barnhart,CIN,NL,115,377,34,97,23,1,7,51,36,72,1,0,108,0,0,0,0,0,0,0,0,C|PH
21445,Matt den Dekker,WAS,NL,19,34,3,6,1,0,1,4,4,10,1,0,0,0,0,0,0,3,6,4,12,PH|RF|CF|LF
21447,Nick Castellanos,DET,AL,110,411,54,117,25,4,18,58,28,111,1,1,0,0,0,108,0,0,0,0,0,PH|3B|DH
21448,Dixon Machado,DET,AL,6,10,1,1,0,0,0,0,3,4,0,0,0,0,2,0,6,0,0,0,0,SS|PH
21451,Cesar Hernandez,PHI,NL,154,547,67,161,14,11,6,39,66,116,17,13,0,0,149,0,4,0,0,0,0,SS|PH|2B
21456,Billy Hamilton,CIN,NL,114,411,69,107,19,3,3,17,36,93,58,8,0,0,0,0,0,0,115,0,115,PH|CF
21459,Kyle Waldrop,CIN,NL,15,22,1,5,1,0,0,1,1,5,0,1,0,0,0,0,0,2,0,2,4,LF|RF|DH|PH
21461,Tyler Saladino,CHW,AL,85,298,33,84,14,0,8,38,13,62,11,5,0,2,41,10,32,1,1,1,3,1B|SS|3B|PH|LF|2B|DH
21463,Jake Marisnick,HOU,AL,102,287,40,60,18,1,5,21,16,83,10,5,0,0,0,0,0,26,74,5,105,DH|PH|CF|LF|RF
21467,Zach Walters,LAD,NL,3,5,0,0,0,0,0,0,0,2,0,0,0,1,0,0,0,1,0,1,1,RF|PH
21468,Ronald Torreyes,NYY,AL,58,155,20,40,7,4,1,12,10,20,2,1,0,0,14,34,15,0,0,2,2,PH|DH|RF|SS|2B|3B
21470,Michael Freeman,ARI|SEA,,15,22,1,5,1,0,0,1,2,7,0,0,0,0,5,0,2,1,0,1,2,RF|SS|DH|PH|2B
21475,Jared Hoying,TEX,AL,25,46,8,10,2,0,0,5,3,8,1,0,0,0,0,0,0,13,1,17,31,LF|CF|PH|DH|RF
21479,Todd Cunningham,LAA,AL,12,27,5,4,3,0,0,1,1,6,0,1,0,0,0,0,0,17,1,1,18,RF|LF|CF
21481,Phil Gosselin,ARI,NL,121,220,26,61,12,1,2,13,15,46,3,0,0,6,35,10,0,2,0,1,3,2B|LF|RF|3B|1B|PH|DH
21484,J.D. Martinez,DET,AL,120,460,69,141,35,2,22,68,49,128,1,2,0,0,0,0,0,0,0,118,118,DH|RF|PH
21487,Jonathan Villar,MIL,NL,156,589,92,168,38,3,19,63,79,174,62,18,0,0,11,42,108,0,0,0,0,SS|3B|PH|2B
21488,Yadiel Rivera,MIL,NL,29,66,12,14,4,0,0,3,2,20,0,0,0,0,13,15,5,0,0,0,0,PH|2B|SS|3B
21499,Wil Myers,SD,NL,157,599,99,155,29,4,28,94,68,160,28,6,0,149,0,1,0,3,0,7,10,LF|PH|RF|1B
21500,Christian Colon,KC,AL,52,147,13,34,6,0,1,13,11,31,0,1,0,0,32,15,4,0,0,0,0,3B|2B|PH|DH|SS
21504,Brett Eibner,KC|OAK,,64,187,21,36,10,1,6,22,19,50,0,2,0,0,0,0,0,13,19,28,56,DH|LF|PH|RF|CF
21506,Darrell Ceciliani,TOR,AL,9,27,2,3,2,0,0,1,1,14,0,0,0,0,0,0,0,8,0,4,12,RF|LF
21516,Reymond Fuentes,KC,AL,12,41,2,13,1,0,0,5,3,8,0,2,0,0,0,0,0,3,0,9,12,RF|LF
21529,Patrick Corbin,ARI,NL,26,49,7,15,3,1,0,4,1,14,0,1,0,0,0,0,0,0,0,0,0,PH|P
21540,Ender Inciarte,ATL,NL,130,522,85,152,24,7,3,29,45,68,16,7,0,0,0,0,0,10,120,0,129,LF|CF|PH
21548,Nolan Arenado,COL,NL,160,618,116,182,35,6,41,133,68,103,2,3,0,0,0,160,0,0,0,0,0,3B
21549,Matt Szczur,CHC,NL,98,185,30,48,9,1,5,24,13,39,2,4,0,0,0,0,0,50,15,15,70,LF|PH|CF|RF
21554,Adam Eaton,CHW,AL,155,619,91,176,29,9,14,59,63,115,14,5,0,0,0,0,0,1,48,121,156,LF|RF|DH|CF
21560,Delino DeShields,TEX,AL,58,182,36,38,7,0,4,13,15,54,8,3,0,0,0,0,0,26,33,0,59,CF|LF|PH
21562,Matt Adams,STL,NL,115,297,37,74,18,0,16,54,25,81,0,1,0,86,0,0,0,0,0,0,0,1B|PH
21573,Didi Gregorius,NYY,AL,153,562,68,155,32,2,20,70,19,82,7,1,0,0,0,0,153,0,0,0,0,SS|PH
21574,Danny Santana,MIN,AL,66,233,29,56,10,2,2,14,12,55,12,9,0,0,3,1,3,17,40,6,61,2B|CF|SS|PH|3B|RF|LF
21576,Christian Vazquez,BOS,AL,54,172,21,39,9,1,1,12,10,39,0,0,56,0,0,0,0,0,0,0,0,PH|C|DH
21579,Joc Pederson,LAD,NL,135,406,64,100,26,0,25,68,63,130,6,2,0,0,0,0,0,0,132,0,132,PH|CF
21587,Aaron Hicks,NYY,AL,109,327,32,71,13,1,8,31,30,68,3,4,0,0,0,0,0,25,24,86,119,DH|CF|RF|PH|LF
21588,Jedd Gyorko,STL,NL,128,400,58,97,9,1,30,59,37,96,0,0,0,11,46,39,26,0,0,0,0,PH|1B|3B|SS|2B
21592,Randal Grichuk,STL,NL,131,446,66,107,29,3,24,68,28,141,5,4,0,0,0,0,0,4,115,3,119,PH|CF|LF|RF
21594,Kole Calhoun,LAA,AL,157,594,91,161,35,5,18,75,67,118,2,3,0,0,0,0,0,0,0,154,154,RF|DH|PH
21595,Manny Machado,BAL,AL,157,640,105,188,40,1,37,96,48,120,0,3,0,0,0,114,45,0,0,0,0,SS|3B
21612,Juan Centeno,MIN,AL,55,176,16,46,12,1,3,25,12,38,0,0,53,0,0,0,0,0,0,0,0,C|PH|DH
21615,Kevin Kiermaier,TB,AL,105,366,55,90,20,2,12,37,40,74,21,3,0,0,0,0,0,0,104,0,104,PH|CF
21624,Bryce Brentz,BOS,AL,22,61,8,17,3,0,1,7,3,17,0,0,0,0,0,0,0,22,0,0,22,PH|LF|DH
21627,Drew Hutchison,PIT,NL,1,1,0,0,0,0,0,0,0,1,0,0,0,0,0,0,0,0,0,0,0,P
21628,Darin Ruf,PHI,NL,42,83,8,17,2,0,3,9,4,25,0,1,0,14,0,0,0,13,0,0,13,PH|1B|LF
21642,Jarrett Parker,SF,NL,58,127,22,30,3,1,5,14,19,44,0,1,0,0,0,0,0,17,1,21,37,RF|LF|CF|DH|PH
21648,John Ryan Murphy,MIN,AL,25,82,4,12,3,0,1,3,5,19,0,0,25,0,0,0,0,0,0,0,0,PH|C
21658,Khris Davis,OAK,AL,150,555,85,137,24,2,42,102,42,166,1,2,0,0,0,0,0,93,0,0,93,DH|PH|LF
21679,Jake Smolinski,OAK,AL,94,290,28,69,6,2,7,27,19,44,1,2,0,0,0,0,0,18,49,29,93,RF|PH|LF|CF
21689,Jaff Decker,TB,AL,19,52,1,8,1,0,0,1,4,14,1,0,0,0,0,0,0,3,2,13,16,LF|PH|DH|CF|RF
21694,Tommy La Stella,CHC,NL,73,148,17,40,12,1,2,11,18,27,0,1,0,0,9,33,0,0,0,0,0,3B|2B|PH
21724,Jared Hughes,PIT,NL,1,1,0,0,0,0,0,0,0,1,0,0,0,0,0,0,0,0,0,0,0,P
21725,Andy Wilkins,MIL,NL,25,24,3,3,1,0,1,3,3,10,1,0,0,3,0,0,0,0,0,1,1,RF|1B|PH
21744,Martin Perez,TEX,AL,2,3,0,1,0,0,0,0,0,1,0,0,0,0,0,0,0,0,0,0,0,P
21754,Curt Casali,TB,AL,80,226,23,42,10,0,8,25,25,82,0,0,76,0,0,0,0,0,0,0,0,PH|C|DH
21756,Jose Altuve,HOU,AL,161,640,108,216,42,5,24,96,60,70,30,10,0,0,148,0,1,0,0,0,0,2B|SS|DH
21758,Trevor Bauer,CLE,AL,3,5,0,0,0,0,0,0,0,5,0,0,0,0,0,0,0,0,0,0,0,P
21766,Matt Moore,TB|SF,,15,31,2,3,0,0,0,0,0,13,0,0,0,0,0,0,0,0,0,0,0,P
21773,Paul Clemens,MIA|SD,,14,21,1,0,0,0,0,0,1,11,0,0,0,0,0,0,0,0,0,0,0,P
21775,Danny Salazar,CLE,AL,2,5,1,0,0,0,0,0,0,3,0,0,0,0,0,0,0,0,0,0,0,P
21780,Oswaldo Arcia,MIN|TB|MIA,,69,202,17,41,7,1,8,23,18,80,1,1,0,0,0,0,0,19,0,39,56,LF|RF|PH|DH
21787,Oliver Drake,BAL,AL,1,1,0,0,0,0,0,0,0,1,0,0,0,0,0,0,0,0,0,0,0,P
21792,Dylan Bundy,BAL,AL,1,3,0,0,0,0,0,0,0,2,0,0,0,0,0,0,0,0,0,0,0,P
21793,Jose Quintana,CHW,AL,1,2,0,0,0,0,0,0,0,1,0,0,0,0,0,0,0,0,0,0,0,P
21800,Anthony Rendon,WAS,NL,156,567,91,153,38,2,20,85,65,117,12,6,0,0,0,155,0,0,0,0,0,PH|3B
21808,Wei-Yin Chen,MIA,NL,21,44,0,0,0,0,0,0,0,18,0,0,0,0,0,0,0,0,0,0,0,P
21809,Vicente Campos,ARI,NL,1,2,0,0,0,0,0,0,0,0,0,0,0,0,0,0,0,0,0,0,0,P
21816,Chris Rusin,COL,NL,18,29,2,5,0,1,0,3,0,6,0,0,0,0,0,0,0,0,0,0,0,P
21819,Evan Gattis,HOU,AL,128,447,58,112,19,0,32,72,43,127,2,1,55,0,0,0,0,0,0,0,0,DH|C|PH
21820,Andrelton Simmons,LAA,AL,124,448,48,126,22,2,4,44,28,38,10,1,0,0,0,0,124,0,0,0,0,SS
21821,Chad Bettis,COL,NL,28,49,2,2,0,0,0,2,4,21,0,0,0,0,0,0,0,0,0,0,0,P
21824,Rob Scahill,PIT,NL,2,2,0,0,0,0,0,0,0,1,0,0,0,0,0,0,0,0,0,0,0,P
21827,Yan Gomes,CLE,AL,68,251,22,42,11,1,9,34,9,69,0,0,73,0,0,0,0,0,0,0,0,DH|C|PH
21831,George Springer,HOU,AL,161,644,116,168,29,5,29,82,88,178,9,10,0,0,0,0,0,0,1,147,148,RF|DH|CF
21832,Drew Smyly,TB,AL,1,2,0,0,0,0,0,0,0,0,0,0,0,0,0,0,0,0,0,0,0,P
21833,James McCann,DET,AL,103,344,31,76,9,1,12,48,23,109,0,1,99,0,0,0,0,0,0,0,0,C|PH|DH
21834,Sonny Gray,OAK,AL,1,2,0,0,0,0,0,0,0,1,0,0,0,0,0,0,0,0,0,0,0,P
21843,Matt Harvey,NYM,NL,15,22,2,3,1,0,0,0,0,8,0,0,0,0,0,0,0,0,0,0,0,P
21844,Sandy Leon,BOS,AL,78,252,36,78,17,2,7,35,23,66,0,0,74,0,0,0,0,0,0,0,0,PH|DH|C
21847,Taylor Jungmann,MIL,NL,6,8,1,1,0,0,0,0,0,4,0,0,0,0,0,0,0,0,0,0,0,P
21850,Gerrit Cole,PIT,NL,21,40,3,8,1,0,1,3,0,19,0,0,0,0,0,0,0,0,0,0,0,P
21851,Ramon Cabrera,CIN,NL,60,171,11,42,10,0,3,23,8,30,1,1,48,0,0,0,0,0,0,0,0,C|PH
21853,Tyrell Jenkins,ATL,NL,10,13,0,0,0,0,0,0,0,4,0,0,0,0,0,0,0,0,0,0,0,P
21854,Trevor Rosenthal,STL,NL,1,1,0,0,0,0,0,0,0,1,0,0,0,0,0,0,0,0,0,0,0,P
21857,Kolten Wong,STL,NL,115,313,39,75,7,7,5,23,34,52,7,0,0,0,88,0,0,6,8,4,16,CF|LF|PH|0|2B|RF
21861,Robbie Erlin,SD,NL,3,6,0,0,0,0,0,0,0,3,0,0,0,0,0,0,0,0,0,0,0,P
21870,Andrew Susac,MIL,NL,7,17,3,4,1,0,1,2,2,5,0,0,6,0,0,0,0,0,0,0,0,PH|C
21871,Joe Panik,SF,NL,125,464,67,111,21,7,10,62,50,47,5,0,0,0,126,0,0,0,0,0,0,PH|2B
21876,Gary Sanchez,NYY,AL,53,201,34,60,12,0,20,42,24,57,1,0,36,0,0,0,0,0,0,0,0,C|DH
21877,Jett Bandy,LAA,AL,66,209,23,49,9,0,8,25,11,38,1,0,68,0,0,0,0,0,0,0,0,PH|C|DH
21878,Matt Shoemaker,LAA,AL,1,2,0,0,0,0,0,0,0,1,0,0,0,0,0,0,0,0,0,0,0,P
21928,Michael A. Taylor,WAS,NL,64,221,28,51,11,0,7,16,14,77,14,3,0,0,0,0,0,1,64,5,69,CF|PH|RF|LF
21968,Jake Elmore,MIL,NL,56,78,7,17,2,0,0,4,17,17,2,3,0,0,3,4,0,14,2,4,20,2B|PH|CF|3B|LF|RF
21970,Tyler Ladendorf,OAK,AL,23,48,6,4,0,0,0,1,1,13,2,0,0,0,30,3,0,0,1,1,2,PH|3B|2B
21989,Cory Spangenberg,SD,NL,14,48,6,11,1,1,1,8,4,13,1,0,0,0,13,0,0,0,0,0,0,2B|PH
22006,Brandon Nimmo,NYM,NL,32,73,12,20,1,0,1,6,6,20,0,0,0,0,0,0,0,13,4,7,22,RF|PH|LF|CF
22009,Jefry Marte,LAA,AL,87,258,38,65,14,0,15,44,18,59,2,2,0,29,0,22,0,27,0,0,27,PH|DH|1B|3B|LF
22012,Stefen Romero,SEA,AL,9,17,1,4,1,0,0,3,1,4,0,0,0,1,0,0,0,6,0,2,8,PH|RF|LF|1B
22016,A.J. Schugel,PIT,NL,3,2,0,0,0,0,0,0,0,1,0,0,0,0,0,0,0,0,0,0,0,P
22018,Peter O'Brien,ARI,NL,27,64,6,9,1,0,5,9,3,27,0,0,0,1,0,0,0,16,0,0,16,LF|PH
22022,Christian Yelich,MIA,NL,154,578,78,172,38,3,21,98,72,138,9,4,0,0,0,0,0,120,31,0,149,LF|DH|PH|CF
22034,J.T. Realmuto,MIA,NL,136,509,60,154,31,0,11,48,28,100,12,4,129,0,0,0,0,0,0,0,0,PH|DH|C
22037,Dalton Pompey,TOR,AL,2,2,3,0,0,0,0,0,0,1,2,1,0,0,0,0,0,2,0,0,2,DH|LF
22039,Brad A. Miller,TB,AL,151,548,73,133,29,6,30,81,47,149,6,4,0,39,0,0,105,1,0,0,1,PH|1B|DH|SS|LF
22042,Mark Canha,OAK,AL,16,41,4,5,0,0,3,6,0,20,0,1,0,5,0,3,0,3,0,3,5,1B|PH|RF|DH|3B|LF
22062,Xavier Scruggs,MIA,NL,24,62,1,13,3,0,1,5,5,20,0,0,0,19,0,0,0,2,0,0,2,1B|PH|LF
22065,Andrew Burns,TOR,AL,6,6,2,0,0,0,0,0,0,2,0,0,0,1,0,4,0,1,0,0,1,LF|PH|3B
22070,Gregory Polanco,PIT,NL,142,527,79,136,34,4,22,86,53,119,17,6,0,0,0,0,0,29,5,111,134,PH|LF|RF|CF|DH
22075,Jabari Blash,SD,NL,37,71,7,12,2,0,3,5,11,34,1,0,0,0,0,0,0,4,0,18,21,LF|PH|RF
22082,James Paxton,SEA,AL,2,3,0,0,0,0,0,0,1,3,0,0,0,0,0,0,0,0,0,0,0,P
22092,Kaleb Cowart,LAA,AL,28,85,8,15,4,0,1,8,0,23,0,0,0,1,15,21,0,0,0,0,0,PH|3B|2B
22110,Greg Garcia,STL,NL,93,214,33,59,11,0,3,17,38,50,1,1,0,0,26,31,30,0,0,0,0,3B|PH|SS|2B
22124,Carlos Sanchez,CHW,AL,48,154,15,32,9,1,4,21,5,42,0,1,0,0,33,6,4,0,0,0,0,SS|DH|PH|2B|3B
22126,Michael Reed,MIL,NL,8,22,3,4,0,0,0,0,2,7,1,0,0,0,0,0,0,2,5,0,7,PH|LF|CF
22127,John Hicks,DET,AL,1,2,1,1,1,0,0,0,0,0,0,0,0,1,0,0,0,0,0,0,0,1B
22138,Brandon Drury,ARI,NL,134,461,59,130,31,1,16,53,31,100,1,1,0,1,16,29,0,62,0,32,89,RF|PH|1B|2B|3B|LF
22150,Brett Nicholas,TEX,AL,14,40,5,11,5,0,2,4,4,9,0,0,15,0,0,0,0,0,0,0,0,C
22154,Shawn Tolleson,TEX,AL,1,1,0,0,0,0,0,0,0,1,0,0,0,0,0,0,0,0,0,0,0,P
22164,Mason Williams,NYY,AL,9,27,4,8,1,0,0,2,1,12,0,0,0,0,0,0,0,2,2,7,11,RF|CF|LF
22166,Mychal Givens,BAL,AL,2,2,0,0,0,0,0,0,0,1,0,0,0,0,0,0,0,0,0,0,0,P
22178,Tyler Collins,DET,AL,49,136,14,32,2,3,4,15,13,38,1,1,0,0,0,0,0,13,29,8,50,PH|LF|RF|DH|CF
22192,Josh Rutledge,BOS,AL,22,49,9,13,6,0,0,3,6,19,2,0,0,0,5,17,1,0,0,0,0,PH|3B|2B
22196,Jace Peterson,ATL,NL,113,350,45,89,16,1,7,29,52,69,5,5,0,0,87,1,0,15,1,0,16,3B|LF|PH|CF|2B
22201,Rougned Odor,TEX,AL,150,605,89,164,33,4,33,88,19,135,14,7,0,0,146,0,0,0,0,0,0,PH|2B|DH
22202,Cristhian Adames,COL,NL,115,225,25,49,7,3,2,17,24,47,2,3,0,0,11,11,47,0,0,0,0,2B|PH|3B|0|SS
22221,Jonathan Schoop,BAL,AL,162,615,82,164,38,1,25,82,21,137,1,2,0,0,162,0,0,0,0,0,0,2B
22224,Nick Ahmed,ARI,NL,88,284,26,62,9,1,4,20,15,58,5,2,0,0,0,0,88,0,0,0,0,SS|PH
22228,Juniel Querecuto,TB,AL,4,11,1,1,0,1,0,2,0,6,0,0,0,0,2,1,1,0,0,0,0,3B|SS|2B
22235,Jarred Cosart,MIA|SD,,12,16,1,2,0,0,0,0,0,5,0,0,0,0,0,0,0,0,0,0,0,P
22242,Jackie Bradley Jr.,BOS,AL,156,558,94,149,30,7,26,87,63,143,9,2,0,0,0,0,0,0,156,0,156,CF
22243,Eugenio Suarez,CIN,NL,159,565,78,140,25,2,21,70,51,155,11,5,0,0,0,151,2,0,0,0,0,SS|DH|PH|3B
22259,Nick Buss,LAA,AL,32,81,7,16,7,1,1,8,6,24,2,1,0,0,0,0,0,24,3,5,31,CF|RF|LF|PH
22266,Tyler Austin,NYY,AL,29,83,7,20,3,0,5,12,7,36,1,0,0,27,0,0,0,2,0,3,5,LF|1B|RF|DH|PH
22276,Marcus Semien,OAK,AL,159,568,72,135,27,2,27,75,51,139,10,2,0,0,0,0,159,0,0,0,0,SS
22289,Whit Merrifield,KC,AL,79,311,44,88,22,3,2,29,19,72,8,3,0,1,65,5,0,13,0,4,16,LF|3B|PH|RF|2B|1B
22307,Colton Murray,PHI,NL,1,1,0,0,0,0,0,0,0,1,0,0,0,0,0,0,0,0,0,0,0,P
22308,Ben Gamel,NYY|SEA,,24,48,9,9,2,0,1,5,6,16,0,0,0,0,0,0,0,2,1,29,31,RF|CF|PH|LF
22356,Jose Peraza,CIN,NL,69,241,25,78,8,2,3,25,7,33,21,10,0,0,12,0,31,8,13,0,21,2B|DH|PH|LF|CF|SS
22368,Socrates Brito,ARI,NL,34,95,10,17,3,1,4,12,2,23,2,0,0,0,0,0,0,7,17,16,36,PH|RF|LF|CF
22389,Drew Hayes,CIN,NL,1,1,0,0,0,0,0,0,0,0,0,0,0,0,0,0,0,0,0,0,0,P
22400,Ketel Marte,SEA,AL,118,437,55,113,21,2,1,33,18,84,11,5,0,0,0,0,119,0,0,0,0,SS|PH
22405,Tyler Lyons,STL,NL,3,4,0,0,0,0,0,0,0,2,0,0,0,0,0,0,0,0,0,0,0,P
22410,Carlos E. Martinez,STL,NL,29,59,5,14,1,0,0,6,0,13,0,0,0,0,0,0,0,0,0,0,0,P
22429,Jesus Aguilar,CLE,AL,4,6,0,0,0,0,0,0,0,1,0,0,0,7,0,0,0,0,0,0,0,DH|PH|1B
22445,Derek Dietrich,MIA,NL,127,351,39,98,20,5,7,42,32,84,1,0,0,16,75,13,0,8,0,0,8,2B|PH|1B|LF|3B
22448,Jorge Polanco,MIN,AL,69,245,24,69,15,4,4,27,17,46,4,3,0,0,5,9,47,0,0,0,0,2B|PH|SS|DH|3B
22449,Max Kepler,MIN,AL,107,396,52,93,20,2,17,63,42,93,6,2,0,2,0,0,0,0,4,108,112,CF|1B|RF|PH
22453,Javier Baez,CHC,NL,132,421,50,115,19,1,14,59,15,108,12,3,0,6,59,62,25,2,0,0,2,LF|3B|1B|2B|PH|SS
22455,Jeimer Candelario,CHC,NL,5,11,0,1,0,0,0,0,2,5,0,0,0,0,0,3,0,0,0,0,0,3B|PH
22482,Ramon Flores,MIL,NL,102,249,18,51,8,0,2,19,31,58,3,0,0,2,0,0,0,13,29,49,83,LF|1B|RF|CF|PH
22488,Rob Segedin,LAD,NL,38,73,9,17,2,1,2,12,6,22,0,0,0,9,0,6,0,7,0,7,13,3B|RF|PH|LF|1B
22503,Odubel Herrera,PHI,NL,158,583,87,167,21,6,15,49,63,134,25,7,0,0,0,0,0,0,155,0,155,CF|PH
22505,Tomas Telis,MIA,NL,9,13,1,4,0,0,1,4,0,2,0,0,3,0,0,0,0,0,0,0,0,PH|C
22507,Kyle Hendricks,CHC,NL,28,58,1,8,0,0,0,2,1,29,0,0,0,0,0,0,0,0,0,0,0,P
22516,Matt Andriese,TB,AL,1,1,0,0,0,0,0,0,0,0,0,0,0,0,0,0,0,0,0,0,0,P
22524,Dallas Keuchel,HOU,AL,1,2,0,0,0,0,0,0,0,0,0,0,0,0,0,0,0,0,0,0,0,P
22525,A.J. Griffin,TEX,AL,1,2,0,0,0,0,0,0,0,2,0,0,0,0,0,0,0,0,0,0,0,P
22526,Yasiel Puig,LAD,NL,103,334,45,88,14,2,11,45,24,74,5,2,0,0,0,0,0,5,4,90,95,RF|CF|LF|PH
22527,Jorge Soler,CHC,NL,86,227,37,54,9,0,12,31,31,66,0,0,0,0,0,0,0,53,0,7,60,LF|PH|DH|RF
22529,Dan Straily,CIN,NL,31,52,2,1,0,0,0,1,2,40,0,0,0,0,0,0,0,0,0,0,0,P
22538,Collin McHugh,HOU,AL,3,6,0,0,0,0,0,0,0,2,0,0,0,0,0,0,0,0,0,0,0,P
22541,Tony Cingrani,CIN,NL,1,0,1,0,0,0,0,0,1,0,0,0,0,0,0,0,0,0,0,0,0,P
22543,Rafael Ortega,LAA,AL,63,185,24,43,8,0,1,16,13,23,8,3,0,0,0,0,0,46,10,9,59,LF|PH|RF|CF
22551,Felipe Rivero,WAS,NL,1,1,0,0,0,0,0,0,0,1,0,0,0,0,0,0,0,0,0,0,0,P
22559,Michael Tonkin,MIN,AL,2,2,0,0,0,0,0,0,0,1,0,0,0,0,0,0,0,0,0,0,0,P
22570,Gonzalez Germen,COL,NL,3,3,0,0,0,0,0,0,0,1,0,0,0,0,0,0,0,0,0,0,0,P
22571,Hansel Robles,NYM,NL,3,3,0,0,0,0,0,0,0,2,0,0,0,0,0,0,0,0,0,0,0,P
22572,Nathan Karns,SEA,AL,1,1,0,0,0,0,0,0,0,0,0,0,0,0,0,0,0,0,0,0,0,P
22582,Michael Blazek,,,0,0,1,0,0,0,0,0,0,0,0,0,0,0,0,0,0,0,0,0,0,NULL
22584,Chase Anderson,MIL,NL,27,45,3,4,0,0,0,1,1,27,0,0,0,0,0,0,0,0,0,0,0,P
22590,Edwin Escobar,ARI,NL,2,2,0,0,0,0,0,0,0,1,0,0,0,0,0,0,0,0,0,0,0,P
22598,Alex Wood,LAD,NL,9,16,2,4,0,0,0,2,1,9,0,0,0,0,0,0,0,0,0,0,0,P
22599,Erik Johnson,SD,NL,3,4,0,0,0,0,0,0,0,3,0,0,0,0,0,0,0,0,0,0,0,P
22602,Kevan Smith,CHW,AL,6,16,2,2,0,0,0,0,0,6,0,0,6,0,0,0,0,0,0,0,0,DH|C
22608,Addison Russell,CHC,NL,151,525,67,125,25,3,21,95,55,135,5,1,0,0,0,0,148,0,0,0,0,SS|PH
22609,Yordano Ventura,KC,AL,2,3,0,1,0,0,0,0,0,2,0,0,0,0,0,0,0,0,0,0,0,P
22614,Wilfredo Boscan,PIT,NL,3,3,0,1,0,0,0,1,0,1,0,0,0,0,0,0,0,0,0,0,0,P
22616,Austin Hedges,SD,NL,8,24,2,3,1,0,0,1,0,7,0,1,7,0,0,0,0,0,0,0,0,PH|C
22621,Mike Zunino,SEA,AL,54,164,16,34,7,0,12,31,21,65,0,0,52,0,0,0,0,0,0,0,0,PH|C|DH
22624,Rafael Montero,NYM,NL,4,5,0,0,0,0,0,0,0,3,0,0,0,0,0,0,0,0,0,0,0,P
22669,Jameson Taillon,PIT,NL,17,32,0,3,0,0,0,2,0,17,0,0,0,0,0,0,0,0,0,0,0,P
22708,Rusney Castillo,BOS,AL,3,8,4,2,1,0,0,0,0,3,0,0,0,0,0,0,0,2,1,1,4,CF|PH|LF
22721,Chris Colabello,TOR,AL,10,29,0,2,0,0,0,1,2,9,0,0,0,8,0,0,0,1,0,0,1,1B|PH
22741,Xander Bogaerts,BOS,AL,157,652,115,192,34,1,21,89,58,123,13,4,0,0,0,0,157,0,0,0,0,SS
22751,Jung-ho Kang,PIT,NL,100,318,45,81,19,0,21,62,36,79,3,1,0,0,0,92,0,0,0,0,0,DH|PH|3B
22757,Jose Berrios,MIN,AL,1,1,0,1,0,0,0,0,0,0,0,0,0,0,0,0,0,0,0,0,0,P
22761,Eddie Rosario,MIN,AL,90,335,52,90,17,2,10,32,12,91,5,2,0,0,0,0,0,57,37,1,89,LF|CF|RF|PH
22771,Cody Asche,PHI,NL,70,197,22,42,15,0,4,18,18,54,3,1,0,0,0,0,0,57,0,0,57,LF|PH
22772,Adam Morgan,PHI,NL,20,32,1,3,1,0,0,1,1,11,0,0,0,0,0,0,0,0,0,0,0,P
22777,Michael Wacha,STL,NL,23,39,1,1,0,0,0,0,3,22,0,0,0,0,0,0,0,0,0,0,0,P
22779,Seth Maness,STL,NL,1,1,0,0,0,0,0,0,0,1,0,0,0,0,0,0,0,0,0,0,0,P
22781,Adam Conley,MIA,NL,23,41,4,5,0,0,0,3,1,22,0,0,0,0,0,0,0,0,0,0,0,P
22782,Grant Dayton,LAD,NL,1,1,0,0,0,0,0,0,0,1,0,0,0,0,0,0,0,0,0,0,0,P
22783,Jose Fernandez,MIA,NL,28,52,3,13,2,0,0,6,1,13,0,0,0,0,0,0,0,0,0,0,0,P|PH
22790,Kyle Lobstein,PIT,NL,2,2,0,0,0,0,0,0,0,1,0,0,0,0,0,0,0,0,0,0,0,P
22796,Shane Greene,DET,AL,1,2,0,0,0,0,0,0,0,0,0,0,0,0,0,0,0,0,0,0,0,P
22804,Adonis Garcia,ATL,NL,134,532,65,145,29,0,14,65,24,93,3,2,0,0,0,123,0,4,0,0,4,DH|LF|PH|3B
22806,Nick Tepesch,LAD,NL,1,1,0,0,0,0,0,0,0,1,0,0,0,0,0,0,0,0,0,0,0,P
22811,Miguel Sano,MIN,AL,116,437,57,103,22,1,25,66,54,178,1,0,0,0,0,42,0,0,0,38,38,PH|RF|3B|DH
22815,Tyler Anderson,COL,NL,20,35,1,4,0,0,1,3,4,11,0,0,0,0,0,0,0,0,0,0,0,PH|P
22816,Corey Dickerson,TB,AL,148,510,57,125,36,3,24,70,33,134,0,2,0,0,0,0,0,76,0,2,78,RF|PH|DH|LF
22817,Deven Marrero,BOS,AL,7,12,0,1,0,0,0,0,2,5,0,0,0,0,6,4,4,0,0,0,0,3B|2B|PH
22819,Byron Buxton,MIN,AL,89,298,44,67,19,6,10,38,23,118,10,2,0,0,0,0,0,0,92,0,92,CF
22820,Albert Almora,CHC,NL,42,112,14,31,9,1,3,14,5,20,0,0,0,0,0,0,0,8,33,2,41,LF|PH|CF|RF
22821,Kevin Gausman,BAL,AL,2,2,0,0,0,0,0,0,1,2,0,0,0,0,0,0,0,0,0,0,0,P
22824,Robert Stephenson,CIN,NL,8,10,0,0,0,0,0,0,0,5,0,0,0,0,0,0,0,0,0,0,0,P
22825,David Dahl,COL,NL,62,222,42,70,12,4,7,24,15,59,5,0,0,0,0,0,0,54,6,4,59,RF|CF|PH|LF
22828,Joey Gallo,TEX,AL,14,25,2,1,0,0,1,1,5,19,1,0,0,1,0,5,0,0,0,0,0,1B|PH|DH|3B
22829,Josh E. Bell,PIT,NL,45,128,18,35,8,0,3,19,21,19,0,1,0,23,0,0,0,0,0,16,16,RF|1B|PH
22832,Eduardo Rodriguez,BOS,AL,1,2,0,0,0,0,0,0,0,2,0,0,0,0,0,0,0,0,0,0,0,P
22869,Adam Duvall,CIN,NL,150,552,85,133,31,6,33,103,41,164,6,5,0,5,0,3,0,137,0,6,142,RF|LF|3B|1B|PH
22892,Yasmany Tomas,ARI,NL,140,530,72,144,30,1,31,83,31,136,2,4,0,1,0,0,0,60,0,91,137,1B|LF|RF|PH
22897,Taylor Motter,TB,AL,29,80,11,15,3,0,2,9,11,19,0,1,0,1,6,4,9,7,0,6,13,3B|PH|2B|SS|LF|RF|1B
22912,Kevin Plawecki,NYM,NL,45,132,6,26,6,0,1,11,17,33,0,0,45,0,0,0,0,0,0,0,0,C|PH
22917,Matt Reynolds,NYM,NL,41,89,11,20,8,0,3,13,4,34,0,1,0,0,4,7,21,1,0,0,1,PH|3B|SS|2B|LF
22919,Luis Sardinas,SEA|SD,,60,180,25,44,6,1,4,18,12,48,4,2,0,3,4,3,50,1,0,0,1,1B|LF|PH|3B|2B|P|SS
22922,Tyler Holt,CIN,NL,95,179,21,42,5,3,0,13,23,48,4,3,0,0,0,0,0,19,32,23,70,0|LF|PH|CF|RF
22924,Francisco Lindor,CLE,AL,158,604,99,182,30,3,15,78,57,88,19,5,0,0,0,0,155,0,0,0,0,SS|DH|PH
22925,Tony Wolters,COL,NL,69,205,27,53,15,2,3,30,21,53,4,1,59,0,7,0,3,0,0,0,0,C|SS|PH|2B
22931,Corey Seager,LAD,NL,156,627,105,193,40,5,26,72,54,133,3,3,0,0,0,0,155,0,0,0,0,SS|PH
22934,Chris Stratton,SF,NL,1,1,0,0,0,0,0,0,0,0,0,0,0,0,0,0,0,0,0,0,0,P
22939,Tyler Naquin,CLE,AL,108,321,52,95,18,5,14,43,36,112,6,3,0,0,0,0,0,0,105,4,109,RF|CF|PH
22941,Carlos Correa,HOU,AL,153,577,76,158,36,3,20,96,75,139,13,3,0,0,0,0,153,0,0,0,0,PH|SS
22942,Archie Bradley,ARI,NL,24,43,2,3,0,0,0,4,0,28,0,0,0,0,0,0,0,0,0,0,0,P
22944,Lance McCullers,HOU,AL,1,3,1,1,0,0,0,0,0,0,0,0,0,0,0,0,0,0,0,0,0,P
22946,Jason Rogers,PIT,NL,23,25,2,2,0,1,0,2,7,9,0,0,0,5,0,4,0,0,0,0,0,1B|3B|PH
22954,Jimmy Nelson,MIL,NL,30,50,1,4,0,0,0,3,2,32,0,0,0,0,0,0,0,0,0,0,0,P
22956,Mike Bolsinger,LAD,NL,5,9,0,0,0,0,0,0,0,7,0,0,0,0,0,0,0,0,0,0,0,P
22959,Jake Lamb,ARI,NL,150,523,81,130,31,9,29,91,64,154,6,1,0,0,0,142,0,0,0,0,0,3B|PH
22965,Ty Kelly,NYM,NL,34,58,9,14,1,1,1,7,11,9,0,0,0,1,2,10,0,8,1,1,10,3B|2B|RF|PH|LF|1B
22969,Travis Jankowski,SD,NL,111,335,53,82,13,2,2,12,42,100,30,12,0,0,0,0,0,9,87,22,114,PH|LF|RF|CF
22981,Hanser Alberto,TEX,AL,22,56,2,8,1,0,0,5,0,17,1,0,0,4,6,11,9,0,0,0,0,SS|2B|3B|1B|PH
22984,Stephen Piscotty,STL,NL,152,582,86,159,35,3,22,85,51,133,7,5,0,1,0,0,0,0,10,146,150,RF|PH|CF|1B
22987,Mike Foltynewicz,ATL,NL,19,36,3,5,1,0,0,1,1,19,0,0,0,0,0,0,0,0,0,0,0,P
22991,Dan Vogelbach,SEA,AL,7,12,0,1,0,0,0,0,1,6,0,0,0,4,0,0,0,0,0,0,0,DH|1B|PH
22996,Marcus Stroman,TOR,AL,2,5,1,0,0,0,0,0,0,0,0,0,0,0,0,0,0,0,0,0,0,P
22997,Noah Syndergaard,NYM,NL,27,58,6,11,3,0,3,6,7,34,0,0,0,0,0,0,0,0,0,0,0,P
22998,Alen Hanson,PIT,NL,19,31,5,7,1,0,0,1,2,5,2,1,0,0,8,0,0,0,0,0,0,PH|2B
23000,Aaron Sanchez,TOR,AL,3,9,0,0,0,0,0,0,1,5,0,0,0,0,0,0,0,0,0,0,0,P
23001,Brian Goodwin,WAS,NL,21,42,1,12,4,1,0,5,2,14,0,0,0,0,0,0,0,5,1,8,14,PH|RF|CF|LF
23003,Justin Nicolino,MIA,NL,13,22,0,2,0,0,0,0,1,11,0,0,0,0,0,0,0,0,0,0,0,P
23005,Trevor Story,COL,NL,97,372,67,101,21,4,27,72,35,130,8,5,0,0,0,0,96,0,0,0,0,SS|PH
23007,Cameron Rupp,PHI,NL,105,389,36,98,26,1,16,54,24,114,1,0,104,0,0,0,0,0,0,0,0,C|PH
23016,Austin Barnes,LAD,NL,18,32,3,5,1,0,0,2,5,9,0,0,9,0,7,1,0,0,0,0,0,2B|PH|C
23017,Billy Burns,OAK|KC,,87,311,39,73,11,4,0,13,10,37,17,5,0,0,0,0,0,6,80,7,87,CF|PH|RF|DH|LF
23019,Kevin Pillar,TOR,AL,143,548,59,146,35,2,7,53,24,90,14,6,0,0,0,0,0,0,146,0,146,CF
23020,Scott Schebler,CIN,NL,82,257,36,68,12,2,9,40,19,59,2,4,0,0,0,0,0,13,18,41,67,LF|CF|PH|RF
23032,Ross Stripling,LAD,NL,16,24,2,2,0,0,0,1,2,12,0,0,0,0,0,0,0,0,0,0,0,P
23038,Carson Kelly,STL,NL,7,13,1,2,1,0,0,1,0,2,0,0,10,0,0,0,0,0,0,0,0,C
23043,Jorge Alfaro,PHI,NL,6,16,0,2,0,0,0,0,1,8,0,0,4,0,0,0,0,0,0,0,0,PH|C
23047,Nomar Mazara,TEX,AL,145,516,59,137,13,3,20,64,39,112,0,2,0,0,0,0,0,38,0,112,143,RF|LF|PH|DH
23052,Steve Selsky,CIN,NL,23,51,9,16,2,0,2,7,2,22,1,0,0,0,0,0,0,3,2,11,15,PH|RF|LF|CF
23058,A.J. Cole,WAS,NL,6,7,0,0,0,0,0,0,0,4,0,0,0,0,0,0,0,0,0,0,0,P
23059,C.J. Cron,LAA,AL,114,407,51,113,25,2,16,69,24,75,2,3,0,97,0,0,0,0,0,0,0,1B|DH|PH
23067,Devon Travis,TOR,AL,101,410,54,123,28,1,11,50,20,87,4,1,0,0,99,0,0,0,0,0,0,PH|DH|2B
23076,Chris Taylor,SEA|LAD,,31,61,8,13,2,2,1,7,4,15,0,0,0,0,7,10,6,0,0,0,0,SS|3B|2B|PH
23082,Travis Shaw,BOS,AL,142,480,63,116,34,2,16,71,43,133,5,1,0,50,0,105,0,1,0,0,1,3B|LF|1B|PH|DH
23099,Cheslor Cuthbert,KC,AL,128,475,49,130,28,1,12,46,32,96,2,0,0,0,0,127,0,0,0,0,0,PH|3B
23103,Blake Swihart,BOS,AL,19,62,9,16,0,3,0,5,11,17,0,1,6,0,0,0,0,13,0,0,13,C|LF
23112,Arismendy Alcantara,OAK,AL,9,19,2,4,1,0,0,2,0,8,3,3,0,0,3,0,2,0,4,1,5,2B|PH|SS|CF
23118,Domingo Santana,MIL,NL,77,246,34,63,14,0,11,32,32,91,2,3,0,0,0,0,0,4,3,62,67,RF|PH|LF|CF
23126,Mitch Haniger,ARI,NL,34,109,9,25,2,1,5,17,12,27,0,0,0,0,0,0,0,9,22,4,31,LF|RF|CF|PH
23127,Orlando Arcia,MIL,NL,55,201,21,44,10,3,4,17,15,47,8,0,0,0,0,0,53,0,0,0,0,PH|SS
23139,Mallex Smith,ATL,NL,68,189,28,45,7,4,3,22,20,48,16,8,0,0,0,0,0,22,35,1,56,CF|PH|LF|RF
23142,Mikie Mahtook,TB,AL,59,185,16,36,9,0,3,11,7,68,0,1,0,0,0,0,0,26,23,18,61,RF|PH|LF|CF
23152,Mac Williamson,SF,NL,54,112,14,25,3,0,6,15,13,35,0,1,0,0,0,0,0,13,0,23,36,PH|LF|RF|DH
23164,Alex Dickerson,SD,NL,82,253,39,65,16,2,10,37,26,44,5,1,0,0,0,0,0,68,0,0,68,PH|LF|DH
23177,Jose Ramirez,CLE,AL,148,565,84,176,46,3,11,76,44,62,22,7,0,0,9,117,5,48,0,0,48,PH|LF|2B|SS|3B
23187,Justin Miller,COL,NL,1,1,0,0,0,0,0,0,0,1,0,0,0,0,0,0,0,0,0,0,0,P
23219,Kennys Vargas,MIN,AL,45,152,27,35,11,0,10,20,24,57,0,0,0,32,0,0,0,0,0,0,0,1B|DH|PH
23230,Erik Gonzalez,CLE,AL,13,16,2,5,0,0,0,0,1,8,0,1,0,0,5,2,8,0,0,2,2,RF|2B|PH|SS
23231,Joe Wendle,OAK,AL,27,96,11,25,1,0,1,11,6,16,2,0,0,0,28,0,0,0,0,0,0,PH|2B
23235,Juan Graterol,LAA,AL,6,14,2,4,2,0,0,3,0,3,0,0,9,0,0,0,0,0,0,0,0,C
23243,Preston Tucker,HOU,AL,48,134,11,22,8,1,4,8,8,40,0,0,0,0,0,0,0,19,0,3,21,PH|DH|LF|RF
23258,Jerad Eickhoff,PHI,NL,30,61,4,8,3,0,0,5,1,12,0,0,0,0,0,0,0,0,0,0,0,P
23274,Gavin Cecchini,NYM,NL,4,6,2,2,2,0,0,2,0,2,0,0,0,0,0,0,2,0,0,0,0,SS|0|PH
23294,Mookie Betts,BOS,AL,158,672,122,214,42,5,31,113,49,80,26,4,0,0,0,0,0,0,0,157,157,PH|RF
23295,Mike Miller,BOS,AL,1,1,0,0,0,0,0,0,0,0,0,0,0,0,1,0,0,0,0,0,0,2B
23322,Logan Verrett,NYM,NL,12,19,1,1,1,0,0,0,0,12,0,0,0,0,0,0,0,0,0,0,0,P
23337,A.J. Morris,CIN,NL,1,1,0,0,0,0,0,0,0,1,0,0,0,0,0,0,0,0,0,0,0,P
23359,Sammy Solis,WAS,NL,2,3,0,0,0,0,0,0,0,1,0,0,0,0,0,0,0,0,0,0,0,P
23367,Ian Krol,ATL,NL,1,1,0,0,0,0,0,0,0,0,0,0,0,0,0,0,0,0,0,0,0,P
23371,Josh Smith,CIN,NL,10,11,0,2,1,0,0,0,0,4,0,0,0,0,0,0,0,0,0,0,0,PH|P
23382,Christian Bergman,COL,NL,3,3,1,1,0,0,0,0,0,0,0,0,0,0,0,0,0,0,0,0,0,P
23386,Dustin Garneau,COL,NL,23,68,7,16,6,0,1,6,6,22,0,0,23,0,0,0,0,0,0,0,0,C|PH
23405,Keyvius Sampson,CIN,NL,5,7,0,0,0,0,0,0,0,6,0,0,0,0,0,0,0,0,0,0,0,P
23422,Anthony Ranaudo,CHW,AL,1,3,1,1,0,0,1,1,0,1,0,0,0,0,0,0,0,0,0,0,0,P
23466,Jake Buchanan,CHC,NL,1,1,0,0,0,0,0,0,0,1,0,0,0,0,0,0,0,0,0,0,0,P
23470,Nick Tropeano,LAA,AL,1,2,0,0,0,0,0,0,0,1,0,0,0,0,0,0,0,0,0,0,0,P
23486,Phil Klein,PHI,NL,2,2,0,0,0,0,0,0,0,2,0,0,0,0,0,0,0,0,0,0,0,P
23496,Luis Garcia,PHI,NL,1,0,0,0,0,0,0,0,0,0,0,0,0,0,0,0,0,0,0,0,0,P
23509,Carlos Perez,LAA,AL,83,268,25,56,16,0,5,31,12,49,1,0,82,1,0,0,0,0,0,0,0,PH|C|1B
23516,Jose Urena,MIA,NL,12,17,1,3,0,0,0,0,1,11,0,0,0,0,0,0,0,0,0,0,0,P
23520,Aaron Altherr,PHI,NL,57,198,23,39,6,0,4,22,23,69,7,2,0,0,0,0,0,20,10,42,57,CF|RF|PH|LF
23521,Jesse Hahn,OAK,AL,1,1,0,0,0,0,0,0,0,1,0,0,0,0,0,0,0,0,0,0,0,P
23524,Kendry Flores,MIA,NL,1,1,0,0,0,0,0,0,0,1,0,0,0,0,0,0,0,0,0,0,0,P
23527,Ji-Man Choi,LAA,AL,46,112,9,19,4,0,5,12,16,27,2,4,0,27,0,0,0,20,0,0,20,DH|1B|PH|LF
23534,Robbie Ray,ARI,NL,29,53,3,10,2,0,1,2,1,26,0,0,0,0,0,0,0,0,0,0,0,P
23535,Anthony DeSclafani,CIN,NL,19,41,0,5,1,0,0,1,1,22,0,0,0,0,0,0,0,0,0,0,0,P
23539,Colin Moran,HOU,AL,9,23,1,3,1,0,0,2,1,8,0,0,0,0,0,8,0,0,0,0,0,PH|3B
23548,Maikel Franco,PHI,NL,152,581,67,148,23,1,25,88,40,106,1,1,0,0,0,148,0,0,0,0,0,3B|PH
23553,Ty Blach,SF,NL,2,4,1,2,0,0,0,0,0,0,0,0,0,0,0,0,0,0,0,0,0,P
23555,Derek Law,SF,NL,1,1,0,0,0,0,0,0,0,0,0,0,0,0,0,0,0,0,0,0,0,P
23566,Kris Bryant,CHC,NL,155,603,121,176,35,3,39,102,75,154,8,5,0,9,0,107,1,60,1,14,69,LF|1B|CF|DH|RF|3B
23580,Micah Johnson,LAD,NL,5,6,1,1,0,0,0,0,0,1,0,0,0,0,3,0,0,1,0,0,1,2B|PH
23581,Jon Gray,COL,NL,26,47,2,7,2,0,0,4,2,30,0,0,0,0,0,0,0,0,0,0,0,P
23584,Joe Ross,WAS,NL,20,41,2,10,2,0,0,1,3,15,0,0,0,0,0,0,0,0,0,0,0,PH|P
23585,Matt Wisler,ATL,NL,24,46,2,7,0,0,0,2,1,21,0,0,0,0,0,0,0,0,0,0,0,P
23586,Luke Maile,TB,AL,39,119,10,27,7,0,3,15,4,36,0,0,37,4,0,0,0,0,0,0,0,PH|1B|DH|C
23589,Tyler Glasnow,PIT,NL,5,7,0,1,0,0,0,0,0,4,0,0,0,0,0,0,0,0,0,0,0,P
23590,Raul Mondesi Jr.,KC,AL,46,135,16,25,1,3,2,13,6,48,9,1,0,0,42,0,7,0,0,0,0,2B|PH|SS
23592,Carl Edwards Jr.,CHC,NL,1,1,0,0,0,0,0,0,0,1,0,0,0,0,0,0,0,0,0,0,0,P
23594,Bruce Maxwell,OAK,AL,31,92,8,26,6,1,1,14,8,24,0,0,29,0,0,0,0,0,0,0,0,PH|C|DH
23595,Michael Lorenzen,CIN,NL,5,5,1,1,0,0,1,3,0,2,0,0,0,0,0,0,0,0,0,0,0,P|PH
23596,Eddie Butler,COL,NL,12,15,0,1,0,0,0,0,0,2,0,0,0,0,0,0,0,0,0,0,0,P
23599,Tom Murphy,COL,NL,20,44,8,12,2,0,5,13,4,19,1,0,12,0,0,0,0,0,0,0,0,PH|C
23601,Carlos Frias,LAD,NL,1,1,0,0,0,0,0,0,0,1,0,0,0,0,0,0,0,0,0,0,0,P
23606,Steven Matz,NYM,NL,20,36,0,5,1,1,0,2,4,11,0,0,0,0,0,0,0,0,0,0,0,PH|P
23700,Dariel Alvarez,BAL,AL,2,3,0,1,1,0,0,0,1,0,0,0,0,0,0,0,0,0,0,1,1,PH|RF
23710,Zach Neal,OAK,AL,1,2,0,0,0,0,0,0,0,0,0,0,0,0,0,0,0,0,0,0,0,P
23711,Richie Shaffer,TB,AL,18,48,5,12,6,0,1,4,5,18,0,1,0,11,0,4,0,0,0,2,2,1B|3B|DH|RF
23717,Daniel Castro,ATL,NL,44,130,8,26,1,0,0,7,7,24,1,1,0,0,16,9,20,0,0,0,0,PH|3B|2B|SS
23734,Max Muncy,OAK,AL,48,113,13,21,2,0,2,8,20,24,0,0,0,0,21,1,0,4,0,17,21,3B|DH|RF|2B|LF|PH
23736,Matt Olson,OAK,AL,11,21,3,2,1,0,0,0,7,4,0,0,0,4,0,0,0,0,0,5,5,1B|RF|PH
23737,Trey Mancini,BAL,AL,5,14,3,5,1,0,3,5,0,4,0,0,0,0,0,0,0,0,0,0,0,DH
23738,Jacob deGrom,NYM,NL,26,42,6,6,1,0,0,2,3,12,0,0,0,0,0,0,0,0,0,0,0,PH|P
23743,Patrick Valaika,COL,NL,10,19,3,5,1,0,1,2,0,8,0,0,0,0,5,6,2,0,0,0,0,3B|PH|SS|2B
23753,Alexander Reyes,STL,NL,9,14,0,1,0,0,0,1,0,5,0,0,0,0,0,0,0,0,0,0,0,P
23759,Tony Renda,CIN,NL,32,60,4,11,2,0,0,3,5,11,0,0,0,0,9,1,0,4,0,4,8,LF|PH|2B|3B|RF
23765,Nick Martinez,TEX,AL,1,2,0,0,0,0,0,0,0,1,0,0,0,0,0,0,0,0,0,0,0,P
23766,Rio Ruiz,ATL,NL,4,7,1,2,0,1,0,2,0,2,1,0,0,0,0,2,0,0,0,0,0,PH|3B
23767,Teoscar Hernandez,HOU,AL,37,100,15,23,7,0,4,11,11,28,0,2,0,0,0,0,0,22,15,6,38,CF|PH|LF|RF
23768,David Peralta,ARI,NL,48,171,23,43,9,5,4,15,8,42,2,0,0,0,0,0,0,0,8,44,48,RF|CF|PH
23772,Patrick Kivlehan,SD|CIN,,8,21,5,4,0,0,1,2,2,11,0,0,0,0,0,0,0,1,0,6,7,LF|RF|PH
23780,Kelby Tomlinson,SF,NL,48,106,13,31,4,0,0,6,12,18,5,1,0,0,19,3,7,3,0,0,3,SS|PH|LF|2B|3B
23783,Aledmys Diaz,STL,NL,111,404,71,121,28,3,17,65,41,60,4,4,0,0,1,0,106,0,0,0,0,PH|2B|SS
23790,Taylor Featherston,PHI,NL,19,26,2,3,1,0,0,1,2,11,2,0,0,0,4,0,0,0,0,0,0,2B|PH
23791,Renato Nunez,OAK,AL,8,15,0,2,0,0,0,1,0,3,0,0,0,0,0,0,0,0,0,0,0,DH|PH
23799,Braden Shipley,ARI,NL,12,26,2,3,1,0,0,2,0,10,1,0,0,0,0,0,0,0,0,0,0,P
23801,Julio Urias,LAD,NL,16,22,0,3,0,0,0,2,0,9,0,0,0,0,0,0,0,0,0,0,0,P
23803,Rob Refsnyder,NYY,AL,55,152,25,38,9,0,0,12,18,30,2,1,0,25,8,1,0,5,0,23,27,PH|3B|2B|1B|RF|LF
23838,Marco Hernandez,BOS,AL,26,51,11,15,1,0,1,5,5,10,1,0,0,0,14,10,2,0,0,0,0,PH|2B|SS|3B
23842,Matt M. Duffy,SF|TB,,90,333,41,86,14,2,5,28,23,53,8,5,0,0,0,70,18,0,0,0,0,3B|PH|SS|DH
23849,T.J. Rivera,NYM,NL,33,105,10,35,4,1,3,16,3,17,0,0,0,1,26,9,0,0,0,0,0,3B|1B|PH|2B
23862,Spencer Patton,CHC,NL,2,2,0,0,0,0,0,0,0,1,0,0,0,0,0,0,0,1,0,0,1,P
23868,Trevor Brown,SF,NL,68,173,17,41,7,0,5,19,10,39,0,1,60,0,0,1,0,0,0,0,0,PH|DH|C
23907,Hunter Dozier,KC,AL,8,19,4,4,1,0,0,1,2,8,0,0,0,0,0,0,0,0,0,7,7,RF|DH
23915,Hunter Renfroe,SD,NL,11,35,8,13,3,0,4,14,1,5,0,0,0,0,0,0,0,0,0,9,9,RF|PH
23927,Adam Frazier,PIT,NL,59,146,21,44,8,1,2,11,12,26,4,1,0,0,17,5,0,20,1,16,35,2B|RF|PH|3B|LF|CF
23952,Ryan Weber,ATL,NL,5,6,0,0,0,0,0,0,0,3,0,0,0,0,0,0,0,0,0,0,0,P
23974,Andrew Triggs,OAK,AL,1,2,0,0,0,0,0,0,0,2,0,0,0,0,0,0,0,0,0,0,0,P
23981,Elias Diaz,PIT,NL,1,4,0,0,0,0,0,1,0,1,0,0,1,0,0,0,0,0,0,0,0,C
23989,Manuel Margot,SD,NL,9,37,4,9,4,1,0,3,0,7,2,0,0,0,0,0,0,0,9,1,10,CF|PH|RF
24014,Williams Perez,ATL,NL,10,17,0,0,0,0,0,0,0,5,0,0,0,0,0,0,0,0,0,0,0,P
24028,Raisel Iglesias,CIN,NL,6,11,0,1,0,0,0,0,0,2,0,0,0,0,0,0,0,0,0,0,0,P
24030,Daniel Norris,DET,AL,1,2,0,0,0,0,0,0,1,0,0,0,0,0,0,0,0,0,0,0,0,P
24033,Tyler Cravy,MIL,NL,4,4,1,1,0,0,1,1,0,1,0,0,0,0,0,0,0,0,0,0,0,P
24044,Ryan Rua,TEX,AL,88,240,40,62,8,1,8,22,21,76,9,0,0,31,0,2,0,60,4,3,65,RF|DH|3B|LF|PH|CF|1B
24045,Terrance Gore,KC,AL,2,3,6,0,0,0,0,0,0,1,11,2,0,0,0,0,0,2,0,0,2,LF
24047,Brandon Finnegan,CIN,NL,30,53,4,6,2,0,0,2,3,18,0,0,0,0,0,0,0,0,0,0,0,PH|P
24048,Kendall Graveman,OAK,AL,3,4,0,0,0,0,0,0,0,3,0,0,0,0,0,0,0,0,0,0,0,P
24065,Vince Velasquez,PHI,NL,22,40,4,8,1,0,0,0,1,16,0,0,0,0,0,0,0,0,0,0,0,P
24067,Wilmer Difo,WAS,NL,28,58,14,16,3,0,1,7,8,12,3,0,0,0,9,3,5,0,0,0,0,2B|PH|SS|3B
24071,Gabriel Ynoa,NYM,NL,2,3,0,0,0,0,0,0,0,0,0,0,0,0,0,0,0,0,0,0,0,P
24082,Oscar Hernandez,ARI,NL,3,11,1,2,0,0,1,1,0,0,0,0,4,0,0,0,0,0,0,0,0,C
24087,Zach Eflin,PHI,NL,10,23,2,6,2,0,0,0,0,8,0,0,0,0,0,0,0,0,0,0,0,P
24113,Tyler Duffey,MIN,AL,1,1,0,0,0,0,0,0,0,1,0,0,0,0,0,0,0,0,0,0,0,P
24115,Ryan O`Rourke,MIN,AL,1,1,0,0,0,0,0,0,0,0,0,0,0,0,0,0,0,0,0,0,0,P
24127,Jon Moscot,CIN,NL,5,4,0,0,0,0,0,0,0,3,0,0,0,0,0,0,0,0,0,0,0,P
24130,Matt E. Duffy,HOU,AL,3,3,0,0,0,0,0,0,0,2,0,0,0,0,0,1,0,0,0,0,0,3B|PH
24144,Brian Ellington,MIA,NL,1,1,0,0,0,0,0,0,0,1,0,0,0,0,0,0,0,0,0,0,0,P
24145,Trevor Williams,PIT,NL,1,1,1,0,0,0,0,1,2,1,0,0,0,0,0,0,0,0,0,0,0,P
24149,Tim Anderson,CHW,AL,98,410,57,116,22,6,9,30,13,117,10,2,0,0,0,0,98,0,0,0,0,SS
24154,Alec Asher,PHI,NL,5,11,0,1,0,0,0,2,0,6,0,0,0,0,0,0,0,0,0,0,0,P
24155,Sean Manaea,OAK,AL,1,2,0,0,0,0,0,0,0,1,0,0,0,0,0,0,0,0,0,0,0,P
24170,Steven Okert,SF,NL,1,1,0,0,0,0,0,0,0,1,0,0,0,0,0,0,0,0,0,0,0,P
24177,Matt Bowman,STL,NL,1,1,0,0,0,0,0,0,0,1,0,0,0,0,0,0,0,0,0,0,0,P
24188,Aaron Judge,NYY,AL,27,84,10,15,2,0,4,10,9,42,0,1,0,0,0,0,0,0,0,27,27,RF|PH
24192,Kyle Schwarber,CHC,NL,2,4,0,0,0,0,0,0,1,2,0,0,0,0,0,0,0,2,0,0,2,LF
24194,Tim Melville,CIN,NL,2,2,0,0,0,0,0,0,0,2,0,0,0,0,0,0,0,0,0,0,0,P
24201,Pedro Severino,WAS,NL,13,28,6,9,2,0,2,4,5,3,0,0,15,0,0,0,0,0,0,0,0,C|PH
24204,Aaron Blair,ATL,NL,14,21,0,1,0,0,0,0,0,9,0,0,0,0,0,0,0,0,0,0,0,P
24208,Aaron Nola,PHI,NL,18,30,1,1,1,0,0,0,3,17,0,0,0,0,0,0,0,0,0,0,0,P
24211,Trea Turner,WAS,NL,71,307,53,105,14,8,13,40,14,59,33,6,0,0,30,0,2,0,45,0,45,2B|CF|SS
24250,Carlos Asuaje,SD,NL,7,24,2,5,2,0,0,2,1,4,0,0,0,0,6,0,0,0,0,0,0,PH|2B
24327,Michael Conforto,NYM,NL,108,304,38,67,21,1,12,42,36,89,2,1,0,0,0,0,0,73,6,9,87,DH|LF|CF|RF|PH
24359,Raimel Tapia,COL,NL,20,38,4,10,0,0,0,3,2,11,3,0,0,0,0,0,0,2,9,1,11,CF|LF|PH
24364,Jordan Patterson,COL,NL,9,18,1,8,1,0,0,2,1,1,0,1,0,2,0,0,0,2,0,5,6,PH|RF|LF|1B
24365,Jason Coats,CHW,AL,22,50,8,10,4,0,1,4,5,12,1,0,0,0,0,0,0,7,0,11,18,LF|DH|RF|PH
24369,Zach Davies,MIL,NL,28,53,2,5,0,0,0,1,1,22,0,0,0,0,0,0,0,0,0,0,0,P
24370,Colin Rea,SD|MIA,,19,33,3,4,0,0,0,1,2,16,0,0,0,0,0,0,0,0,0,0,0,PH|P
24449,Chad Pinder,OAK,AL,21,51,4,12,4,0,1,4,3,14,0,0,0,0,13,0,7,0,0,0,0,SS|PH|2B|DH
24456,Yoan Moncada,BOS,AL,7,19,3,4,1,0,0,1,1,12,0,0,0,0,0,5,0,0,0,0,0,3B|DH
24459,Ryon Healy,OAK,AL,72,269,36,82,20,0,13,37,12,60,0,0,0,0,0,72,0,0,0,0,0,3B
24515,Timothy Adleman,CIN,NL,12,21,2,4,2,0,0,3,0,11,0,0,0,0,0,0,0,0,0,0,0,P
24519,Tony Kemp,HOU,AL,54,120,15,26,4,3,1,7,14,27,2,1,0,0,5,0,0,37,1,1,39,DH|RF|2B|LF|CF|PH
24542,Carlos Rodon,CHW,AL,1,3,0,0,0,0,0,0,0,2,0,0,0,0,0,0,0,0,0,0,0,P
24547,Jacob Stallings,PIT,NL,5,15,0,6,1,0,0,2,0,4,1,0,4,0,0,0,0,0,0,0,0,C|PH
24566,Severino Gonzalez,PHI,NL,1,1,0,0,0,0,0,0,0,0,0,0,0,0,0,0,0,0,0,0,0,P
24578,Silvino Bracho,ARI,NL,1,1,0,0,0,0,0,0,0,1,0,0,0,0,0,0,0,0,0,0,0,P
24642,Jose De Leon,LAD,NL,3,4,0,0,0,0,0,0,0,1,0,0,0,0,0,0,0,0,0,0,0,P
24658,Omar Narvaez,CHW,AL,32,101,13,27,4,0,1,10,14,14,0,0,34,0,0,0,0,0,0,0,0,PH|C
24659,Junior Guerra,MIL,NL,19,35,2,8,2,0,0,0,0,13,0,0,0,0,0,0,0,0,0,0,0,P
24667,Yefri Perez,MIA,NL,3,3,5,2,1,0,0,0,0,1,4,2,0,0,1,0,2,0,0,0,0,PH|SS|2B
24835,Lucas Giolito,WAS,NL,5,4,1,1,0,0,0,0,0,1,0,0,0,0,0,0,0,0,0,0,0,P
24840,Zack Godley,ARI,NL,10,18,1,2,0,0,0,0,0,9,0,0,0,0,0,0,0,0,0,0,0,P
24850,Jeff Hoffman,COL,NL,6,8,0,0,0,0,0,0,0,2,0,0,0,0,0,0,0,0,0,0,0,P
24871,Joel De La Cruz,ATL,NL,11,16,0,3,0,0,0,1,0,8,0,0,0,0,0,0,0,0,0,0,0,P
24883,Mike Clevinger,CLE,AL,1,2,0,0,0,0,0,0,0,0,0,0,0,0,0,0,0,0,0,0,0,P
24890,Michael Fulmer,DET,AL,1,2,0,0,0,0,0,0,0,2,0,0,0,0,0,0,0,0,0,0,0,P
24891,JaCoby Jones,DET,AL,10,28,3,6,3,0,0,2,0,12,0,0,0,0,0,6,0,0,5,0,5,3B|CF|PH
24919,Blake Snell,TB,AL,1,2,0,0,0,0,0,0,1,1,0,0,0,0,0,0,0,0,0,0,0,P
24932,Joe Musgrove,HOU,AL,1,0,0,0,0,0,0,0,0,0,0,0,0,0,0,0,0,0,0,0,0,P
24945,Daniel Mengden,OAK,AL,2,6,0,0,0,0,0,0,0,3,0,0,0,0,0,0,0,0,0,0,0,P
24961,Cody A. Reed,CIN,NL,8,11,1,0,0,0,0,0,1,6,0,0,0,0,0,0,0,0,0,0,0,P
24969,Tyler Wagner,ARI,NL,1,2,0,0,0,0,0,0,0,1,0,0,0,0,0,0,0,0,0,0,0,P
24970,Steven Brault,PIT,NL,7,8,1,2,0,0,0,0,0,0,0,0,0,0,0,0,0,0,0,0,0,P
24975,John Gant,ATL,NL,6,7,0,0,0,0,0,0,0,1,0,0,0,0,0,0,0,0,0,0,0,P
24983,Rob Whalen,ATL,NL,6,10,0,2,0,0,0,0,0,3,0,0,0,0,0,0,0,0,0,0,0,P|PH
24985,Kyle Barraclough,MIA,NL,1,1,0,0,0,0,0,0,0,1,0,0,0,0,0,0,0,0,0,0,0,P
24989,Cody Ege,MIA,NL,1,1,0,1,0,0,0,0,0,0,0,0,0,0,0,0,0,0,0,0,0,P
25002,Jake Thompson,PHI,NL,9,14,0,2,1,0,0,0,0,5,0,0,0,0,0,0,0,0,0,0,0,P
25026,Luis Perdomo,SD,NL,21,38,1,5,1,0,0,1,1,15,0,0,0,0,0,0,0,0,0,0,0,P
25028,Cesar Vargas,SD,NL,6,8,0,0,0,0,0,0,0,5,0,0,0,0,0,0,0,0,0,0,0,P
25031,Kenta Maeda,LAD,NL,32,57,5,7,1,0,1,4,1,16,0,0,0,0,0,0,0,0,0,0,0,PH|P
25037,Matt Koch,ARI,NL,3,3,0,0,0,0,0,0,1,3,0,0,0,0,0,0,0,0,0,0,0,P
25042,Tyler Goeddel,PHI,NL,87,213,17,41,3,3,4,16,17,52,3,0,0,0,0,0,0,69,0,12,77,LF|RF|PH
25043,Roman Quinn,PHI,NL,15,57,10,15,4,0,0,6,8,19,5,1,0,0,0,0,0,12,3,4,15,RF|CF|LF
25044,Edubray Ramos,PHI,NL,1,0,0,0,0,0,0,0,1,0,0,0,0,0,0,0,0,0,0,0,0,P
25046,Robert Gsellman,NYM,NL,8,15,0,1,0,0,0,0,0,9,0,0,0,0,0,0,0,0,0,0,0,P
25047,Seth Lugo,NYM,NL,8,16,2,3,1,0,0,1,1,2,0,0,0,0,0,0,0,0,0,0,0,P
25049,Jake Esch,MIA,NL,3,5,1,1,0,0,0,0,0,2,0,0,0,0,0,0,0,0,0,0,0,P
25055,Dansby Swanson,ATL,NL,37,129,20,39,7,1,3,17,13,34,3,0,0,0,0,0,37,0,0,0,0,PH|SS
25057,Dean Kiekhefer,STL,NL,1,1,0,0,0,0,0,0,0,0,0,0,0,0,0,0,0,0,0,0,0,P
25059,Seung Hwan Oh,STL,NL,2,2,0,0,0,0,0,0,0,2,0,0,0,0,0,0,0,0,0,0,0,P
25060,Charlie Tilson,CHW,AL,1,2,0,1,0,0,0,0,0,0,0,0,0,0,0,0,0,0,1,0,1,CF
25071,Colin Walsh,MIL,NL,38,47,4,4,1,0,0,2,15,22,0,0,0,0,1,11,0,2,0,0,2,LF|PH|3B
25076,Willson Contreras,CHC,NL,74,252,33,71,14,1,12,35,26,67,2,2,57,3,0,0,0,24,0,0,24,C|1B|PH|LF
25096,German Marquez,COL,NL,4,6,1,0,0,0,0,0,0,3,0,0,0,0,0,0,0,0,0,0,0,P
25098,Chad Green,NYY,AL,2,4,0,0,0,0,0,0,0,4,0,0,0,0,0,0,0,0,0,0,0,P
25101,Hyun Soo Kim,BAL,AL,93,305,36,92,16,1,6,22,36,51,1,3,0,0,0,0,0,91,0,0,91,PH|LF
25102,Joey Rickard,BAL,AL,71,257,32,69,13,0,5,19,18,54,4,1,0,0,0,0,0,31,13,51,82,LF|CF|RF|PH
25107,Byung-ho Park,MIN,AL,62,215,28,41,9,1,12,24,21,80,1,0,0,24,0,0,0,0,0,0,0,PH|1B|DH
25117,A.J. Reed,HOU,AL,44,122,11,20,3,0,3,8,18,48,0,0,0,35,0,0,0,0,0,0,0,1B|DH|PH
25118,Yulieski Gurriel,HOU,AL,36,130,13,34,7,0,3,15,5,12,1,1,0,5,0,21,0,1,0,0,1,DH|LF|1B|3B|PH
25636,Guillermo Heredia,SEA,AL,39,92,12,23,3,0,1,12,12,15,1,1,0,0,0,0,0,35,1,14,43,RF|LF|PH|0|CF
25637,Dae-Ho Lee,SEA,AL,103,292,33,74,9,0,14,49,20,74,0,0,0,84,0,0,0,0,0,0,0,1B|DH|PH
25639,Tyler White,HOU,AL,85,249,24,54,16,0,8,28,23,65,1,0,0,58,2,3,0,0,0,0,0,PH|DH|1B|3B|2B
25647,Andrew Toles,LAD,NL,48,105,19,33,9,1,3,16,8,25,1,1,0,0,0,0,0,18,9,8,32,CF|PH|RF|LF
25651,Edwin Diaz,SEA,AL,1,1,0,0,0,0,0,0,0,0,0,0,0,0,0,0,0,0,0,0,0,P
25653,Chad Kuhl,PIT,NL,13,23,0,2,0,0,0,0,1,9,0,0,0,0,0,0,0,0,0,0,0,P|PH
25657,Brock Stewart,LAD,NL,6,10,0,1,0,0,0,0,0,7,0,0,0,0,0,0,0,0,0,0,0,P
25659,Daniel Wright,CIN,NL,4,5,0,0,0,0,0,0,0,2,0,0,0,0,0,0,0,0,0,0,0,P
25661,Alex Bregman,HOU,AL,49,201,31,53,13,3,8,34,15,52,2,0,0,0,3,40,6,1,0,0,1,LF|3B|2B|SS|DH|PH
25662,Andrew Benintendi,BOS,AL,34,105,16,31,11,1,2,14,10,25,1,0,0,0,0,0,0,29,5,0,32,LF|CF|PH
25663,Brent Suter,MIL,NL,1,2,0,0,0,0,0,0,0,1,0,0,0,0,0,0,0,0,0,0,0,P
25666,Donnie Hart,BAL,AL,1,1,0,0,0,0,0,0,0,1,0,0,0,0,0,0,0,0,0,0,0,P
25672,Luke Weaver,STL,NL,8,13,1,5,0,0,0,0,0,4,0,0,0,0,0,0,0,0,0,0,0,P
25677,Reynaldo Lopez,WAS,NL,8,12,0,1,0,0,0,0,0,7,0,0,0,0,0,0,0,0,0,0,0,P
25678,Rob Zastryzny,CHC,NL,3,3,0,0,0,0,0,0,0,2,0,0,0,0,0,0,0,0,0,0,0,P
25679,Stephen Cardullo,COL,NL,27,56,5,12,3,1,2,6,3,12,0,0,0,15,0,0,0,2,0,3,4,1B|RF|LF|PH
