mlbamID,playerName,team,league,G,GS,W,L,S,BS,HLD,CG,SHO,IP,H,R,ER,HR,BB,K,G_SP,G_RP,defaultPos
1013,Alexi Ogando,FA,,51,0,2.0,2.0,0,0,0,0,0,52.30,48.0,0,23.0,6.0,22.0,48.0,0,51,RP
1186,A.J. Burnett,FA,,24,24,8.0,8.0,0,0,0,0,0,154.70,156.0,0,68.0,12.0,55.0,124.0,24,0,RP
1306,Bartolo Colon,NYM,NL,28,25,10.0,12.0,0,0,0,0,0,157.70,169.0,0,72.0,18.0,25.0,104.0,25,3,SP
1336,Bruce Chen,FA,,9,7,1.0,3.0,0,0,0,0,0,38.30,48.0,0,26.0,8.0,9.0,29.0,7,2,RP
2060,LaTroy Hawkins,FA,,44,0,3.0,2.0,0,0,0,0,0,41.30,42.0,0,18.0,4.0,10.0,32.0,0,44,RP
2066,Tim Hudson,FA,,22,21,7.0,9.0,0,0,0,0,0,123.00,133.0,0,59.0,12.0,31.0,68.0,21,1,RP
2844,Jason Marquis,FA,,10,10,2.0,4.0,0,0,0,0,0,54.70,60.0,0,33.0,10.0,22.0,39.0,10,0,RP
3114,Joe Nathan,FA,,21,0,2.0,1.0,0,0,0,0,0,19.70,19.0,0,10.0,2.0,9.0,18.0,0,21,RP
3577,Brad Penny,FA,,16,15,5.0,6.0,0,0,0,0,0,85.30,99.0,0,50.0,12.0,26.0,50.0,15,1,RP
5044,Randy Wolf,FA,,24,21,6.0,6.0,0,0,0,0,0,118.70,134.0,0,65.0,14.0,45.0,83.0,21,3,RP
5402,Barry Zito,FA,,19,16,4.0,7.0,0,0,0,0,0,93.30,103.0,0,58.0,14.0,48.0,52.0,16,3,RP
5410,Randy Choate,TOR,AL,57,0,1.0,1.0,0,0,0,0,0,26.70,25.0,0,11.0,2.0,7.0,22.0,0,57,RP
5446,Mark Buehrle,FA,,27,27,10.0,9.0,0,0,0,0,0,168.00,185.0,0,81.0,19.0,36.0,93.0,27,0,RP
5472,Bronson Arroyo,FA,,11,11,4.0,5.0,0,0,0,0,0,68.30,78.0,0,37.0,10.0,15.0,35.0,11,0,RP
5561,Ryan Vogelsong,PIT,NL,27,21,7.0,9.0,0,0,0,0,0,124.00,130.0,0,63.0,14.0,46.0,90.0,21,6,SP
5580,CC Sabathia,NYY,AL,21,21,6.0,8.0,0,0,0,0,0,124.70,136.0,0,69.0,20.0,37.0,104.0,21,0,SP
5692,Joe Beimel,FA,,48,0,1.0,2.0,0,0,0,0,0,41.30,43.0,0,20.0,5.0,14.0,25.0,0,48,RP
5700,Jason Grilli,ATL,NL,39,0,4.0,2.0,0,0,0,0,0,36.00,30.0,0,12.0,3.0,12.0,42.0,0,39,RP
5776,R.A. Dickey,TOR,AL,28,28,11.0,10.0,0,0,0,0,0,175.30,173.0,0,86.0,24.0,58.0,116.0,28,0,SP
5900,Kyle Lohse,FA,,27,21,7.0,9.0,0,0,0,0,0,139.30,146.0,0,71.0,20.0,35.0,97.0,21,6,RP
5947,Grant Balfour,FA,,29,0,1.0,1.0,0,0,0,0,0,28.30,26.0,0,14.0,3.0,16.0,25.0,0,29,RP
5977,Joaquin Benoit,SEA,AL,54,0,4.0,3.0,0,0,0,0,0,49.30,40.0,0,18.0,6.0,17.0,49.0,0,54,RP
5990,Jorge De la Rosa,COL,NL,26,26,10.0,7.0,0,0,0,0,0,143.00,141.0,0,67.0,16.0,57.0,112.0,26,0,SP
6075,John Lackey,CHC,NL,28,28,12.0,9.0,0,0,0,0,0,183.00,170.0,0,68.0,20.0,42.0,156.0,28,0,SP
6101,Fernando Rodney,SD,NL,58,0,5.0,6.0,0,0,0,0,0,55.30,49.0,0,24.0,6.0,25.0,55.0,0,58,RP
6107,Jeremy Affeldt,FA,,48,0,2.0,2.0,0,0,0,0,0,39.00,38.0,0,17.0,3.0,13.0,28.0,0,48,RP
6129,Rafael Soriano,FA,,25,0,1.0,1.0,0,0,0,0,0,24.00,23.0,0,10.0,3.0,7.0,21.0,0,25,RP
6131,Matt Thornton,SD,NL,51,0,2.0,1.0,0,0,0,0,0,32.00,30.0,0,12.0,2.0,9.0,22.0,0,51,RP
6150,Colby Lewis,TEX,AL,22,22,8.0,9.0,0,0,0,0,0,128.70,142.0,0,70.0,18.0,34.0,89.0,22,0,SP
6247,Jason Lane,FA,,23,22,5.0,11.0,0,0,0,0,0,133.70,157.0,0,81.0,22.0,35.0,60.0,22,1,RP
6371,Aaron Harang,FA,,25,25,7.0,11.0,0,0,0,0,0,148.00,161.0,0,78.0,18.0,49.0,100.0,25,0,RP
6389,Oliver Perez,WAS,NL,62,0,4.0,2.0,0,0,0,0,0,46.70,40.0,0,17.0,4.0,18.0,56.0,0,62,RP
6397,Jake Peavy,SF,NL,24,24,8.0,7.0,0,0,0,0,0,140.30,132.0,0,57.0,15.0,35.0,112.0,24,0,SP
6482,Cliff Lee,FA,,15,15,5.0,5.0,0,0,0,0,0,101.30,105.0,0,45.0,11.0,23.0,88.0,15,0,RP
6487,Francisco Rodriguez,DET,AL,55,0,2.0,1.0,0,0,0,0,0,48.70,43.0,0,18.0,6.0,11.0,48.0,0,55,RP
6497,Chris Capuano,MIL,NL,26,12,3.0,4.0,0,0,0,0,0,76.30,77.0,0,36.0,8.0,27.0,69.0,12,14,RP
6506,Matt Belisle,FA,,47,0,4.0,3.0,0,0,0,0,0,47.70,47.0,0,19.0,3.0,15.0,38.0,0,47,RP
6561,Ryan Madson,OAK,AL,32,0,1.0,1.0,0,0,0,0,0,29.70,27.0,0,11.0,3.0,9.0,29.0,0,32,RP
6577,Jerome Williams,FA,,31,18,5.0,9.0,0,0,0,0,0,119.30,137.0,0,70.0,18.0,33.0,80.0,18,13,RP
6592,Javier Lopez,SF,NL,62,0,1.0,1.0,0,0,0,0,0,31.30,27.0,0,12.0,2.0,13.0,23.0,0,62,RP
6604,Jeremy Guthrie,TEX,AL,25,23,7.0,9.0,0,0,0,0,0,142.00,165.0,0,81.0,22.0,40.0,82.0,23,2,RP
6636,Chien-Ming Wang,KC,AL,20,19,6.0,9.0,0,0,0,0,0,117.30,138.0,0,68.0,13.0,36.0,42.0,19,1,RP
6801,Scott Atchison,FA,,38,0,1.0,2.0,0,0,0,0,0,35.30,37.0,0,17.0,4.0,8.0,24.0,0,38,RP
6808,Jeff Francoeur,ATL,NL,4,0,0.0,0.0,0,0,0,0,0,4.30,4.0,0,2.0,0.0,2.0,4.0,0,4,RP
6809,Gavin Floyd,TOR,AL,10,7,1.0,2.0,0,0,0,0,0,40.00,45.0,0,25.0,9.0,13.0,31.0,7,3,RP
6889,Buddy Carlyle,NYM,NL,25,0,2.0,1.0,0,0,0,0,0,25.30,23.0,0,10.0,3.0,7.0,24.0,0,25,RP
6932,Kevin Gregg,FA,,16,0,0.0,1.0,0,0,0,0,0,16.30,17.0,0,10.0,3.0,7.0,14.0,0,16,RP
6967,Adam Wainwright,STL,NL,23,23,13.0,7.0,0,0,0,0,0,156.00,146.0,0,54.0,11.0,32.0,126.0,23,0,SP
6969,Neal Cotts,FA,,63,0,3.0,3.0,0,0,0,0,0,59.00,55.0,0,26.0,8.0,20.0,58.0,0,63,RP
7009,Sergio Santos,FA,,30,0,1.0,1.0,0,0,0,0,0,27.70,26.0,0,14.0,4.0,13.0,31.0,0,30,RP
7039,Mike Adams,FA,,22,0,2.0,2.0,0,0,0,0,0,19.30,18.0,0,8.0,2.0,7.0,18.0,0,22,RP
7099,Zack Greinke,ARI,NL,29,29,15.0,6.0,0,0,0,0,0,190.70,164.0,0,59.0,16.0,40.0,174.0,29,0,SP
7412,Rafael Betancourt,FA,,29,0,1.0,1.0,0,0,0,0,0,28.70,31.0,0,16.0,4.0,12.0,23.0,0,29,RP
7483,Kevin Correia,FA,,19,17,4.0,8.0,0,0,0,0,0,102.30,119.0,0,59.0,15.0,27.0,63.0,17,2,RP
7496,Cole Hamels,TEX,AL,30,30,11.0,7.0,0,0,0,0,0,197.30,189.0,0,81.0,22.0,53.0,168.0,30,0,SP
7502,Bobby Korecky,FA,,39,0,3.0,3.0,0,0,0,0,0,49.70,54.0,0,27.0,7.0,16.0,35.0,0,39,RP
7505,Dan Haren,FA,,27,27,9.0,9.0,0,0,0,0,0,152.70,149.0,0,68.0,23.0,32.0,123.0,27,0,RP
7523,Adam Loewen,FA,,41,7,3.0,4.0,0,0,0,0,0,82.30,75.0,0,40.0,8.0,50.0,78.0,7,34,RP
7529,Edwin Jackson,MIA,NL,26,26,9.0,11.0,0,0,0,0,0,141.30,146.0,0,69.0,13.0,50.0,97.0,26,0,RP
7596,Fernando Abad,MIN,AL,62,0,2.0,2.0,0,0,0,0,0,50.00,48.0,0,22.0,6.0,16.0,45.0,0,62,RP
7628,Alfredo Aceves,FA,,17,6,2.0,3.0,0,0,0,0,0,49.00,51.0,0,26.0,6.0,22.0,34.0,6,11,RP
7710,Matt Albers,CHW,AL,29,0,1.0,1.0,0,0,0,0,0,33.00,33.0,0,14.0,3.0,10.0,24.0,0,29,RP
7719,Alberto Alburquerque,LAA,AL,66,0,3.0,2.0,0,0,0,0,0,59.70,51.0,0,23.0,6.0,26.0,69.0,0,66,RP
8082,Matt Cain,SF,NL,18,18,5.0,6.0,0,0,0,0,0,101.70,99.0,0,48.0,14.0,31.0,83.0,18,0,RP
8105,Scott Baker,FA,,16,12,3.0,5.0,0,0,0,0,0,72.00,75.0,0,38.0,12.0,14.0,51.0,12,4,RP
8334,Roberto Hernandez,FA,,30,12,4.0,5.0,0,0,0,0,0,88.70,94.0,0,48.0,12.0,33.0,57.0,12,18,RP
8512,Chad Billingsley,FA,,7,7,2.0,3.0,0,0,0,0,0,36.00,42.0,0,22.0,6.0,11.0,22.0,7,0,RP
8675,Joe Blanton,LAD,NL,24,9,4.0,5.0,0,0,0,0,0,78.00,77.0,0,36.0,11.0,18.0,77.0,9,15,RP
8773,Blaine Boyer,FA,,59,0,4.0,3.0,0,0,0,0,0,60.30,59.0,0,25.0,5.0,16.0,44.0,0,59,RP
8809,Jesse Chavez,TOR,AL,23,23,8.0,7.0,0,0,0,0,0,137.30,139.0,0,66.0,18.0,40.0,122.0,23,0,RP
8885,Tyler Clippard,ARI,NL,68,0,6.0,3.0,0,0,0,0,0,65.30,50.0,0,22.0,7.0,24.0,72.0,0,68,RP
8898,Craig Breslow,FA,,50,0,2.0,3.0,0,0,0,0,0,57.00,57.0,0,26.0,6.0,21.0,42.0,0,50,RP
9091,Jonathan Broxton,STL,NL,57,0,4.0,3.0,0,0,0,0,0,52.70,48.0,0,21.0,5.0,18.0,48.0,0,57,RP
9204,Jared Burton,FA,,40,0,3.0,2.0,0,0,0,0,0,37.00,36.0,0,18.0,5.0,14.0,32.0,0,40,RP
9327,John Danks,CHW,AL,28,28,8.0,11.0,0,0,0,0,0,166.00,182.0,0,90.0,24.0,50.0,114.0,28,0,SP
9494,Dane De La Rosa,FA,,31,0,1.0,2.0,0,0,0,0,0,29.70,30.0,0,17.0,4.0,16.0,24.0,0,31,RP
9539,Samuel Deduno,FA,,15,12,3.0,4.0,0,0,0,0,0,67.00,68.0,0,37.0,8.0,37.0,47.0,12,3,RP
9650,Jumbo Diaz,CIN,NL,66,0,2.0,2.0,0,0,0,0,0,68.30,60.0,0,26.0,7.0,22.0,72.0,0,66,RP
9677,Tim Dillard,MIL,NL,34,3,3.0,3.0,0,0,0,0,0,53.70,55.0,0,27.0,6.0,23.0,40.0,3,31,RP
9810,Darin Downs,FA,,33,0,1.0,1.0,0,0,0,0,0,33.70,34.0,0,17.0,4.0,13.0,29.0,0,33,RP
9868,Zach Duke,CHW,AL,67,0,4.0,3.0,0,0,0,0,0,54.70,48.0,0,23.0,7.0,24.0,62.0,0,67,RP
9931,Dana Eveland,FA,,36,7,3.0,3.0,0,0,0,0,0,69.70,70.0,0,32.0,6.0,25.0,52.0,7,29,RP
9995,Scott Feldman,HOU,AL,22,22,7.0,8.0,0,0,0,0,0,130.00,134.0,0,65.0,17.0,40.0,87.0,22,0,SP
10183,Brad Ziegler,ARI,NL,61,0,3.0,2.0,0,0,0,0,0,58.70,54.0,0,22.0,4.0,18.0,40.0,0,61,RP
10222,Chris Young,KC,AL,25,20,7.0,7.0,0,0,0,0,0,110.70,105.0,0,52.0,15.0,41.0,73.0,20,5,SP
10310,Santiago Casilla,SF,NL,51,0,4.0,2.0,0,0,0,0,0,50.30,42.0,0,16.0,3.0,17.0,42.0,0,51,RP
10397,Jeff Francis,FA,,26,12,6.0,4.0,0,0,0,0,0,86.70,87.0,0,39.0,10.0,21.0,76.0,12,14,RP
10434,Jason Frasor,FA,,37,0,1.0,1.0,0,0,0,0,0,31.30,27.0,0,11.0,2.0,14.0,32.0,0,37,RP
10468,Ernesto Frieri,FA,,49,0,2.0,3.0,0,0,0,0,0,48.30,45.0,0,26.0,9.0,23.0,56.0,0,49,RP
10714,Justin Germano,FA,,25,21,5.0,11.0,0,0,0,0,0,134.00,159.0,0,81.0,23.0,28.0,73.0,21,4,RP
10758,Jason Hammel,CHC,NL,26,25,8.0,8.0,0,0,0,0,0,144.30,138.0,0,63.0,19.0,39.0,125.0,25,1,SP
10887,Kevin Jepsen,MIN,AL,71,0,3.0,3.0,0,0,0,0,0,61.30,56.0,0,25.0,6.0,24.0,59.0,0,71,RP
10903,Cesar Jimenez,FA,,54,0,3.0,4.0,0,0,0,0,0,69.30,68.0,0,33.0,8.0,27.0,56.0,0,54,RP
10944,Matt Harrison,PHI,NL,7,7,2.0,3.0,0,0,0,0,0,37.70,41.0,0,20.0,4.0,16.0,24.0,7,0,RP
10964,Ubaldo Jimenez,BAL,AL,28,28,9.0,9.0,0,0,0,0,0,157.30,151.0,0,75.0,18.0,68.0,143.0,28,0,SP
11046,Jim Johnson,ATL,NL,64,0,4.0,4.0,0,0,0,0,0,64.00,64.0,0,28.0,5.0,22.0,52.0,0,64,RP
11066,Josh Johnson,FA,,13,13,3.0,5.0,0,0,0,0,0,69.00,73.0,0,34.0,6.0,26.0,57.0,13,0,RP
11135,Jim Henderson,NYM,NL,36,0,2.0,3.0,0,0,0,0,0,35.70,32.0,0,17.0,5.0,15.0,40.0,0,36,RP
11218,Jair Jurrjens,FA,,18,16,5.0,6.0,0,0,0,0,0,90.70,111.0,0,56.0,13.0,31.0,45.0,16,2,RP
11254,Tom Wilhelmsen,TEX,AL,53,0,2.0,2.0,0,0,0,0,0,64.00,58.0,0,28.0,6.0,30.0,58.0,0,53,RP
11277,Felix Hernandez,SEA,AL,30,30,14.0,9.0,0,0,0,0,0,200.30,173.0,0,70.0,18.0,49.0,203.0,30,0,SP
11376,Rich Hill,OAK,AL,16,16,6.0,6.0,0,0,0,0,0,84.00,77.0,0,40.0,9.0,44.0,81.0,16,0,SP
11525,C.J. Wilson,LAA,AL,23,23,9.0,9.0,0,0,0,0,0,141.70,136.0,0,65.0,14.0,57.0,119.0,23,0,RP
11712,Tom Gorzelanny,CLE,AL,44,3,2.0,2.0,0,0,0,0,0,50.00,51.0,0,27.0,7.0,22.0,48.0,3,41,RP
11868,Juan Gutierrez,FA,,47,0,2.0,2.0,0,0,0,0,0,58.70,59.0,0,27.0,6.0,19.0,44.0,0,47,RP
11937,Scott Kazmir,LAD,NL,29,29,11.0,8.0,0,0,0,0,0,168.00,150.0,0,63.0,17.0,45.0,162.0,29,0,SP
11969,Kyle Kendrick,ATL,NL,26,26,8.0,12.0,0,0,0,0,0,153.00,165.0,0,82.0,21.0,44.0,98.0,26,0,RP
11977,Logan Kensing,DET,AL,41,0,3.0,3.0,0,0,0,0,0,53.30,56.0,0,28.0,6.0,24.0,37.0,0,41,RP
12124,Aaron Laffey,WAS,NL,26,17,5.0,7.0,0,0,0,0,0,111.70,125.0,0,61.0,12.0,42.0,60.0,17,9,RP
12188,Jean Machi,CHC,NL,61,0,3.0,2.0,0,0,0,0,0,58.70,54.0,0,24.0,6.0,18.0,49.0,0,61,RP
12228,Brandon League,FA,,36,0,2.0,2.0,0,0,0,0,0,36.70,38.0,0,17.0,3.0,12.0,24.0,0,36,RP
12291,Jon Lester,CHC,NL,30,30,15.0,8.0,0,0,0,0,0,199.00,174.0,0,66.0,17.0,46.0,194.0,30,0,SP
12490,Carlos Villanueva,SD,NL,37,5,5.0,5.0,0,0,0,0,0,76.30,72.0,0,30.0,7.0,23.0,68.0,5,32,RP
12519,Edinson Volquez,KC,AL,30,29,10.0,9.0,0,0,0,0,0,175.30,170.0,0,79.0,19.0,68.0,131.0,29,1,SP
12695,Matt Lindstrom,FA,,35,0,2.0,2.0,0,0,0,0,0,33.70,37.0,0,17.0,3.0,11.0,23.0,0,35,RP
12721,Dale Thayer,FA,,53,0,3.0,4.0,0,0,0,0,0,49.70,51.0,0,26.0,9.0,17.0,41.0,0,53,RP
12725,Francisco Liriano,PIT,NL,28,28,11.0,8.0,0,0,0,0,0,166.30,140.0,0,59.0,13.0,65.0,175.0,28,0,SP
12755,Aaron Thompson,MIN,AL,54,0,3.0,3.0,0,0,0,0,0,52.30,57.0,0,28.0,6.0,20.0,35.0,0,54,RP
12782,Radhames Liz,FA,,25,16,6.0,5.0,0,0,0,0,0,94.30,90.0,0,41.0,8.0,39.0,80.0,16,9,RP
12845,Boone Logan,COL,NL,53,0,3.0,2.0,0,0,0,0,0,35.30,33.0,0,16.0,4.0,14.0,40.0,0,53,RP
12860,Carlos Torres,NYM,NL,64,0,6.0,6.0,0,0,0,0,0,80.70,74.0,0,33.0,9.0,30.0,79.0,0,64,RP
13149,Shaun Marcum,FA,,15,11,4.0,6.0,0,0,0,0,0,69.00,75.0,0,38.0,10.0,20.0,52.0,11,4,RP
13172,Carlos Marmol,FA,,30,0,2.0,2.0,0,0,0,0,0,30.30,27.0,0,16.0,4.0,24.0,37.0,0,30,RP
13190,Chris Narveson,MIA,NL,21,12,4.0,6.0,0,0,0,0,0,78.00,79.0,0,40.0,11.0,30.0,61.0,12,9,RP
13205,Sean Marshall,FA,,13,0,0.0,0.0,0,0,0,0,0,11.70,11.0,0,6.0,1.0,5.0,11.0,0,13,RP
13301,Anibal Sanchez,DET,AL,24,24,10.0,8.0,0,0,0,0,0,144.00,136.0,0,63.0,16.0,43.0,134.0,24,0,SP
13369,Ervin Santana,MIN,AL,23,23,8.0,9.0,0,0,0,0,0,141.70,150.0,0,71.0,17.0,43.0,104.0,23,0,SP
13466,Joe Saunders,FA,,17,11,3.0,7.0,0,0,0,0,0,66.70,80.0,0,42.0,11.0,24.0,40.0,11,6,RP
13547,Zack Segovia,SD,NL,12,11,2.0,4.0,0,0,0,0,0,59.00,61.0,0,28.0,7.0,18.0,45.0,11,1,RP
13624,James Shields,SD,NL,29,29,9.0,9.0,0,0,0,0,0,185.70,169.0,0,73.0,19.0,56.0,181.0,29,0,SP
13675,Alfredo Simon,CIN,NL,26,26,9.0,11.0,0,0,0,0,0,155.70,170.0,0,85.0,20.0,51.0,90.0,26,0,SP
13733,Chris Smith,OAK,AL,18,15,4.0,4.0,0,0,0,0,0,86.30,86.0,0,43.0,12.0,31.0,71.0,15,3,RP
13742,Pat Neshek,HOU,AL,63,0,5.0,3.0,0,0,0,0,0,53.30,48.0,0,20.0,6.0,10.0,54.0,0,63,RP
13818,Ricky Nolasco,MIN,AL,19,19,5.0,7.0,0,0,0,0,0,105.70,121.0,0,58.0,14.0,26.0,81.0,19,0,SP
13955,Nick Masset,WAS,NL,46,0,1.0,1.0,0,0,0,0,0,43.70,44.0,0,21.0,4.0,22.0,35.0,0,46,RP
13968,Eric O'Flaherty,FA,,33,0,1.0,2.0,0,0,0,0,0,28.70,29.0,0,13.0,2.0,10.0,21.0,0,33,RP
14216,Jonathan Papelbon,WAS,NL,55,0,4.0,2.0,0,0,0,0,0,56.70,51.0,0,19.0,5.0,12.0,49.0,0,55,RP
14254,Manny Parra,FA,,47,0,2.0,1.0,0,0,0,0,0,37.30,34.0,0,14.0,3.0,12.0,35.0,0,47,RP
14288,Brandon McCarthy,LAD,NL,12,12,4.0,5.0,0,0,0,0,0,69.70,71.0,0,32.0,9.0,15.0,54.0,12,0,RP
14323,Felipe Paulino,CLE,AL,13,13,3.0,6.0,0,0,0,0,0,61.30,71.0,0,40.0,11.0,30.0,44.0,13,0,RP
14362,Joakim Soria,KC,AL,53,0,2.0,1.0,0,0,0,0,0,49.00,42.0,0,17.0,5.0,14.0,50.0,0,53,RP
14554,Joel Peralta,SEA,AL,44,0,2.0,3.0,0,0,0,0,0,39.30,39.0,0,19.0,6.0,10.0,38.0,0,44,RP
14652,Dustin McGowan,MIA,NL,41,3,2.0,3.0,0,0,0,0,0,58.30,57.0,0,29.0,6.0,31.0,45.0,3,38,RP
14724,Evan Meek,FA,,44,4,5.0,5.0,0,0,0,0,0,67.00,67.0,0,32.0,6.0,30.0,48.0,4,40,RP
14809,Yusmeiro Petit,WAS,NL,34,9,4.0,3.0,0,0,0,0,0,93.30,92.0,0,42.0,13.0,19.0,84.0,9,25,RP
15073,Tim Stauffer,FA,,35,6,3.0,3.0,0,0,0,0,0,75.00,75.0,0,34.0,8.0,23.0,60.0,6,29,RP
15147,Pedro Strop,CHC,NL,67,0,5.0,2.0,0,0,0,0,0,59.00,43.0,0,18.0,5.0,24.0,71.0,0,67,RP
15148,Eric Stults,FA,,24,23,7.0,10.0,0,0,0,0,0,136.00,147.0,0,71.0,18.0,33.0,89.0,23,1,RP
15322,Ramon Ramirez,LAA,AL,28,0,1.0,2.0,0,0,0,0,0,34.00,35.0,0,18.0,4.0,17.0,28.0,0,28,RP
15361,Chad Qualls,COL,NL,55,0,4.0,2.0,0,0,0,0,0,47.00,47.0,0,21.0,5.0,10.0,39.0,0,55,RP
15456,Jo-Jo Reyes,FA,,17,12,4.0,6.0,0,0,0,0,0,74.00,82.0,0,41.0,9.0,29.0,42.0,12,5,RP
15486,Pat Misch,MIL,NL,15,13,4.0,8.0,0,0,0,0,0,72.70,86.0,0,46.0,13.0,25.0,39.0,13,2,RP
15555,Scott Rice,FA,,50,0,2.0,2.0,0,0,0,0,0,32.30,28.0,0,14.0,3.0,19.0,32.0,0,50,RP
15726,Fernando Rodriguez,OAK,AL,49,0,3.0,2.0,0,0,0,0,0,54.00,48.0,0,23.0,6.0,23.0,54.0,0,49,RP
15844,Franklin Morales,FA,,66,0,3.0,3.0,0,0,0,0,0,67.70,68.0,0,31.0,7.0,23.0,50.0,0,66,RP
15882,Wandy Rodriguez,FA,,15,12,3.0,4.0,0,0,0,0,0,63.00,71.0,0,38.0,12.0,24.0,51.0,12,3,RP
15917,Esmil Rogers,FA,,37,14,4.0,5.0,0,0,0,0,0,114.00,121.0,0,60.0,14.0,39.0,88.0,14,23,RP
16141,Charlie Morton,PHI,NL,24,24,7.0,9.0,0,0,0,0,0,137.00,140.0,0,67.0,14.0,48.0,112.0,24,0,SP
16169,Jason Motte,COL,NL,49,0,4.0,3.0,0,0,0,0,0,44.00,45.0,0,21.0,6.0,11.0,36.0,0,49,RP
16187,Edward Mujica,PHI,NL,55,0,3.0,3.0,0,0,0,0,0,53.30,55.0,0,24.0,7.0,9.0,44.0,0,55,RP
16352,Homer Bailey,CIN,NL,23,23,8.0,8.0,0,0,0,0,0,149.00,143.0,0,65.0,17.0,42.0,130.0,23,0,RP
16362,Justin Grimm,CHC,NL,69,0,5.0,3.0,0,0,0,0,0,59.00,46.0,0,19.0,5.0,25.0,71.0,0,69,RP
16369,Josh Fields,HOU,AL,56,0,4.0,3.0,0,0,0,0,0,53.70,46.0,0,21.0,5.0,21.0,64.0,0,56,RP
16479,Adam Ottavino,COL,NL,49,0,2.0,1.0,0,0,0,0,0,56.30,52.0,0,23.0,6.0,20.0,57.0,0,49,RP
16568,David Aardsma,HOU,AL,46,0,2.0,2.0,0,0,0,0,0,43.30,41.0,0,22.0,6.0,20.0,43.0,0,46,RP
16670,Miguel Socolovich,STL,NL,41,0,4.0,2.0,0,0,0,0,0,49.00,43.0,0,17.0,3.0,17.0,49.0,0,41,RP
16755,Jered Weaver,LAA,AL,25,25,8.0,10.0,0,0,0,0,0,151.30,154.0,0,75.0,22.0,40.0,103.0,25,0,SP
16835,Sean Doolittle,OAK,AL,46,0,3.0,2.0,0,0,0,0,0,44.70,37.0,0,15.0,5.0,9.0,53.0,0,46,RP
16888,Jason Vargas,KC,AL,19,19,7.0,7.0,0,0,0,0,0,112.00,118.0,0,56.0,17.0,28.0,72.0,19,0,RP
16934,Erik Davis,WAS,NL,38,0,3.0,3.0,0,0,0,0,0,46.70,46.0,0,23.0,5.0,24.0,40.0,0,38,RP
16962,Huston Street,LAA,AL,58,0,3.0,2.0,0,0,0,0,0,55.70,49.0,0,21.0,6.0,16.0,53.0,0,58,RP
16967,Ryan Webb,FA,,54,0,3.0,3.0,0,0,0,0,0,61.30,61.0,0,26.0,5.0,18.0,41.0,0,54,RP
16995,Collin Balester,FA,,41,0,1.0,2.0,0,0,0,0,0,49.00,51.0,0,27.0,7.0,21.0,36.0,0,41,RP
17065,Zach Phillips,CHW,AL,37,0,1.0,1.0,0,0,0,0,0,41.30,39.0,0,19.0,4.0,19.0,42.0,0,37,RP
17131,J.A. Happ,TOR,AL,26,25,9.0,8.0,0,0,0,0,0,135.70,137.0,0,66.0,18.0,43.0,114.0,25,1,SP
17182,Mark Lowe,DET,AL,56,0,3.0,2.0,0,0,0,0,0,53.70,50.0,0,22.0,6.0,16.0,54.0,0,56,RP
17213,James Russell,PHI,NL,63,0,2.0,2.0,0,0,0,0,0,48.30,49.0,0,22.0,5.0,15.0,38.0,0,63,RP
17251,Jerry Blevins,NYM,NL,36,0,2.0,1.0,0,0,0,0,0,31.00,26.0,0,11.0,3.0,10.0,33.0,0,36,RP
17267,Jarrett Grube,CLE,AL,20,19,4.0,8.0,0,0,0,0,0,99.30,114.0,0,66.0,21.0,35.0,73.0,19,1,RP
17270,Jim Miller,FA,,38,0,3.0,4.0,0,0,0,0,0,62.00,63.0,0,32.0,10.0,16.0,53.0,0,38,RP
17316,Tony Sipp,HOU,AL,60,0,5.0,3.0,0,0,0,0,0,54.70,43.0,0,18.0,6.0,17.0,69.0,0,60,RP
17326,J.P. Howell,LAD,NL,63,0,3.0,2.0,0,0,0,0,0,46.70,41.0,0,17.0,4.0,18.0,43.0,0,63,RP
17328,Erik Cordier,FA,,47,0,3.0,2.0,0,0,0,0,0,53.70,46.0,0,22.0,4.0,31.0,56.0,0,47,RP
17379,Glen Perkins,MIN,AL,56,0,3.0,2.0,0,0,0,0,0,54.70,51.0,0,21.0,6.0,12.0,57.0,0,56,RP
17383,Anthony Swarzak,NYY,AL,41,9,4.0,5.0,0,0,0,0,0,94.30,105.0,0,50.0,11.0,29.0,64.0,9,32,RP
17493,Wesley Wright,FA,,48,0,2.0,1.0,0,0,0,0,0,40.70,39.0,0,18.0,4.0,16.0,34.0,0,48,RP
17786,Wade Davis,KC,AL,66,0,7.0,2.0,0,0,0,0,0,66.00,48.0,0,17.0,4.0,23.0,84.0,0,66,RP
17792,Jake McGee,COL,NL,59,0,4.0,2.0,0,0,0,0,0,53.70,46.0,0,19.0,5.0,16.0,61.0,0,59,RP
17821,Ryan Mattheus,CIN,NL,54,0,2.0,3.0,0,0,0,0,0,57.30,60.0,0,28.0,6.0,18.0,42.0,0,54,RP
17883,Gio Gonzalez,WAS,NL,28,28,11.0,7.0,0,0,0,0,0,162.70,148.0,0,62.0,11.0,63.0,160.0,28,0,SP
17987,Casey Janssen,SD,NL,50,0,3.0,3.0,0,0,0,0,0,44.00,42.0,0,18.0,4.0,10.0,35.0,0,50,RP
18043,Ross Ohlendorf,FA,,45,0,7.0,5.0,0,0,0,0,0,54.30,50.0,0,22.0,5.0,19.0,53.0,0,45,RP
18106,Troy Patton,FA,,30,0,1.0,1.0,0,0,0,0,0,33.70,32.0,0,14.0,3.0,10.0,28.0,0,30,RP
18155,Yovani Gallardo,BAL,AL,30,30,12.0,11.0,0,0,0,0,0,166.00,176.0,0,79.0,18.0,62.0,108.0,30,0,SP
18159,Steve Delabar,TOR,AL,53,0,4.0,3.0,0,0,0,0,0,52.00,46.0,0,24.0,7.0,26.0,59.0,0,53,RP
18171,Brandon Kintzler,MIN,AL,49,0,2.0,2.0,0,0,0,0,0,48.00,53.0,0,24.0,5.0,13.0,31.0,0,49,RP
18208,Chris Volstad,FA,,25,22,6.0,9.0,0,0,0,0,0,133.30,146.0,0,68.0,13.0,46.0,73.0,22,3,RP
18209,Phil Hughes,MIN,AL,27,26,11.0,10.0,0,0,0,0,0,167.00,181.0,0,76.0,20.0,16.0,129.0,26,1,SP
18222,Javy Guerra,FA,,29,0,1.0,2.0,0,0,0,0,0,35.00,36.0,0,18.0,4.0,13.0,26.0,0,29,RP
18225,Justin Verlander,DET,AL,26,26,11.0,8.0,0,0,0,0,0,164.30,159.0,0,71.0,16.0,47.0,141.0,26,0,SP
18258,Scott Elbert,FA,,20,0,1.0,1.0,0,0,0,0,0,18.70,17.0,0,8.0,2.0,8.0,18.0,0,20,RP
18346,Blake Wood,CIN,NL,45,0,3.0,3.0,0,0,0,0,0,47.30,41.0,0,22.0,5.0,27.0,53.0,0,45,RP
18433,Mitch Harris,STL,NL,41,0,3.0,3.0,0,0,0,0,0,48.00,49.0,0,24.0,5.0,21.0,34.0,0,41,RP
18507,Bruce Billings,FA,,24,18,6.0,7.0,0,0,0,0,0,111.30,117.0,0,57.0,13.0,36.0,77.0,18,6,RP
18537,Ronald Belisario,FA,,52,0,4.0,4.0,0,0,0,0,0,53.00,56.0,0,27.0,4.0,20.0,35.0,0,52,RP
18583,Ricky Romero,SF,NL,10,10,1.0,4.0,0,0,0,0,0,42.00,46.0,0,28.0,5.0,33.0,24.0,10,0,RP
18597,Mike Pelfrey,DET,AL,21,21,6.0,7.0,0,0,0,0,0,112.70,131.0,0,62.0,11.0,36.0,60.0,21,0,SP
18622,Tsuyoshi Wada,FA,,22,22,6.0,7.0,0,0,0,0,0,115.30,117.0,0,55.0,15.0,37.0,89.0,22,0,RP
18629,Kyuji Fujikawa,FA,,16,0,0.0,0.0,0,0,0,0,0,14.70,15.0,0,8.0,2.0,6.0,13.0,0,16,RP
18708,Yunesky Maya,ATL,NL,18,17,4.0,6.0,0,0,0,0,0,97.30,109.0,0,54.0,12.0,34.0,61.0,17,1,RP
18808,Kenley Jansen,LAD,NL,66,0,4.0,1.0,0,0,0,0,0,63.70,45.0,0,16.0,6.0,15.0,96.0,0,66,RP
18840,Matt Garza,MIL,NL,23,23,7.0,9.0,0,0,0,0,0,138.00,141.0,0,68.0,17.0,44.0,105.0,23,0,SP
18930,Peter Moylan,FA,,40,0,2.0,2.0,0,0,0,0,0,37.00,38.0,0,18.0,4.0,14.0,26.0,0,40,RP
18969,Clayton Richard,CHC,NL,20,10,4.0,5.0,0,0,0,0,0,67.00,73.0,0,34.0,8.0,17.0,37.0,10,10,RP
19014,Andrew Miller,NYY,AL,56,0,4.0,1.0,0,0,0,0,0,52.00,34.0,0,13.0,5.0,17.0,85.0,0,56,RP
19019,Brandon Morrow,SD,NL,9,9,2.0,2.0,0,0,0,0,0,52.00,48.0,0,21.0,4.0,18.0,49.0,9,0,RP
19021,Kevin Whelan,FA,,25,0,1.0,2.0,0,0,0,0,0,27.00,27.0,0,17.0,5.0,18.0,27.0,0,25,RP
19025,Joe Smith,LAA,AL,68,0,5.0,3.0,0,0,0,0,0,62.70,56.0,0,23.0,5.0,18.0,56.0,0,68,RP
19034,Luke Hochevar,KC,AL,41,0,2.0,2.0,0,0,0,0,0,45.30,41.0,0,19.0,6.0,15.0,43.0,0,41,RP
19055,Jeff Samardzija,SF,NL,29,29,11.0,9.0,0,0,0,0,0,196.00,179.0,0,72.0,16.0,44.0,180.0,29,0,SP
19056,Tim Lincecum,FA,,22,20,7.0,9.0,0,0,0,0,0,118.30,113.0,0,54.0,12.0,49.0,104.0,20,2,RP
19063,Kyle Drabek,FA,,26,18,6.0,7.0,0,0,0,0,0,103.70,109.0,0,54.0,13.0,37.0,68.0,18,8,RP
19068,Brad Lincoln,FA,,36,8,4.0,6.0,0,0,0,0,0,76.30,75.0,0,39.0,8.0,39.0,63.0,8,28,RP
19210,Darren O'Day,BAL,AL,63,0,5.0,2.0,0,0,0,0,0,59.70,49.0,0,19.0,6.0,15.0,67.0,0,63,RP
19218,Miguel Gonzalez,BAL,AL,25,25,8.0,10.0,0,0,0,0,0,141.70,148.0,0,75.0,23.0,46.0,101.0,25,0,SP
19241,Joe Thatcher,CLE,AL,53,0,2.0,2.0,0,0,0,0,0,30.30,30.0,0,13.0,3.0,10.0,29.0,0,53,RP
19266,Yohan Pino,FA,,25,16,6.0,7.0,0,0,0,0,0,103.00,110.0,0,55.0,16.0,30.0,77.0,16,9,RP
19313,Clay Buchholz,BOS,AL,21,21,8.0,6.0,0,0,0,0,0,126.70,126.0,0,55.0,11.0,35.0,109.0,21,0,SP
19320,Jeff Manship,CLE,AL,50,0,2.0,1.0,0,0,0,0,0,56.30,51.0,0,23.0,6.0,20.0,51.0,0,50,RP
19344,Max Scherzer,WAS,NL,32,31,16.0,6.0,0,0,0,0,0,212.30,170.0,0,63.0,15.0,57.0,249.0,31,1,SP
19349,John Lannan,KC,AL,20,18,5.0,7.0,0,0,0,0,0,106.00,123.0,0,60.0,13.0,31.0,49.0,18,2,RP
19351,Joba Chamberlain,CLE,AL,54,0,2.0,2.0,0,0,0,0,0,49.00,48.0,0,23.0,6.0,18.0,46.0,0,54,RP
19354,Ian Kennedy,KC,AL,28,28,9.0,11.0,0,0,0,0,0,159.30,163.0,0,85.0,26.0,54.0,139.0,28,0,SP
19356,Ross Detwiler,CLE,AL,36,6,2.0,4.0,0,0,0,0,0,65.70,77.0,0,38.0,8.0,26.0,43.0,6,30,RP
19358,Phillippe Aumont,CHW,AL,34,7,3.0,5.0,0,0,0,0,0,68.30,69.0,0,45.0,10.0,59.0,66.0,7,27,RP
19361,Chris Tillman,BAL,AL,30,30,10.0,10.0,0,0,0,0,0,174.70,172.0,0,85.0,22.0,60.0,133.0,30,0,SP
19369,Carlos Carrasco,CLE,AL,27,27,14.0,8.0,0,0,0,0,0,172.30,147.0,0,59.0,15.0,39.0,193.0,27,0,SP
19373,Burke Badenhop,FA,,63,0,3.0,2.0,0,0,0,0,0,62.00,63.0,0,25.0,4.0,15.0,39.0,0,63,RP
19375,Chris Hatcher,LAD,NL,59,0,4.0,3.0,0,0,0,0,0,60.30,53.0,0,22.0,6.0,16.0,67.0,0,59,RP
19385,Johnny Cueto,SF,NL,30,30,16.0,9.0,0,0,0,0,0,207.00,175.0,0,66.0,14.0,50.0,178.0,30,0,SP
19389,Arnold Leon,TOR,AL,31,16,6.0,7.0,0,0,0,0,0,110.70,125.0,0,66.0,19.0,34.0,77.0,16,15,RP
19398,Daniel McCutchen,FA,,24,14,3.0,7.0,0,0,0,0,0,89.00,98.0,0,51.0,16.0,24.0,62.0,14,10,RP
19399,Mark Melancon,PIT,NL,71,0,4.0,2.0,0,0,0,0,0,68.00,57.0,0,19.0,4.0,12.0,64.0,0,71,RP
19405,David Price,BOS,AL,31,30,14.0,8.0,0,0,0,0,0,209.30,198.0,0,78.0,20.0,39.0,211.0,30,1,SP
19406,Rick Porcello,BOS,AL,30,30,14.0,12.0,0,0,0,0,0,187.30,199.0,0,87.0,20.0,39.0,140.0,30,0,SP
19411,Jaime Garcia,STL,NL,16,16,7.0,5.0,0,0,0,0,0,92.70,88.0,0,35.0,8.0,23.0,72.0,16,0,SP
19413,P.J. Walters,WAS,NL,24,17,6.0,8.0,0,0,0,0,0,107.70,116.0,0,60.0,14.0,44.0,74.0,17,7,RP
19414,David Carpenter,ATL,NL,49,0,3.0,2.0,0,0,0,0,0,49.70,44.0,0,19.0,5.0,16.0,48.0,0,49,RP
19420,Josh Smoker,NYM,NL,42,0,1.0,2.0,0,0,0,0,0,49.00,44.0,0,22.0,5.0,23.0,52.0,0,42,RP
19421,Sean O'Sullivan,BOS,AL,24,23,5.0,9.0,0,0,0,0,0,129.00,154.0,0,81.0,20.0,43.0,73.0,23,1,RP
19422,Jordan Walden,STL,NL,38,0,2.0,1.0,0,0,0,0,0,33.70,27.0,0,11.0,3.0,14.0,39.0,0,38,RP
19427,Justin Masterson,FA,,25,19,7.0,7.0,0,0,0,0,0,114.30,114.0,0,58.0,11.0,53.0,99.0,19,6,RP
19430,Brian Duensing,KC,AL,57,0,3.0,3.0,0,0,0,0,0,49.70,50.0,0,23.0,5.0,19.0,33.0,0,57,RP
19431,Deolis Guerra,LAA,AL,37,0,2.0,2.0,0,0,0,0,0,54.30,53.0,0,24.0,7.0,15.0,51.0,0,37,RP
19432,Jon Niese,PIT,NL,30,25,8.0,9.0,0,0,0,0,0,157.70,167.0,0,71.0,13.0,45.0,105.0,25,5,SP
19433,Bobby Parnell,FA,,41,0,4.0,5.0,0,0,0,0,0,37.70,41.0,0,22.0,4.0,21.0,25.0,0,41,RP
19437,Cesar Ramos,TEX,AL,51,2,2.0,2.0,0,0,0,0,0,60.00,60.0,0,27.0,6.0,21.0,48.0,2,49,RP
19442,Brooks Brown,FA,,57,0,2.0,2.0,0,0,0,0,0,61.30,56.0,0,24.0,6.0,20.0,55.0,0,57,RP
19445,Jarrod Parker,OAK,AL,15,15,5.0,5.0,0,0,0,0,0,93.00,95.0,0,47.0,12.0,32.0,62.0,15,0,RP
19453,Zach Putnam,CHW,AL,52,0,5.0,3.0,0,0,0,0,0,55.00,48.0,0,21.0,5.0,23.0,61.0,0,52,RP
19548,Kevin Quackenbush,SD,NL,66,0,4.0,3.0,0,0,0,0,0,67.30,58.0,0,24.0,5.0,26.0,70.0,0,66,RP
19567,Sergio Romo,SF,NL,63,0,5.0,3.0,0,0,0,0,0,54.30,46.0,0,17.0,5.0,11.0,59.0,0,63,RP
19579,Tommy Hunter,FA,,60,0,4.0,3.0,0,0,0,0,0,64.00,63.0,0,27.0,7.0,14.0,52.0,0,60,RP
19584,Clayton Kershaw,LAD,NL,31,31,18.0,5.0,0,0,0,0,0,215.00,156.0,0,48.0,14.0,41.0,265.0,31,0,SP
19648,Dylan Axelrod,FA,,27,20,6.0,9.0,0,0,0,0,0,120.00,130.0,0,65.0,17.0,37.0,82.0,20,7,RP
19669,Dan Otero,CLE,AL,58,0,3.0,4.0,0,0,0,0,0,70.30,77.0,0,32.0,7.0,12.0,42.0,0,58,RP
19718,Brett Cecil,TOR,AL,62,0,6.0,2.0,0,0,0,0,0,54.70,43.0,0,18.0,5.0,19.0,70.0,0,62,RP
19733,Casey Fien,MIN,AL,66,0,5.0,4.0,0,0,0,0,0,59.30,59.0,0,25.0,7.0,11.0,50.0,0,66,RP
19736,Luke Gregerson,HOU,AL,64,0,6.0,4.0,0,0,0,0,0,59.00,53.0,0,22.0,6.0,14.0,57.0,0,64,RP
19746,Chris Leroux,PHI,NL,19,7,3.0,5.0,0,0,0,0,0,61.30,64.0,0,32.0,8.0,23.0,48.0,7,12,RP
19780,Kris Medlen,KC,AL,21,17,6.0,7.0,0,0,0,0,0,109.00,118.0,0,55.0,15.0,28.0,76.0,17,4,SP
19782,Shawn Kelley,WAS,NL,55,0,4.0,2.0,0,0,0,0,0,52.00,42.0,0,17.0,4.0,18.0,64.0,0,55,RP
19833,Tommy Milone,MIN,AL,27,26,7.0,9.0,0,0,0,0,0,148.00,159.0,0,76.0,21.0,40.0,114.0,26,1,RP
19842,Lance Lynn,STL,NL,31,30,14.0,9.0,0,0,0,0,0,181.70,168.0,0,68.0,13.0,66.0,173.0,30,1,RP
19852,Sam Freeman,TEX,AL,61,0,2.0,1.0,0,0,0,0,0,57.00,54.0,0,26.0,5.0,30.0,51.0,0,61,RP
19858,David Robertson,CHW,AL,60,0,6.0,3.0,0,0,0,0,0,60.30,46.0,0,19.0,6.0,17.0,83.0,0,60,RP
19863,Marco Estrada,TOR,AL,27,27,10.0,8.0,0,0,0,0,0,157.30,143.0,0,71.0,25.0,46.0,123.0,27,0,SP
19868,David Hernandez,PHI,NL,49,0,3.0,3.0,0,0,0,0,0,44.70,41.0,0,20.0,6.0,17.0,49.0,0,49,RP
19871,Brian Matusz,BAL,AL,61,0,3.0,2.0,0,0,0,0,0,49.70,44.0,0,20.0,6.0,18.0,54.0,0,61,RP
19876,Marcos Mateo,FA,,38,0,2.0,2.0,0,0,0,0,0,44.70,38.0,0,17.0,4.0,18.0,47.0,0,38,RP
19881,Felix Doubront,OAK,AL,25,20,5.0,6.0,0,0,0,0,0,117.70,119.0,0,58.0,13.0,47.0,93.0,20,5,RP
19889,Todd Redmond,BAL,AL,35,5,3.0,4.0,0,0,0,0,0,79.30,83.0,0,41.0,9.0,30.0,58.0,5,30,RP
19891,Sam LeCure,FA,,58,0,3.0,3.0,0,0,0,0,0,64.70,63.0,0,31.0,8.0,25.0,53.0,0,58,RP
19902,Junichi Tazawa,BOS,AL,65,0,5.0,3.0,0,0,0,0,0,60.70,59.0,0,24.0,6.0,14.0,60.0,0,65,RP
19906,Maikel Cleto,FA,,40,0,2.0,3.0,0,0,0,0,0,55.00,52.0,0,32.0,10.0,31.0,64.0,0,40,RP
19909,Donnie Veal,FA,,38,0,2.0,3.0,0,0,0,0,0,38.00,39.0,0,21.0,5.0,19.0,30.0,0,38,RP
19913,Ivan Nova,NYY,AL,19,18,7.0,8.0,0,0,0,0,0,109.30,114.0,0,54.0,13.0,35.0,83.0,18,1,RP
19914,Chris Archer,TB,AL,33,33,14.0,9.0,0,0,0,0,0,195.30,169.0,0,70.0,16.0,66.0,202.0,33,0,SP
19917,Mike Dunn,MIA,NL,70,0,5.0,4.0,0,0,0,0,0,55.70,46.0,0,21.0,5.0,24.0,64.0,0,70,RP
19919,Hector Rondon,CHC,NL,64,0,5.0,3.0,0,0,0,0,0,64.00,55.0,0,21.0,5.0,18.0,62.0,0,64,RP
19920,Brett Anderson,LAD,NL,19,19,6.0,6.0,0,0,0,0,0,110.70,112.0,0,46.0,9.0,28.0,81.0,19,0,RP
19921,Andrew Bailey,PHI,NL,29,0,1.0,2.0,0,0,0,0,0,29.70,28.0,0,16.0,6.0,11.0,35.0,0,29,RP
19922,Trevor Cahill,CHC,NL,36,18,6.0,8.0,0,0,0,0,0,115.00,112.0,0,56.0,12.0,53.0,99.0,18,18,RP
19926,Vince Mazzaro,FA,,43,0,4.0,3.0,0,0,0,0,0,63.00,60.0,0,25.0,4.0,24.0,47.0,0,43,RP
19927,Tyson Ross,SD,NL,29,29,12.0,10.0,0,0,0,0,0,178.00,154.0,0,64.0,11.0,69.0,182.0,29,0,SP
19928,Antonio Bastardo,NYM,NL,60,0,4.0,3.0,0,0,0,0,0,53.30,41.0,0,19.0,4.0,25.0,64.0,0,60,RP
19931,Bud Norris,ATL,NL,25,24,8.0,10.0,0,0,0,0,0,146.30,145.0,0,70.0,18.0,47.0,131.0,24,1,SP
19937,Koji Uehara,BOS,AL,44,0,5.0,2.0,0,0,0,0,0,41.00,35.0,0,14.0,5.0,8.0,48.0,0,44,RP
19953,David Huff,KC,AL,33,6,4.0,4.0,0,0,0,0,0,72.30,76.0,0,36.0,9.0,19.0,48.0,6,27,RP
19959,Neftali Feliz,PIT,NL,48,0,3.0,3.0,0,0,0,0,0,50.70,48.0,0,21.0,4.0,17.0,43.0,0,48,RP
19960,Derek Holland,TEX,AL,18,18,5.0,5.0,0,0,0,0,0,100.70,102.0,0,48.0,14.0,30.0,85.0,18,0,SP
19970,Andrew Cashner,SD,NL,26,26,8.0,10.0,0,0,0,0,0,155.70,152.0,0,67.0,14.0,47.0,128.0,26,0,SP
19975,Dillon Gee,KC,AL,24,24,7.0,8.0,0,0,0,0,0,144.70,155.0,0,74.0,19.0,36.0,92.0,24,0,RP
19978,Ryan Brasier,OAK,AL,30,0,3.0,3.0,0,0,0,0,0,37.30,39.0,0,19.0,4.0,15.0,26.0,0,30,RP
19985,Jordan Zimmermann,DET,AL,30,30,12.0,9.0,0,0,0,0,0,181.30,187.0,0,81.0,23.0,35.0,137.0,30,0,SP
19987,Jake Arrieta,CHC,NL,30,30,16.0,7.0,0,0,0,0,0,186.30,145.0,0,53.0,13.0,50.0,194.0,30,0,SP
19989,Fernando Salas,LAA,AL,61,0,3.0,3.0,0,0,0,0,0,57.70,53.0,0,22.0,6.0,13.0,59.0,0,61,RP
20000,Brad Mills,FA,,22,20,5.0,8.0,0,0,0,0,0,111.30,120.0,0,63.0,16.0,43.0,79.0,20,2,RP
20006,Liam Hendriks,OAK,AL,57,0,4.0,2.0,0,0,0,0,0,65.70,58.0,0,21.0,5.0,12.0,67.0,0,57,RP
20023,Mat Latos,CHW,AL,24,23,6.0,8.0,0,0,0,0,0,131.70,141.0,0,68.0,17.0,41.0,108.0,23,1,SP
20028,Tony Barnette,TEX,AL,48,0,2.0,2.0,0,0,0,0,0,46.70,44.0,0,20.0,5.0,17.0,45.0,0,48,RP
20030,Daniel Schlereth,TOR,AL,15,0,1.0,1.0,0,0,0,0,0,15.70,16.0,0,10.0,2.0,10.0,12.0,0,15,RP
20054,Chen Lee,FA,,51,0,2.0,2.0,0,0,0,0,0,53.00,51.0,0,23.0,5.0,18.0,53.0,0,51,RP
20070,George Kontos,SF,NL,64,0,5.0,4.0,0,0,0,0,0,71.70,66.0,0,27.0,7.0,18.0,58.0,0,64,RP
20071,Kanekoa Texeira,ATL,NL,20,10,3.0,4.0,0,0,0,0,0,71.00,73.0,0,37.0,8.0,34.0,51.0,10,10,RP
20121,Yu Darvish,TEX,AL,20,20,9.0,6.0,0,0,0,0,0,132.00,112.0,0,50.0,15.0,51.0,156.0,20,0,RP
20122,Hisashi Iwakuma,SEA,AL,24,24,8.0,8.0,0,0,0,0,0,147.70,140.0,0,61.0,19.0,24.0,126.0,24,0,SP
20129,Masahiro Tanaka,NYY,AL,25,25,11.0,9.0,0,0,0,0,0,157.70,146.0,0,67.0,22.0,30.0,147.0,25,0,SP
20156,Hyun-Jin Ryu,LAD,NL,22,22,8.0,7.0,0,0,0,0,0,125.30,122.0,0,49.0,11.0,29.0,105.0,22,0,RP
20202,Randall Delgado,ARI,NL,63,0,7.0,5.0,0,0,0,0,0,72.70,64.0,0,29.0,7.0,32.0,77.0,0,63,RP
20211,Brian Schlitter,FA,,58,0,3.0,3.0,0,0,0,0,0,55.30,65.0,0,32.0,5.0,23.0,34.0,0,58,RP
20328,Madison Bumgarner,SF,NL,31,31,17.0,9.0,0,0,0,0,0,210.00,174.0,0,63.0,18.0,43.0,216.0,31,0,SP
20438,Pedro Baez,LAD,NL,59,0,3.0,2.0,0,0,0,0,0,59.70,54.0,0,23.0,6.0,16.0,60.0,0,59,RP
20452,Tanner Roark,WAS,NL,32,20,9.0,7.0,0,0,0,0,0,141.30,140.0,0,58.0,14.0,33.0,96.0,20,12,SP
20456,Craig Stammen,FA,,41,0,4.0,4.0,0,0,0,0,0,59.00,61.0,0,26.0,6.0,18.0,49.0,0,41,RP
20471,Brandon Gomes,FA,,56,0,4.0,3.0,0,0,0,0,0,57.70,53.0,0,24.0,7.0,16.0,53.0,0,56,RP
20478,Tim Collins,KC,AL,45,0,3.0,3.0,0,0,0,0,0,47.00,44.0,0,22.0,5.0,22.0,45.0,0,45,RP
20524,Lester Oliveros,FA,,30,2,3.0,2.0,0,0,0,0,0,40.00,36.0,0,17.0,5.0,17.0,42.0,2,28,RP
20537,Brad Brach,BAL,AL,60,0,6.0,4.0,0,0,0,0,0,76.30,64.0,0,30.0,8.0,33.0,84.0,0,60,RP
20539,Steven Wright,BOS,AL,22,16,7.0,7.0,0,0,0,0,0,110.00,116.0,0,56.0,15.0,34.0,78.0,16,6,RP
20544,Chaz Roe,BAL,AL,50,0,4.0,3.0,0,0,0,0,0,60.00,57.0,0,26.0,6.0,24.0,54.0,0,50,RP
20545,Nick Vincent,SD,NL,65,0,5.0,4.0,0,0,0,0,0,67.00,58.0,0,24.0,6.0,21.0,75.0,0,65,RP
20589,Marc Rzepczynski,OAK,AL,70,0,2.0,2.0,0,0,0,0,0,47.00,45.0,0,20.0,4.0,19.0,43.0,0,70,RP
20591,Doug Fister,HOU,AL,25,21,8.0,8.0,0,0,0,0,0,134.00,143.0,0,60.0,16.0,29.0,95.0,21,4,SP
20592,Jacob Turner,CHW,AL,17,14,4.0,7.0,0,0,0,0,0,81.30,98.0,0,54.0,14.0,31.0,54.0,14,3,RP
20593,Stephen Strasburg,WAS,NL,29,29,14.0,7.0,0,0,0,0,0,169.70,145.0,0,55.0,16.0,37.0,194.0,29,0,SP
20596,Daniel Hudson,ARI,NL,33,0,2.0,1.0,0,0,0,0,0,35.70,32.0,0,14.0,4.0,12.0,36.0,0,33,RP
20598,John Axford,OAK,AL,60,0,5.0,4.0,0,0,0,0,0,54.70,50.0,0,25.0,6.0,30.0,58.0,0,60,RP
20605,Jeremy Hellickson,PHI,NL,26,25,7.0,10.0,0,0,0,0,0,133.70,140.0,0,67.0,18.0,38.0,114.0,25,1,SP
20609,Juan Jaime,FA,,44,0,2.0,2.0,0,0,0,0,0,45.00,36.0,0,19.0,4.0,34.0,57.0,0,44,RP
20612,Jonny Venters,TB,AL,21,0,1.0,2.0,0,0,0,0,0,21.30,21.0,0,10.0,2.0,11.0,17.0,0,21,RP
20615,Jeanmar Gomez,PHI,NL,55,0,2.0,2.0,0,0,0,0,0,66.30,69.0,0,30.0,6.0,21.0,47.0,0,55,RP
20619,Blake Parker,FA,,32,0,1.0,1.0,0,0,0,0,0,31.70,29.0,0,13.0,4.0,12.0,35.0,0,32,RP
20625,Travis Wood,CHC,NL,40,19,8.0,7.0,0,0,0,0,0,135.70,125.0,0,58.0,14.0,52.0,127.0,19,21,RP
20626,Juan Nicasio,PIT,NL,43,13,5.0,5.0,0,0,0,0,0,101.70,98.0,0,45.0,9.0,41.0,86.0,13,30,SP
20629,Hector Noesi,FA,,25,17,4.0,8.0,0,0,0,0,0,109.70,126.0,0,72.0,22.0,40.0,80.0,17,8,RP
20631,Bryan Morris,MIA,NL,65,0,5.0,5.0,0,0,0,0,0,66.70,65.0,0,28.0,5.0,28.0,50.0,0,65,RP
20636,J.C. Ramirez,CIN,NL,50,0,3.0,4.0,0,0,0,0,0,61.30,63.0,0,34.0,8.0,30.0,48.0,0,50,RP
20643,Steve Johnson,FA,,32,9,4.0,5.0,0,0,0,0,0,74.70,73.0,0,40.0,11.0,37.0,71.0,9,23,RP
20660,Aroldis Chapman,NYY,AL,63,0,5.0,2.0,0,0,0,0,0,62.00,41.0,0,17.0,5.0,29.0,101.0,0,63,RP
20661,Casey Coleman,FA,,37,4,3.0,5.0,0,0,0,0,0,77.30,86.0,0,43.0,8.0,37.0,50.0,4,33,RP
20665,Chad Jenkins,TOR,AL,37,9,4.0,5.0,0,0,0,0,0,82.70,94.0,0,46.0,13.0,22.0,47.0,9,28,RP
20670,Charles Leesman,FA,,15,10,3.0,4.0,0,0,0,0,0,55.70,57.0,0,30.0,7.0,29.0,44.0,10,5,RP
20677,Tanner Scheppers,TEX,AL,53,0,3.0,3.0,0,0,0,0,0,49.70,49.0,0,25.0,6.0,23.0,41.0,0,53,RP
20678,Danny Duffy,KC,AL,28,21,8.0,6.0,0,0,0,0,0,125.00,118.0,0,53.0,13.0,47.0,100.0,21,7,RP
20683,Mike Leake,STL,NL,28,28,11.0,9.0,0,0,0,0,0,176.70,176.0,0,74.0,16.0,44.0,114.0,28,0,SP
20691,Drew Storen,TOR,AL,63,0,2.0,1.0,0,0,0,0,0,56.30,50.0,0,19.0,5.0,14.0,57.0,0,63,RP
20692,Danny Farquhar,TB,AL,65,0,4.0,3.0,0,0,0,0,0,78.70,70.0,0,32.0,8.0,26.0,83.0,0,65,RP
20707,Bryan Shaw,CLE,AL,75,0,4.0,4.0,0,0,0,0,0,68.70,63.0,0,28.0,7.0,21.0,62.0,0,75,RP
20708,Tommy Layne,BOS,AL,66,0,3.0,2.0,0,0,0,0,0,55.70,52.0,0,24.0,4.0,27.0,51.0,0,66,RP
20713,Tyler Chatwood,COL,NL,10,10,2.0,2.0,0,0,0,0,0,52.70,55.0,0,27.0,7.0,19.0,38.0,10,0,SP
20714,Michael Kohn,FA,,40,0,2.0,2.0,0,0,0,0,0,36.70,30.0,0,16.0,4.0,23.0,40.0,0,40,RP
20715,Will Smith,MIL,NL,75,0,5.0,3.0,0,0,0,0,0,70.70,58.0,0,24.0,7.0,26.0,91.0,0,75,RP
20718,Jenrry Mejia,NYM,NL,35,0,2.0,1.0,0,0,0,0,0,37.00,32.0,0,13.0,3.0,13.0,42.0,0,35,RP
20720,Casey Kelly,ATL,NL,20,12,3.0,5.0,0,0,0,0,0,71.70,77.0,0,39.0,9.0,26.0,48.0,12,8,RP
20722,Dan Jennings,CHW,AL,56,0,2.0,2.0,0,0,0,0,0,57.30,57.0,0,25.0,5.0,22.0,53.0,0,56,RP
20729,Zach McAllister,CLE,AL,43,14,7.0,7.0,0,0,0,0,0,108.70,109.0,0,49.0,11.0,34.0,98.0,14,29,RP
20734,Matt Reynolds,ARI,NL,42,0,3.0,2.0,0,0,0,0,0,42.70,41.0,0,19.0,6.0,13.0,38.0,0,42,RP
20736,Christian Friedrich,FA,,45,6,3.0,3.0,0,0,0,0,0,66.30,73.0,0,37.0,9.0,27.0,54.0,6,39,RP
20744,Mike Minor,KC,AL,21,21,7.0,8.0,0,0,0,0,0,126.30,126.0,0,62.0,20.0,37.0,90.0,21,0,RP
20745,Craig Kimbrel,BOS,AL,63,0,4.0,1.0,0,0,0,0,0,59.70,44.0,0,18.0,5.0,23.0,82.0,0,63,RP
20765,Nick Goody,NYY,AL,52,0,2.0,2.0,0,0,0,0,0,67.70,59.0,0,29.0,8.0,27.0,79.0,0,52,RP
20777,Daniel Tillman,MIL,NL,40,0,1.0,3.0,0,0,0,0,0,48.00,51.0,0,29.0,8.0,25.0,38.0,0,40,RP
20806,Sean Gilmartin,NYM,NL,57,0,3.0,3.0,0,0,0,0,0,65.00,59.0,0,25.0,5.0,23.0,61.0,0,57,RP
20814,Erasmo Ramirez,TB,AL,30,25,7.0,9.0,0,0,0,0,0,148.00,148.0,0,70.0,18.0,43.0,111.0,25,5,SP
20817,Anthony Vasquez,PHI,NL,23,18,4.0,10.0,0,0,0,0,0,104.00,124.0,0,71.0,20.0,41.0,62.0,18,5,RP
20828,Michael Pineda,NYY,AL,21,21,9.0,7.0,0,0,0,0,0,121.30,122.0,0,52.0,14.0,19.0,109.0,21,0,SP
20845,Cory Gearrin,SF,NL,34,0,2.0,2.0,0,0,0,0,0,36.70,33.0,0,15.0,3.0,14.0,34.0,0,34,RP
20851,Wade Miley,SEA,AL,30,30,8.0,11.0,0,0,0,0,0,179.30,182.0,0,85.0,19.0,62.0,146.0,30,0,SP
20883,Shelby Miller,ARI,NL,32,31,12.0,9.0,0,0,0,0,0,185.00,172.0,0,75.0,20.0,64.0,156.0,31,1,SP
20923,Hector Santiago,LAA,AL,31,27,8.0,7.0,0,0,0,0,0,153.30,143.0,0,65.0,17.0,61.0,134.0,27,4,SP
20938,Chris Withrow,ATL,NL,26,0,2.0,1.0,0,0,0,0,0,29.30,23.0,0,12.0,3.0,17.0,34.0,0,26,RP
20941,Evan Scribner,SEA,AL,52,0,2.0,2.0,0,0,0,0,0,60.00,56.0,0,25.0,9.0,10.0,64.0,0,52,RP
20950,Mike Fiers,HOU,AL,29,26,9.0,9.0,0,0,0,0,0,157.70,150.0,0,73.0,22.0,48.0,144.0,26,3,SP
20954,Ethan Martin,FA,,30,2,2.0,2.0,0,0,0,0,0,55.00,53.0,0,25.0,5.0,23.0,43.0,2,28,RP
20962,Donovan Hand,FA,,40,9,3.0,5.0,0,0,0,0,0,90.30,98.0,0,50.0,15.0,24.0,60.0,9,31,RP
20965,Jake Odorizzi,TB,AL,31,31,11.0,9.0,0,0,0,0,0,177.30,161.0,0,71.0,20.0,51.0,165.0,31,0,SP
20982,Blaine Hardy,DET,AL,62,0,4.0,3.0,0,0,0,0,0,59.30,56.0,0,24.0,5.0,21.0,56.0,0,62,RP
21027,Hiram Burgos,MIL,NL,18,18,5.0,6.0,0,0,0,0,0,89.30,87.0,0,44.0,11.0,37.0,80.0,18,0,RP
21039,Garrett Richards,LAA,AL,29,29,13.0,8.0,0,0,0,0,0,182.30,155.0,0,65.0,13.0,62.0,170.0,29,0,SP
21109,Pat Venditte,TOR,AL,27,1,2.0,2.0,0,0,0,0,0,44.30,44.0,0,23.0,7.0,16.0,40.0,1,26,RP
21115,Justin De Fratus,SEA,AL,71,0,4.0,4.0,0,0,0,0,0,66.70,66.0,0,30.0,5.0,28.0,53.0,0,71,RP
21127,Josh Tomlin,CLE,AL,19,16,5.0,6.0,0,0,0,0,0,85.00,87.0,0,42.0,14.0,14.0,71.0,16,3,SP
21129,Ryan Buchter,SD,NL,47,0,2.0,2.0,0,0,0,0,0,54.70,44.0,0,23.0,4.0,37.0,64.0,0,47,RP
21138,Pedro Beato,BAL,AL,53,0,3.0,4.0,0,0,0,0,0,60.70,65.0,0,35.0,10.0,26.0,46.0,0,53,RP
21150,Lucas Luetge,LAA,AL,44,0,2.0,3.0,0,0,0,0,0,61.70,64.0,0,34.0,9.0,27.0,48.0,0,44,RP
21154,Rafael Martin,WAS,NL,42,0,4.0,2.0,0,0,0,0,0,51.70,43.0,0,18.0,5.0,17.0,62.0,0,42,RP
21169,Jose Alvarez,LAA,AL,65,0,4.0,3.0,0,0,0,0,0,67.70,63.0,0,28.0,6.0,23.0,61.0,0,65,RP
21172,Arquimedes Caminero,PIT,NL,71,0,3.0,3.0,0,0,0,0,0,73.30,64.0,0,28.0,7.0,27.0,71.0,0,71,RP
21175,A.J. Ramos,MIA,NL,67,0,4.0,2.0,0,0,0,0,0,67.30,50.0,0,21.0,5.0,33.0,80.0,0,67,RP
21187,Jhan Marinez,TB,AL,48,0,3.0,4.0,0,0,0,0,0,59.30,56.0,0,30.0,8.0,30.0,57.0,0,48,RP
21188,Vance Worley,BAL,AL,24,17,6.0,8.0,0,0,0,0,0,114.30,131.0,0,65.0,18.0,29.0,75.0,17,7,RP
21189,Greg Holland,FA,,56,0,3.0,1.0,0,0,0,0,0,52.30,38.0,0,15.0,4.0,21.0,70.0,0,56,RP
21190,Chris Sale,CHW,AL,29,29,14.0,7.0,0,0,0,0,0,195.70,165.0,0,65.0,20.0,41.0,241.0,29,0,SP
21191,Jeremy Jeffress,MIL,NL,61,0,3.0,2.0,0,0,0,0,0,62.70,58.0,0,23.0,4.0,23.0,60.0,0,61,RP
21193,Steve Cishek,SEA,AL,64,0,4.0,4.0,0,0,0,0,0,61.70,57.0,0,24.0,5.0,23.0,63.0,0,64,RP
21194,Brandon Beachy,LAD,NL,11,11,2.0,3.0,0,0,0,0,0,51.70,53.0,0,28.0,7.0,23.0,39.0,11,0,RP
21195,Anthony Varvaro,BOS,AL,37,0,2.0,1.0,0,0,0,0,0,37.70,39.0,0,17.0,3.0,13.0,27.0,0,37,RP
21196,Vinnie Pestano,NYY,AL,54,0,3.0,3.0,0,0,0,0,0,47.30,44.0,0,22.0,6.0,20.0,52.0,0,54,RP
21200,Wily Peralta,MIL,NL,26,26,9.0,11.0,0,0,0,0,0,149.70,159.0,0,76.0,19.0,50.0,106.0,26,0,SP
21205,Charlie Furbush,SEA,AL,51,0,3.0,2.0,0,0,0,0,0,36.70,31.0,0,13.0,4.0,11.0,41.0,0,51,RP
21206,Jose Ortega,FA,,48,0,2.0,2.0,0,0,0,0,0,53.30,57.0,0,33.0,7.0,36.0,42.0,0,48,RP
21209,Josh Collmenter,ARI,NL,34,19,8.0,6.0,0,0,0,0,0,137.00,137.0,0,60.0,16.0,34.0,91.0,19,15,RP
21211,Zach Britton,BAL,AL,67,0,4.0,1.0,0,0,0,0,0,67.70,55.0,0,21.0,5.0,19.0,70.0,0,67,RP
21213,Stolmy Pimentel,FA,,27,13,3.0,5.0,0,0,0,0,0,91.30,91.0,0,46.0,12.0,39.0,73.0,13,14,RP
21217,Nate Jones,CHW,AL,49,0,4.0,3.0,0,0,0,0,0,54.30,48.0,0,21.0,5.0,19.0,63.0,0,49,RP
21218,Corey Kluber,CLE,AL,30,30,14.0,9.0,0,0,0,0,0,202.00,178.0,0,72.0,18.0,43.0,217.0,30,0,SP
21219,Nick Hagadone,FA,,49,0,2.0,2.0,0,0,0,0,0,42.30,37.0,0,19.0,5.0,20.0,48.0,0,49,RP
21221,Jorge De Leon,FA,,48,1,2.0,4.0,0,0,0,0,0,62.70,67.0,0,35.0,8.0,27.0,41.0,1,47,RP
21223,Everett Teaford,FA,,25,16,4.0,7.0,0,0,0,0,0,93.70,101.0,0,54.0,13.0,42.0,63.0,16,9,RP
21225,Dellin Betances,NYY,AL,71,0,6.0,1.0,0,0,0,0,0,85.00,55.0,0,20.0,7.0,33.0,130.0,0,71,RP
21226,Jeff Locke,PIT,NL,28,28,8.0,9.0,0,0,0,0,0,162.70,162.0,0,75.0,16.0,61.0,123.0,28,0,RP
21227,Kyle McPherson,TB,AL,19,8,2.0,5.0,0,0,0,0,0,56.70,65.0,0,35.0,11.0,16.0,39.0,8,11,RP
21228,Tony Watson,PIT,NL,72,0,4.0,2.0,0,0,0,0,0,70.00,60.0,0,21.0,4.0,15.0,63.0,0,72,RP
21239,Toru Murata,CLE,AL,25,23,5.0,12.0,0,0,0,0,0,131.30,161.0,0,94.0,30.0,39.0,76.0,23,2,RP
21253,Cesar Cabral,BAL,AL,48,0,2.0,2.0,0,0,0,0,0,46.30,43.0,0,21.0,4.0,25.0,42.0,0,48,RP
21254,Alex Cobb,TB,AL,21,21,8.0,6.0,0,0,0,0,0,128.30,118.0,0,49.0,11.0,41.0,111.0,21,0,RP
21258,Nathan Adcock,FA,,32,0,2.0,2.0,0,0,0,0,0,39.70,37.0,0,18.0,4.0,17.0,36.0,0,32,RP
21262,Ryan Verdugo,FA,,30,8,4.0,5.0,0,0,0,0,0,68.30,68.0,0,34.0,8.0,31.0,56.0,8,22,RP
21267,Joe Kelly,BOS,AL,27,22,8.0,7.0,0,0,0,0,0,126.70,130.0,0,60.0,12.0,49.0,103.0,22,5,SP
21270,Louis Coleman,LAD,NL,48,0,4.0,4.0,0,0,0,0,0,67.30,60.0,0,27.0,7.0,26.0,68.0,0,48,RP
21273,John Lamb,CIN,NL,28,28,9.0,9.0,0,0,0,0,0,149.30,136.0,0,65.0,19.0,57.0,163.0,28,0,RP
21274,Mike Montgomery,SEA,AL,24,24,6.0,9.0,0,0,0,0,0,129.00,134.0,0,67.0,14.0,50.0,91.0,24,0,RP
21278,Kyle Gibson,MIN,AL,30,30,11.0,11.0,0,0,0,0,0,176.30,178.0,0,82.0,16.0,57.0,126.0,30,0,SP
21281,Drew Pomeranz,SD,NL,39,14,6.0,6.0,0,0,0,0,0,100.70,86.0,0,38.0,10.0,40.0,106.0,14,25,RP
21284,Adam Wilk,FA,,26,24,7.0,11.0,0,0,0,0,0,140.00,155.0,0,78.0,21.0,41.0,86.0,24,2,RP
21288,Anthony Bass,FA,,36,4,1.0,2.0,0,0,0,0,0,74.00,82.0,0,41.0,10.0,23.0,49.0,4,32,RP
21289,Colt Hynes,FA,,51,0,2.0,2.0,0,0,0,0,0,53.70,56.0,0,27.0,7.0,16.0,44.0,0,51,RP
21292,Henderson Alvarez,OAK,AL,17,17,6.0,5.0,0,0,0,0,0,100.30,108.0,0,46.0,9.0,23.0,55.0,17,0,RP
21296,Brad Hand,MIA,NL,33,16,5.0,6.0,0,0,0,0,0,105.70,106.0,0,51.0,10.0,44.0,79.0,16,17,RP
21298,Tom Koehler,MIA,NL,29,27,9.0,10.0,0,0,0,0,0,164.00,161.0,0,76.0,18.0,65.0,121.0,27,2,SP
21299,Rob Rasmussen,LAA,AL,51,0,3.0,2.0,0,0,0,0,0,56.70,53.0,0,24.0,4.0,25.0,54.0,0,51,RP
21301,Justin Wilson,DET,AL,69,0,4.0,2.0,0,0,0,0,0,62.00,55.0,0,25.0,5.0,25.0,60.0,0,69,RP
21305,Scott Carroll,CHW,AL,25,16,4.0,7.0,0,0,0,0,0,99.30,115.0,0,59.0,14.0,37.0,57.0,16,9,RP
21315,Mike Broadway,SF,NL,39,0,2.0,1.0,0,0,0,0,0,42.30,37.0,0,15.0,4.0,12.0,44.0,0,39,RP
21316,Brett Oberholtzer,PHI,NL,24,23,7.0,10.0,0,0,0,0,0,130.30,141.0,0,68.0,18.0,33.0,100.0,23,1,RP
21317,Julio Teheran,ATL,NL,31,31,12.0,10.0,0,0,0,0,0,197.00,183.0,0,80.0,23.0,57.0,175.0,31,0,SP
21318,Arodys Vizcaino,ATL,NL,48,0,2.0,1.0,0,0,0,0,0,48.00,41.0,0,17.0,4.0,18.0,51.0,0,48,RP
21320,Jordan Lyles,COL,NL,20,19,6.0,6.0,0,0,0,0,0,106.30,116.0,0,55.0,10.0,37.0,69.0,19,1,SP
21324,Rubby De La Rosa,ARI,NL,28,28,9.0,10.0,0,0,0,0,0,163.00,165.0,0,79.0,22.0,54.0,132.0,28,0,SP
21325,Alex Wilson,DET,AL,59,0,4.0,3.0,0,0,0,0,0,69.00,70.0,0,29.0,6.0,17.0,42.0,0,59,RP
21329,Rex Brothers,CHC,NL,68,0,4.0,3.0,0,0,0,0,0,58.30,45.0,0,23.0,5.0,42.0,70.0,0,68,RP
21331,Manny Banuelos,ATL,NL,23,23,6.0,6.0,0,0,0,0,0,115.70,104.0,0,50.0,11.0,55.0,107.0,23,0,SP
21332,David Phelps,MIA,NL,25,16,5.0,5.0,0,0,0,0,0,104.70,104.0,0,47.0,10.0,35.0,83.0,16,9,RP
21333,Adam Warren,CHC,NL,47,8,6.0,4.0,0,0,0,0,0,101.70,87.0,0,34.0,7.0,31.0,92.0,8,39,RP
21350,Matt Lollis,CHW,AL,51,0,2.0,5.0,0,0,0,0,0,66.30,75.0,0,48.0,14.0,41.0,53.0,0,51,RP
21436,Nathan Eovaldi,NYY,AL,25,25,8.0,8.0,0,0,0,0,0,146.30,152.0,0,69.0,15.0,44.0,127.0,25,0,SP
21446,John Gast,STL,NL,17,17,5.0,6.0,0,0,0,0,0,88.70,94.0,0,45.0,10.0,32.0,59.0,17,0,RP
21460,Neil Ramirez,CHC,NL,40,0,3.0,2.0,0,0,0,0,0,33.70,27.0,0,11.0,3.0,14.0,39.0,0,40,RP
21525,David Carpenter,TB,AL,45,0,3.0,2.0,0,0,0,0,0,56.70,51.0,0,22.0,4.0,24.0,53.0,0,45,RP
21529,Patrick Corbin,ARI,NL,22,21,8.0,6.0,0,0,0,0,0,128.70,126.0,0,53.0,13.0,32.0,105.0,21,1,SP
21538,Allen Webster,FA,,26,24,6.0,7.0,0,0,0,0,0,131.00,133.0,0,64.0,14.0,49.0,91.0,24,2,RP
21552,Buddy Baumann,SD,NL,35,6,3.0,3.0,0,0,0,0,0,74.30,69.0,0,30.0,6.0,28.0,69.0,6,29,RP
21572,Justin Miller,COL,NL,51,0,4.0,2.0,0,0,0,0,0,54.70,52.0,0,24.0,6.0,19.0,51.0,0,51,RP
21578,Tyler Skaggs,LAA,AL,15,15,5.0,5.0,0,0,0,0,0,92.70,92.0,0,42.0,8.0,34.0,72.0,15,0,RP
21582,Steve Geltz,TB,AL,59,0,4.0,4.0,0,0,0,0,0,58.30,49.0,0,24.0,7.0,23.0,61.0,0,59,RP
21593,Donn Roach,FA,,28,21,5.0,10.0,0,0,0,0,0,124.00,149.0,0,73.0,13.0,42.0,53.0,21,7,RP
21603,Blake Smith,SD,NL,41,0,3.0,4.0,0,0,0,0,0,50.30,46.0,0,23.0,4.0,27.0,49.0,0,41,RP
21627,Drew Hutchison,TOR,AL,27,26,9.0,9.0,0,0,0,0,0,142.00,148.0,0,74.0,20.0,43.0,127.0,26,1,RP
21632,Luis Avilan,LAD,NL,77,0,3.0,3.0,0,0,0,0,0,58.30,56.0,0,25.0,5.0,21.0,44.0,0,77,RP
21640,Brian Moran,CLE,AL,36,0,2.0,3.0,0,0,0,0,0,45.00,46.0,0,23.0,6.0,18.0,37.0,0,36,RP
21649,Jaye Chapman,MIL,NL,44,0,4.0,4.0,0,0,0,0,0,49.00,46.0,0,24.0,6.0,24.0,48.0,0,44,RP
21659,Addison Reed,NYM,NL,67,0,5.0,4.0,0,0,0,0,0,67.00,60.0,0,25.0,6.0,21.0,69.0,0,67,RP
21660,Brad Boxberger,TB,AL,67,0,6.0,4.0,0,0,0,0,0,69.00,54.0,0,25.0,8.0,30.0,90.0,0,67,RP
21703,Ryan Cook,SEA,AL,55,0,3.0,4.0,0,0,0,0,0,54.00,53.0,0,27.0,6.0,23.0,51.0,0,55,RP
21709,Keith Hessler,ARI,NL,60,0,4.0,3.0,0,0,0,0,0,67.70,65.0,0,29.0,8.0,20.0,64.0,0,60,RP
21724,Jared Hughes,PIT,NL,65,0,4.0,3.0,0,0,0,0,0,62.70,63.0,0,25.0,4.0,20.0,38.0,0,65,RP
21730,Andre Rienzo,MIA,NL,29,19,5.0,7.0,0,0,0,0,0,112.70,115.0,0,57.0,12.0,50.0,82.0,19,10,RP
21739,Jake Petricka,CHW,AL,66,0,4.0,3.0,0,0,0,0,0,70.70,70.0,0,31.0,6.0,26.0,55.0,0,66,RP
21742,Zack Wheeler,NYM,NL,23,23,7.0,7.0,0,0,0,0,0,130.00,122.0,0,54.0,12.0,52.0,123.0,23,0,RP
21744,Martin Perez,TEX,AL,19,19,7.0,7.0,0,0,0,0,0,108.30,116.0,0,53.0,11.0,32.0,71.0,19,0,SP
21758,Trevor Bauer,CLE,AL,29,28,9.0,10.0,0,0,0,0,0,164.30,152.0,0,79.0,20.0,74.0,163.0,28,1,SP
21760,Eric Surkamp,OAK,AL,32,14,5.0,7.0,0,0,0,0,0,100.30,106.0,0,54.0,15.0,32.0,76.0,14,18,RP
21764,Brad Peacock,HOU,AL,18,15,4.0,6.0,0,0,0,0,0,83.30,86.0,0,49.0,14.0,39.0,73.0,15,3,RP
21765,Xavier Cedeno,TB,AL,57,0,3.0,2.0,0,0,0,0,0,44.70,39.0,0,16.0,5.0,14.0,49.0,0,57,RP
21766,Matt Moore,TB,AL,21,21,6.0,8.0,0,0,0,0,0,109.00,105.0,0,54.0,15.0,48.0,103.0,21,0,SP
21767,Kelvin Herrera,KC,AL,72,0,6.0,3.0,0,0,0,0,0,72.00,59.0,0,23.0,5.0,25.0,77.0,0,72,RP
21768,J.J. Hoover,CIN,NL,65,0,5.0,5.0,0,0,0,0,0,63.30,54.0,0,27.0,8.0,29.0,64.0,0,65,RP
21770,Jake Diekman,TEX,AL,71,0,3.0,3.0,0,0,0,0,0,65.30,60.0,0,30.0,6.0,33.0,68.0,0,71,RP
21773,Paul Clemens,FA,,27,8,4.0,6.0,0,0,0,0,0,66.70,69.0,0,36.0,9.0,29.0,45.0,8,19,RP
21774,Jeff Beliveau,BAL,AL,30,0,1.0,1.0,0,0,0,0,0,29.70,27.0,0,12.0,3.0,13.0,32.0,0,30,RP
21775,Danny Salazar,CLE,AL,30,30,13.0,10.0,0,0,0,0,0,178.00,154.0,0,69.0,21.0,50.0,195.0,30,0,SP
21778,Josh Wall,CHW,AL,37,0,2.0,3.0,0,0,0,0,0,43.70,44.0,0,22.0,5.0,19.0,39.0,0,37,RP
21784,Matt West,LAD,NL,41,0,3.0,3.0,0,0,0,0,0,61.30,58.0,0,26.0,7.0,18.0,57.0,0,41,RP
21785,Roman Mendez,BOS,AL,44,0,2.0,2.0,0,0,0,0,0,49.00,51.0,0,26.0,6.0,22.0,39.0,0,44,RP
21787,Oliver Drake,BAL,AL,45,0,3.0,1.0,0,0,0,0,0,48.70,41.0,0,18.0,4.0,21.0,57.0,0,45,RP
21788,Drake Britton,DET,AL,36,9,5.0,7.0,0,0,0,0,0,83.00,94.0,0,50.0,11.0,36.0,46.0,9,27,RP
21790,Wilking Rodriguez,FA,,14,0,1.0,1.0,0,0,0,0,0,15.70,15.0,0,8.0,2.0,6.0,15.0,0,14,RP
21791,Alex Colome,TB,AL,32,18,6.0,8.0,0,0,0,0,0,109.30,111.0,0,53.0,12.0,39.0,83.0,18,14,RP
21792,Dylan Bundy,BAL,AL,10,10,2.0,2.0,0,0,0,0,0,35.00,34.0,0,16.0,4.0,13.0,29.0,10,0,RP
21793,Jose Quintana,CHW,AL,31,31,10.0,8.0,0,0,0,0,0,195.30,198.0,0,81.0,17.0,47.0,166.0,31,0,SP
21796,Ariel Pena,MIL,NL,39,16,5.0,5.0,0,0,0,0,0,111.70,101.0,0,52.0,14.0,55.0,116.0,16,23,RP
21799,Matt Purke,CHW,AL,18,15,3.0,7.0,0,0,0,0,0,62.70,75.0,0,43.0,12.0,28.0,40.0,15,3,RP
21802,Jeurys Familia,NYM,NL,76,0,3.0,1.0,0,0,0,0,0,77.00,63.0,0,23.0,7.0,19.0,83.0,0,76,RP
21804,Pedro Villarreal,CIN,NL,50,0,4.0,3.0,0,0,0,0,0,74.30,74.0,0,32.0,8.0,18.0,56.0,0,50,RP
21808,Wei-Yin Chen,MIA,NL,29,29,11.0,7.0,0,0,0,0,0,174.00,168.0,0,63.0,16.0,36.0,139.0,29,0,SP
21816,Chris Rusin,COL,NL,28,25,9.0,10.0,0,0,0,0,0,152.30,183.0,0,90.0,22.0,45.0,84.0,25,3,RP
21817,Lendy Castillo,DET,AL,31,2,1.0,3.0,0,0,0,0,0,54.00,63.0,0,40.0,10.0,38.0,36.0,2,29,RP
21818,Zeke Spruill,FA,,32,15,6.0,8.0,0,0,0,0,0,110.00,126.0,0,61.0,13.0,38.0,64.0,15,17,RP
21821,Chad Bettis,COL,NL,27,25,9.0,7.0,0,0,0,0,0,138.30,147.0,0,70.0,18.0,48.0,114.0,25,2,SP
21824,Rob Scahill,PIT,NL,43,0,3.0,3.0,0,0,0,0,0,60.70,60.0,0,27.0,6.0,22.0,47.0,0,43,RP
21826,Ryan Tepera,TOR,AL,52,0,4.0,3.0,0,0,0,0,0,63.30,60.0,0,29.0,8.0,21.0,58.0,0,52,RP
21828,Austin Adams,CLE,AL,44,0,3.0,3.0,0,0,0,0,0,51.00,51.0,0,25.0,6.0,21.0,46.0,0,44,RP
21832,Drew Smyly,TB,AL,23,22,7.0,6.0,0,0,0,0,0,118.70,106.0,0,48.0,16.0,33.0,121.0,22,1,SP
21834,Sonny Gray,OAK,AL,32,32,14.0,8.0,0,0,0,0,0,211.00,184.0,0,75.0,17.0,65.0,179.0,32,0,SP
21838,Taijuan Walker,SEA,AL,26,25,7.0,10.0,0,0,0,0,0,145.30,141.0,0,70.0,20.0,41.0,135.0,25,1,SP
21840,Robbie Ross Jr.,BOS,AL,48,0,2.0,1.0,0,0,0,0,0,53.30,54.0,0,24.0,5.0,18.0,46.0,0,48,RP
21843,Matt Harvey,NYM,NL,26,26,10.0,6.0,0,0,0,0,0,170.30,143.0,0,55.0,12.0,41.0,161.0,26,0,SP
21845,Daniel Corcino,LAD,NL,18,15,4.0,9.0,0,0,0,0,0,81.30,88.0,0,55.0,15.0,48.0,59.0,15,3,RP
21847,Taylor Jungmann,MIL,NL,29,28,11.0,10.0,0,0,0,0,0,161.70,149.0,0,70.0,15.0,66.0,149.0,28,1,SP
21849,Tyler Thornburg,MIL,NL,57,0,3.0,3.0,0,0,0,0,0,64.70,59.0,0,29.0,6.0,31.0,60.0,0,57,RP
21850,Gerrit Cole,PIT,NL,30,30,16.0,10.0,0,0,0,0,0,190.00,172.0,0,65.0,13.0,46.0,180.0,30,0,SP
21852,Nick Greenwood,FA,,36,15,6.0,10.0,0,0,0,0,0,104.70,120.0,0,60.0,16.0,26.0,53.0,15,21,RP
21853,Tyrell Jenkins,ATL,NL,20,20,5.0,9.0,0,0,0,0,0,106.00,114.0,0,59.0,14.0,46.0,67.0,20,0,RP
21854,Trevor Rosenthal,STL,NL,72,0,5.0,2.0,0,0,0,0,0,74.70,58.0,0,21.0,4.0,29.0,97.0,0,72,RP
21855,Kevin Siegrist,STL,NL,69,0,5.0,3.0,0,0,0,0,0,63.00,49.0,0,21.0,6.0,28.0,77.0,0,69,RP
21859,Evan Marshall,ARI,NL,57,0,5.0,4.0,0,0,0,0,0,61.00,60.0,0,26.0,5.0,22.0,51.0,0,57,RP
21861,Robbie Erlin,SD,NL,24,23,5.0,9.0,0,0,0,0,0,124.30,132.0,0,68.0,19.0,37.0,96.0,23,1,SP
21863,Joe Wieland,SEA,AL,18,17,4.0,7.0,0,0,0,0,0,86.30,93.0,0,45.0,12.0,22.0,66.0,17,1,RP
21865,Heath Hembree,BOS,AL,58,0,3.0,2.0,0,0,0,0,0,59.70,56.0,0,26.0,6.0,22.0,59.0,0,58,RP
21872,Danny Burawa,ATL,NL,49,2,2.0,3.0,0,0,0,0,0,68.70,62.0,0,32.0,7.0,37.0,67.0,2,47,RP
21873,Brett Marshall,COL,NL,15,14,3.0,7.0,0,0,0,0,0,73.70,83.0,0,52.0,14.0,47.0,50.0,14,1,RP
21875,Chase Whitley,TB,AL,21,10,4.0,4.0,0,0,0,0,0,66.30,68.0,0,31.0,7.0,21.0,51.0,10,11,RP
21878,Matt Shoemaker,LAA,AL,25,25,9.0,9.0,0,0,0,0,0,143.70,140.0,0,64.0,19.0,34.0,122.0,25,0,SP
21992,Cody Allen,CLE,AL,74,0,5.0,3.0,0,0,0,0,0,70.70,55.0,0,22.0,6.0,25.0,95.0,0,74,RP
21996,Anthony Zych,SEA,AL,53,0,2.0,2.0,0,0,0,0,0,66.70,63.0,0,26.0,6.0,15.0,65.0,0,53,RP
21999,Blake Treinen,WAS,NL,65,0,4.0,3.0,0,0,0,0,0,76.70,69.0,0,28.0,5.0,29.0,72.0,0,65,RP
22016,A.J. Schugel,FA,,23,21,5.0,8.0,0,0,0,0,0,116.70,129.0,0,60.0,12.0,38.0,74.0,21,2,RP
22067,Josh Edgin,NYM,NL,49,0,2.0,1.0,0,0,0,0,0,31.00,27.0,0,12.0,3.0,13.0,30.0,0,49,RP
22082,James Paxton,SEA,AL,20,20,7.0,8.0,0,0,0,0,0,102.00,97.0,0,46.0,9.0,38.0,85.0,20,0,SP
22089,Andrew McKirahan,ATL,NL,36,0,1.0,2.0,0,0,0,0,0,44.30,45.0,0,21.0,5.0,15.0,39.0,0,36,RP
22099,Bruce Rondon,DET,AL,48,0,2.0,2.0,0,0,0,0,0,45.00,43.0,0,22.0,5.0,23.0,46.0,0,48,RP
22154,Shawn Tolleson,TEX,AL,71,0,6.0,4.0,0,0,0,0,0,71.30,64.0,0,26.0,9.0,17.0,76.0,0,71,RP
22166,Mychal Givens,BAL,AL,50,0,4.0,3.0,0,0,0,0,0,74.00,64.0,0,30.0,7.0,33.0,80.0,0,50,RP
22176,Branden Pinder,NYY,AL,43,0,2.0,3.0,0,0,0,0,0,54.30,55.0,0,29.0,9.0,20.0,49.0,0,43,RP
22177,Kevin Chapman,HOU,AL,60,0,2.0,3.0,0,0,0,0,0,63.00,58.0,0,30.0,6.0,36.0,66.0,0,60,RP
22211,Angel Sanchez,PIT,NL,25,23,5.0,10.0,0,0,0,0,0,124.70,138.0,0,72.0,18.0,48.0,81.0,23,2,RP
22212,Zach Lee,LAD,NL,23,23,11.0,10.0,0,0,0,0,0,128.70,131.0,0,54.0,12.0,21.0,93.0,23,0,SP
22235,Jarred Cosart,MIA,NL,25,24,7.0,7.0,0,0,0,0,0,132.00,125.0,0,57.0,10.0,57.0,91.0,24,1,SP
22248,Hector Neris,PHI,NL,57,0,3.0,4.0,0,0,0,0,0,75.70,74.0,0,37.0,10.0,30.0,71.0,0,57,RP
22256,Thad Weber,DET,AL,25,22,5.0,10.0,0,0,0,0,0,124.30,152.0,0,85.0,26.0,39.0,72.0,22,3,RP
22265,Aaron Loup,TOR,AL,67,0,5.0,3.0,0,0,0,0,0,60.30,57.0,0,25.0,6.0,18.0,53.0,0,67,RP
22268,Chris Jones,BAL,AL,31,14,6.0,8.0,0,0,0,0,0,114.00,128.0,0,64.0,17.0,35.0,71.0,14,17,RP
22280,Michael Mariot,PHI,NL,40,0,3.0,2.0,0,0,0,0,0,59.30,53.0,0,23.0,6.0,19.0,65.0,0,40,RP
22303,Rob Wooten,FA,,55,0,3.0,3.0,0,0,0,0,0,62.70,61.0,0,29.0,7.0,19.0,54.0,0,55,RP
22307,Colton Murray,PHI,NL,54,0,5.0,7.0,0,0,0,0,0,75.30,72.0,0,37.0,9.0,35.0,75.0,0,54,RP
22315,Caleb Thielbar,FA,,52,0,3.0,3.0,0,0,0,0,0,53.70,50.0,0,22.0,4.0,21.0,45.0,0,52,RP
22328,Bo Schultz,TOR,AL,47,0,2.0,2.0,0,0,0,0,0,59.30,56.0,0,28.0,8.0,21.0,49.0,0,47,RP
22339,Sam Dyson,TEX,AL,75,0,6.0,3.0,0,0,0,0,0,74.00,71.0,0,28.0,7.0,19.0,67.0,0,75,RP
22340,Carter Capps,MIA,NL,38,0,2.0,1.0,0,0,0,0,0,43.70,31.0,0,11.0,3.0,15.0,62.0,0,38,RP
22364,Brett Bochy,FA,,45,0,3.0,3.0,0,0,0,0,0,59.30,57.0,0,26.0,5.0,24.0,46.0,0,45,RP
22393,Chris Devenski,HOU,AL,25,16,4.0,9.0,0,0,0,0,0,110.30,130.0,0,72.0,21.0,37.0,79.0,16,9,RP
22405,Tyler Lyons,STL,NL,28,21,8.0,7.0,0,0,0,0,0,135.70,134.0,0,60.0,18.0,29.0,118.0,21,7,RP
22410,Carlos E. Martinez,STL,NL,31,29,13.0,9.0,0,0,0,0,0,172.30,161.0,0,64.0,12.0,57.0,167.0,29,2,SP
22424,Josh Zeid,FA,,47,2,2.0,3.0,0,0,0,0,0,59.70,61.0,0,32.0,8.0,30.0,50.0,2,45,RP
22426,Jorge Rondon,FA,,49,0,4.0,3.0,0,0,0,0,0,67.30,66.0,0,28.0,4.0,23.0,51.0,0,49,RP
22441,Giovanni Soto,CLE,AL,48,0,1.0,1.0,0,0,0,0,0,53.00,52.0,0,25.0,5.0,23.0,47.0,0,48,RP
22452,C.J. Riefenhauser,CHC,NL,49,0,4.0,3.0,0,0,0,0,0,58.00,55.0,0,25.0,5.0,22.0,47.0,0,49,RP
22461,David Hale,COL,NL,31,17,6.0,6.0,0,0,0,0,0,109.00,124.0,0,61.0,13.0,39.0,69.0,17,14,RP
22462,J.R. Graham,MIN,AL,43,0,2.0,2.0,0,0,0,0,0,49.30,52.0,0,23.0,4.0,17.0,38.0,0,43,RP
22477,Mark Blackmar,CHW,AL,25,22,4.0,8.0,0,0,0,0,0,128.00,151.0,0,80.0,17.0,49.0,60.0,22,3,RP
22507,Kyle Hendricks,CHC,NL,28,28,8.0,7.0,0,0,0,0,0,159.70,154.0,0,64.0,14.0,40.0,125.0,28,0,SP
22516,Matt Andriese,TB,AL,35,21,8.0,7.0,0,0,0,0,0,128.30,129.0,0,54.0,12.0,31.0,99.0,21,14,RP
22524,Dallas Keuchel,HOU,AL,30,30,15.0,9.0,0,0,0,0,0,202.30,185.0,0,74.0,18.0,50.0,177.0,30,0,SP
22525,A.J. Griffin,FA,,19,19,7.0,7.0,0,0,0,0,0,115.00,116.0,0,59.0,22.0,32.0,93.0,19,0,RP
22529,Dan Straily,HOU,AL,28,26,8.0,11.0,0,0,0,0,0,150.00,157.0,0,83.0,25.0,49.0,137.0,26,2,RP
22532,Will Harris,HOU,AL,65,0,6.0,4.0,0,0,0,0,0,63.30,54.0,0,24.0,8.0,21.0,65.0,0,65,RP
22533,Ryan O'Sullivan,PHI,NL,41,4,3.0,6.0,0,0,0,0,0,71.00,80.0,0,43.0,9.0,34.0,44.0,4,37,RP
22538,Collin McHugh,HOU,AL,30,29,12.0,10.0,0,0,0,0,0,178.00,168.0,0,73.0,18.0,48.0,160.0,29,1,SP
22541,Tony Cingrani,CIN,NL,32,12,4.0,4.0,0,0,0,0,0,77.70,65.0,0,34.0,10.0,39.0,92.0,12,20,RP
22542,Paco Rodriguez,ATL,NL,47,0,3.0,2.0,0,0,0,0,0,35.70,29.0,0,13.0,4.0,15.0,42.0,0,47,RP
22545,Jonathan Pettibone,FA,,13,13,3.0,3.0,0,0,0,0,0,67.00,73.0,0,34.0,6.0,23.0,39.0,13,0,RP
22546,Trevor May,MIN,AL,35,21,8.0,10.0,0,0,0,0,0,124.00,130.0,0,63.0,14.0,43.0,111.0,21,14,RP
22549,Nik Turley,CHW,AL,19,19,4.0,10.0,0,0,0,0,0,93.30,107.0,0,70.0,22.0,56.0,74.0,19,0,RP
22551,Felipe Rivero,WAS,NL,60,0,3.0,2.0,0,0,0,0,0,56.30,49.0,0,20.0,4.0,17.0,50.0,0,60,RP
22552,Enny Romero,TB,AL,33,16,4.0,7.0,0,0,0,0,0,104.30,108.0,0,58.0,13.0,51.0,85.0,16,17,RP
22553,Melvin Mercedes,DET,AL,45,1,2.0,2.0,0,0,0,0,0,61.00,71.0,0,38.0,10.0,21.0,36.0,1,44,RP
22555,Justin Marks,TB,AL,25,14,5.0,8.0,0,0,0,0,0,90.70,96.0,0,51.0,11.0,45.0,65.0,14,11,RP
22556,Trey Haley,PIT,NL,37,0,3.0,3.0,0,0,0,0,0,44.70,41.0,0,21.0,4.0,27.0,41.0,0,37,RP
22557,T.J. House,CLE,AL,17,16,4.0,6.0,0,0,0,0,0,85.00,96.0,0,50.0,11.0,36.0,58.0,16,1,RP
22559,Michael Tonkin,MIN,AL,63,0,3.0,2.0,0,0,0,0,0,65.00,64.0,0,28.0,7.0,18.0,58.0,0,63,RP
22562,Michael Ynoa,CHW,AL,31,0,2.0,2.0,0,0,0,0,0,42.70,44.0,0,24.0,6.0,23.0,40.0,0,31,RP
22564,Bobby LaFromboise,PHI,NL,62,0,2.0,2.0,0,0,0,0,0,60.70,61.0,0,31.0,9.0,23.0,57.0,0,62,RP
22565,Brandon Maurer,SD,NL,61,0,5.0,5.0,0,0,0,0,0,60.00,55.0,0,23.0,5.0,19.0,53.0,0,61,RP
22568,Cory Rasmus,LAA,AL,43,4,3.0,2.0,0,0,0,0,0,55.70,49.0,0,24.0,6.0,26.0,60.0,4,39,RP
22569,Edgar Olmos,CHC,NL,39,2,2.0,3.0,0,0,0,0,0,58.70,58.0,0,29.0,6.0,29.0,44.0,2,37,RP
22570,Gonzalez Germen,FA,,58,0,3.0,3.0,0,0,0,0,0,69.70,72.0,0,38.0,9.0,34.0,60.0,0,58,RP
22571,Hansel Robles,NYM,NL,64,0,5.0,3.0,0,0,0,0,0,63.00,51.0,0,23.0,7.0,21.0,73.0,0,64,RP
22572,Nathan Karns,SEA,AL,26,25,6.0,8.0,0,0,0,0,0,139.30,133.0,0,68.0,20.0,54.0,136.0,25,1,RP
22574,Carlos Contreras,FA,,39,7,3.0,4.0,0,0,0,0,0,73.30,65.0,0,37.0,9.0,48.0,74.0,7,32,RP
22576,Curtis Partch,FA,,47,0,2.0,2.0,0,0,0,0,0,60.30,53.0,0,24.0,5.0,27.0,60.0,0,47,RP
22577,Josh Ravin,LAD,NL,34,0,2.0,3.0,0,0,0,0,0,38.70,37.0,0,20.0,5.0,22.0,39.0,0,34,RP
22579,Vic Black,FA,,51,0,3.0,5.0,0,0,0,0,0,48.70,45.0,0,25.0,6.0,31.0,48.0,0,51,RP
22581,Hunter Strickland,SF,NL,59,0,4.0,2.0,0,0,0,0,0,55.70,45.0,0,16.0,4.0,12.0,60.0,0,59,RP
22582,Michael Blazek,MIL,NL,54,0,4.0,3.0,0,0,0,0,0,58.00,53.0,0,23.0,5.0,21.0,52.0,0,54,RP
22584,Chase Anderson,MIL,NL,26,26,8.0,8.0,0,0,0,0,0,144.30,147.0,0,69.0,19.0,43.0,122.0,26,0,SP
22585,Eury De La Rosa,FA,,57,0,3.0,5.0,0,0,0,0,0,67.00,65.0,0,33.0,7.0,34.0,60.0,0,57,RP
22590,Edwin Escobar,BOS,AL,22,13,5.0,5.0,0,0,0,0,0,76.00,79.0,0,39.0,11.0,19.0,58.0,13,9,RP
22591,Chris Heston,SF,NL,26,26,9.0,10.0,0,0,0,0,0,150.70,147.0,0,67.0,14.0,54.0,113.0,26,0,SP
22596,David Holmberg,FA,,25,23,6.0,10.0,0,0,0,0,0,132.70,144.0,0,77.0,21.0,51.0,84.0,23,2,RP
22598,Alex Wood,LAD,NL,35,27,11.0,10.0,0,0,0,0,0,168.30,165.0,0,70.0,15.0,49.0,139.0,27,8,SP
22599,Erik Johnson,CHW,AL,27,26,8.0,10.0,0,0,0,0,0,141.70,145.0,0,74.0,18.0,61.0,120.0,26,1,SP
22603,Adam Liberatore,LAD,NL,54,0,4.0,3.0,0,0,0,0,0,55.70,50.0,0,22.0,5.0,20.0,55.0,0,54,RP
22604,Kirby Yates,NYY,AL,50,0,2.0,2.0,0,0,0,0,0,53.70,52.0,0,27.0,9.0,24.0,58.0,0,50,RP
22609,Yordano Ventura,KC,AL,30,29,13.0,10.0,0,0,0,0,0,175.00,163.0,0,72.0,17.0,63.0,164.0,29,1,SP
22613,Johnny Barbato,NYY,AL,37,0,3.0,4.0,0,0,0,0,0,52.70,53.0,0,27.0,8.0,22.0,51.0,0,37,RP
22614,Wilfredo Boscan,PIT,NL,23,15,5.0,6.0,0,0,0,0,0,95.30,102.0,0,46.0,9.0,32.0,58.0,15,8,RP
22615,Matt Stites,ARI,NL,50,0,1.0,1.0,0,0,0,0,0,48.30,51.0,0,26.0,7.0,19.0,36.0,0,50,RP
22623,Cory Mazzoni,SD,NL,24,7,3.0,4.0,0,0,0,0,0,63.30,60.0,0,27.0,6.0,20.0,61.0,7,17,RP
22624,Rafael Montero,NYM,NL,23,20,5.0,6.0,0,0,0,0,0,98.00,92.0,0,42.0,10.0,34.0,91.0,20,3,RP
22625,Pat McCoy,FA,,44,0,2.0,3.0,0,0,0,0,0,62.00,68.0,0,35.0,9.0,22.0,43.0,0,44,RP
22627,Sean Nolin,MIL,NL,21,19,4.0,6.0,0,0,0,0,0,88.70,90.0,0,46.0,12.0,35.0,72.0,19,2,RP
22666,Andrew Albers,FA,,24,21,6.0,10.0,0,0,0,0,0,116.30,138.0,0,75.0,22.0,34.0,71.0,21,3,RP
22669,Jameson Taillon,PIT,NL,12,11,3.0,4.0,0,0,0,0,0,67.00,72.0,0,34.0,6.0,27.0,43.0,11,1,RP
22709,Odrisamer Despaigne,BAL,AL,28,19,6.0,8.0,0,0,0,0,0,118.70,131.0,0,69.0,18.0,37.0,71.0,19,9,RP
22757,Jose Berrios,MIN,AL,26,26,10.0,10.0,0,0,0,0,0,146.30,149.0,0,68.0,17.0,40.0,130.0,26,0,SP
22772,Adam Morgan,PHI,NL,20,20,4.0,9.0,0,0,0,0,0,101.70,118.0,0,65.0,18.0,34.0,60.0,20,0,RP
22774,Preston Guilmet,DET,AL,48,0,3.0,3.0,0,0,0,0,0,57.70,60.0,0,30.0,8.0,18.0,46.0,0,48,RP
22777,Michael Wacha,STL,NL,26,26,12.0,8.0,0,0,0,0,0,154.00,140.0,0,60.0,15.0,49.0,137.0,26,0,SP
22779,Seth Maness,STL,NL,76,0,4.0,3.0,0,0,0,0,0,71.30,74.0,0,30.0,7.0,14.0,49.0,0,76,RP
22781,Adam Conley,MIA,NL,25,23,7.0,7.0,0,0,0,0,0,127.30,126.0,0,56.0,10.0,48.0,95.0,23,2,SP
22783,Jose Fernandez,MIA,NL,26,26,9.0,5.0,0,0,0,0,0,147.30,125.0,0,45.0,11.0,37.0,171.0,26,0,SP
22784,Brian Flynn,KC,AL,16,15,5.0,6.0,0,0,0,0,0,85.70,95.0,0,46.0,10.0,33.0,55.0,15,1,RP
22785,Andrew Heaney,LAA,AL,30,30,10.0,8.0,0,0,0,0,0,177.00,173.0,0,74.0,17.0,50.0,145.0,30,0,SP
22786,Raudel Lazo,MIA,NL,19,0,2.0,2.0,0,0,0,0,0,25.30,24.0,0,10.0,2.0,7.0,23.0,0,19,RP
22789,T.J. McFarland,BAL,AL,41,5,4.0,3.0,0,0,0,0,0,78.00,83.0,0,37.0,7.0,26.0,52.0,5,36,RP
22790,Kyle Lobstein,PIT,NL,24,23,8.0,10.0,0,0,0,0,0,130.00,139.0,0,64.0,12.0,42.0,87.0,23,1,RP
22795,Corey Black,CHC,NL,32,15,4.0,6.0,0,0,0,0,0,94.30,90.0,0,53.0,15.0,56.0,97.0,15,17,RP
22796,Shane Greene,DET,AL,25,24,7.0,9.0,0,0,0,0,0,127.00,146.0,0,74.0,17.0,41.0,85.0,24,1,RP
22797,Tommy Kahnle,CHW,AL,57,0,2.0,2.0,0,0,0,0,0,63.00,58.0,0,32.0,8.0,37.0,69.0,0,57,RP
22798,Bryan Mitchell,NYY,AL,29,20,5.0,8.0,0,0,0,0,0,108.30,118.0,0,66.0,15.0,58.0,83.0,20,9,RP
22806,Nick Tepesch,FA,,20,19,6.0,7.0,0,0,0,0,0,106.00,114.0,0,56.0,14.0,33.0,63.0,19,1,RP
22809,Ryan Pressly,MIN,AL,46,0,4.0,3.0,0,0,0,0,0,62.00,62.0,0,28.0,5.0,24.0,50.0,0,46,RP
22815,Tyler Anderson,COL,NL,18,18,4.0,4.0,0,0,0,0,0,89.00,98.0,0,50.0,13.0,33.0,61.0,18,0,RP
22821,Kevin Gausman,BAL,AL,31,25,9.0,8.0,0,0,0,0,0,152.30,151.0,0,70.0,16.0,53.0,126.0,25,6,SP
22824,Robert Stephenson,CIN,NL,25,25,7.0,11.0,0,0,0,0,0,126.30,121.0,0,74.0,24.0,70.0,127.0,25,0,RP
22826,Kyle Crick,SF,NL,32,16,4.0,6.0,0,0,0,0,0,71.70,61.0,0,38.0,6.0,71.0,81.0,16,16,RP
22830,Alex Meyer,MIN,AL,30,15,5.0,5.0,0,0,0,0,0,100.00,100.0,0,51.0,11.0,50.0,96.0,15,15,RP
22832,Eduardo Rodriguez,BOS,AL,29,29,13.0,10.0,0,0,0,0,0,167.30,168.0,0,74.0,17.0,46.0,141.0,29,0,RP
22867,Mike Kickham,SF,NL,21,15,4.0,6.0,0,0,0,0,0,87.00,88.0,0,46.0,8.0,49.0,66.0,15,6,RP
22933,Roberto Osuna,TOR,AL,61,0,4.0,2.0,0,0,0,0,0,63.30,52.0,0,22.0,7.0,20.0,72.0,0,61,RP
22934,Chris Stratton,SF,NL,24,23,6.0,9.0,0,0,0,0,0,126.00,129.0,0,66.0,14.0,61.0,93.0,23,1,RP
22942,Archie Bradley,ARI,NL,16,16,4.0,4.0,0,0,0,0,0,75.70,75.0,0,40.0,9.0,40.0,62.0,16,0,RP
22943,Matt Barnes,BOS,AL,25,22,8.0,8.0,0,0,0,0,0,119.00,125.0,0,61.0,14.0,43.0,93.0,22,3,RP
22944,Lance McCullers,HOU,AL,27,26,8.0,6.0,0,0,0,0,0,150.70,136.0,0,61.0,13.0,63.0,155.0,26,1,RP
22945,Vidal Nuno,SEA,AL,31,18,4.0,6.0,0,0,0,0,0,118.30,121.0,0,60.0,19.0,30.0,97.0,18,13,RP
22949,Michael Roth,TEX,AL,29,18,5.0,11.0,0,0,0,0,0,112.00,138.0,0,84.0,24.0,51.0,64.0,18,11,RP
22952,Mark Sappington,TB,AL,49,0,4.0,5.0,0,0,0,0,0,67.70,66.0,0,36.0,7.0,45.0,58.0,0,49,RP
22953,R.J. Alvarez,OAK,AL,50,0,2.0,2.0,0,0,0,0,0,54.70,50.0,0,26.0,6.0,28.0,57.0,0,50,RP
22954,Jimmy Nelson,MIL,NL,29,27,11.0,10.0,0,0,0,0,0,161.30,152.0,0,70.0,15.0,61.0,141.0,27,2,SP
22956,Mike Bolsinger,LAD,NL,26,25,9.0,8.0,0,0,0,0,0,143.00,135.0,0,61.0,14.0,52.0,134.0,25,1,RP
22961,Bradin Hagens,FA,,28,21,6.0,11.0,0,0,0,0,0,123.00,136.0,0,72.0,14.0,64.0,68.0,21,7,RP
22987,Mike Foltynewicz,ATL,NL,33,18,5.0,7.0,0,0,0,0,0,114.00,110.0,0,59.0,14.0,56.0,106.0,18,15,RP
22994,Zac Rosscup,CHC,NL,51,0,2.0,1.0,0,0,0,0,0,46.70,37.0,0,18.0,5.0,24.0,59.0,0,51,RP
22996,Marcus Stroman,TOR,AL,18,18,8.0,5.0,0,0,0,0,0,104.30,101.0,0,44.0,11.0,24.0,89.0,18,0,SP
22997,Noah Syndergaard,NYM,NL,30,29,12.0,8.0,0,0,0,0,0,172.00,147.0,0,59.0,17.0,43.0,194.0,29,1,SP
23000,Aaron Sanchez,TOR,AL,55,14,9.0,6.0,0,0,0,0,0,108.00,99.0,0,47.0,10.0,53.0,80.0,14,41,SP
23003,Justin Nicolino,MIA,NL,29,29,9.0,11.0,0,0,0,0,0,168.30,187.0,0,82.0,18.0,38.0,77.0,29,0,RP
23004,Jesse Biddle,FA,,21,21,5.0,9.0,0,0,0,0,0,109.00,117.0,0,65.0,15.0,55.0,77.0,21,0,RP
23029,Andrew Chafin,ARI,NL,69,0,4.0,2.0,0,0,0,0,0,74.30,66.0,0,28.0,5.0,29.0,62.0,0,69,RP
23032,Ross Stripling,LAD,NL,19,17,5.0,6.0,0,0,0,0,0,96.70,101.0,0,50.0,11.0,33.0,70.0,17,2,RP
23045,Ben Rowen,TOR,AL,49,0,3.0,2.0,0,0,0,0,0,59.30,61.0,0,26.0,5.0,15.0,39.0,0,49,RP
23058,A.J. Cole,WAS,NL,23,23,7.0,7.0,0,0,0,0,0,133.70,134.0,0,60.0,19.0,35.0,103.0,23,0,RP
23078,Yimi Garcia,LAD,NL,62,0,4.0,3.0,0,0,0,0,0,71.30,59.0,0,24.0,8.0,17.0,83.0,0,62,RP
23084,Jason Gurka,COL,NL,35,2,3.0,2.0,0,0,0,0,0,61.00,64.0,0,30.0,7.0,20.0,47.0,2,33,RP
23104,Chris Martin,FA,,42,0,2.0,2.0,0,0,0,0,0,51.30,53.0,0,25.0,6.0,17.0,44.0,0,42,RP
23157,David Martinez,FA,,37,9,4.0,7.0,0,0,0,0,0,84.30,97.0,0,50.0,10.0,32.0,48.0,9,28,RP
23171,Mike Morin,LAA,AL,66,0,6.0,5.0,0,0,0,0,0,64.70,62.0,0,27.0,7.0,17.0,61.0,0,66,RP
23188,Brandon Workman,BOS,AL,26,17,6.0,8.0,0,0,0,0,0,104.00,115.0,0,60.0,16.0,38.0,79.0,17,9,RP
23196,Jeff Walters,NYM,NL,35,0,3.0,2.0,0,0,0,0,0,35.00,32.0,0,14.0,3.0,10.0,32.0,0,35,RP
23209,Tyler Wilson,BAL,AL,26,24,6.0,9.0,0,0,0,0,0,132.70,150.0,0,79.0,23.0,38.0,86.0,24,2,RP
23220,Taylor Jordan,WAS,NL,18,17,5.0,5.0,0,0,0,0,0,97.00,101.0,0,43.0,8.0,25.0,66.0,17,1,RP
23223,Aaron Barrett,WAS,NL,52,0,3.0,1.0,0,0,0,0,0,43.30,36.0,0,14.0,3.0,13.0,50.0,0,52,RP
23226,Chasen Shreve,NYY,AL,62,0,4.0,4.0,0,0,0,0,0,66.00,60.0,0,29.0,9.0,26.0,74.0,0,62,RP
23233,Daniel Webb,CHW,AL,51,0,2.0,4.0,0,0,0,0,0,64.30,67.0,0,37.0,7.0,39.0,54.0,0,51,RP
23258,Jerad Eickhoff,PHI,NL,27,27,7.0,11.0,0,0,0,0,0,149.00,152.0,0,79.0,24.0,51.0,131.0,27,0,SP
23271,Zach Bird,ATL,NL,24,22,6.0,12.0,0,0,0,0,0,101.00,104.0,0,63.0,14.0,73.0,83.0,22,2,RP
23300,Brandon Cumpton,PIT,NL,21,18,6.0,7.0,0,0,0,0,0,111.30,119.0,0,54.0,9.0,41.0,67.0,18,3,RP
23311,Roenis Elias,BOS,AL,26,26,10.0,10.0,0,0,0,0,0,145.30,146.0,0,73.0,16.0,62.0,124.0,26,0,RP
23317,Caleb Cotham,CIN,NL,44,0,5.0,4.0,0,0,0,0,0,53.70,48.0,0,22.0,7.0,16.0,58.0,0,44,RP
23320,Erik Goeddel,NYM,NL,52,0,2.0,2.0,0,0,0,0,0,58.00,52.0,0,24.0,5.0,22.0,56.0,0,52,RP
23322,Logan Verrett,NYM,NL,30,20,6.0,8.0,0,0,0,0,0,128.00,127.0,0,60.0,17.0,31.0,103.0,20,10,RP
23324,David Buchanan,PHI,NL,27,27,7.0,12.0,0,0,0,0,0,146.00,168.0,0,84.0,18.0,47.0,88.0,27,0,RP
23331,Ian Thomas,LAD,NL,34,7,4.0,4.0,0,0,0,0,0,68.70,66.0,0,33.0,9.0,26.0,66.0,7,27,RP
23332,Cody Martin,SEA,AL,34,21,6.0,10.0,0,0,0,0,0,127.70,132.0,0,71.0,20.0,57.0,114.0,21,13,RP
23335,Dallas Beeler,CHC,NL,22,22,7.0,7.0,0,0,0,0,0,120.30,122.0,0,54.0,10.0,39.0,82.0,22,0,RP
23336,Eric Jokisch,CHC,NL,22,21,7.0,9.0,0,0,0,0,0,117.30,123.0,0,58.0,14.0,38.0,82.0,21,1,RP
23337,A.J. Morris,CIN,NL,38,6,3.0,4.0,0,0,0,0,0,74.70,73.0,0,36.0,8.0,31.0,60.0,6,32,RP
23348,Scott McGough,MIA,NL,40,0,2.0,3.0,0,0,0,0,0,54.30,57.0,0,28.0,5.0,26.0,36.0,0,40,RP
23359,Sammy Solis,WAS,NL,24,5,2.0,2.0,0,0,0,0,0,44.30,44.0,0,19.0,3.0,14.0,32.0,5,19,RP
23367,Ian Krol,ATL,NL,61,0,3.0,2.0,0,0,0,0,0,57.00,50.0,0,23.0,6.0,22.0,61.0,0,61,RP
23371,Josh Smith,CIN,NL,29,26,8.0,10.0,0,0,0,0,0,156.70,161.0,0,81.0,20.0,56.0,123.0,26,3,RP
23372,Ryan Dennick,FA,,57,0,3.0,3.0,0,0,0,0,0,56.30,56.0,0,25.0,6.0,17.0,43.0,0,57,RP
23377,Casey Sadler,FA,,20,19,6.0,9.0,0,0,0,0,0,107.70,116.0,0,57.0,15.0,30.0,65.0,19,1,RP
23382,Christian Bergman,COL,NL,29,17,5.0,6.0,0,0,0,0,0,112.00,134.0,0,67.0,19.0,26.0,63.0,17,12,RP
23385,Tyler Matzek,COL,NL,22,12,5.0,5.0,0,0,0,0,0,74.00,73.0,0,40.0,8.0,50.0,65.0,12,10,RP
23405,Keyvius Sampson,CIN,NL,30,22,5.0,9.0,0,0,0,0,0,115.70,117.0,0,69.0,18.0,69.0,103.0,22,8,RP
23406,Ryan Kelly,ATL,NL,49,0,3.0,3.0,0,0,0,0,0,55.00,53.0,0,27.0,8.0,23.0,50.0,0,49,RP
23416,Mike Wright,BAL,AL,26,24,7.0,9.0,0,0,0,0,0,130.70,142.0,0,70.0,18.0,40.0,88.0,24,2,RP
23421,Aaron Kurcz,OAK,AL,42,0,4.0,4.0,0,0,0,0,0,55.00,50.0,0,26.0,6.0,32.0,56.0,0,42,RP
23422,Anthony Ranaudo,TEX,AL,25,24,7.0,10.0,0,0,0,0,0,134.00,143.0,0,77.0,21.0,55.0,91.0,24,1,RP
23426,Andrew Bellatti,TB,AL,43,4,3.0,5.0,0,0,0,0,0,73.00,75.0,0,41.0,14.0,26.0,63.0,4,39,RP
23437,Taylor Thompson,OAK,AL,31,0,2.0,2.0,0,0,0,0,0,43.00,44.0,0,22.0,5.0,21.0,33.0,0,31,RP
23440,Shawn Armstrong,CLE,AL,50,0,3.0,2.0,0,0,0,0,0,54.00,45.0,0,21.0,6.0,25.0,69.0,0,50,RP
23454,A.J. Achter,FA,,52,0,4.0,4.0,0,0,0,0,0,71.30,68.0,0,33.0,10.0,23.0,65.0,0,52,RP
23455,Logan Darnell,MIN,AL,30,15,5.0,7.0,0,0,0,0,0,103.70,116.0,0,59.0,14.0,40.0,74.0,15,15,RP
23464,Asher Wojciechowski,HOU,AL,22,20,4.0,8.0,0,0,0,0,0,113.00,130.0,0,72.0,20.0,43.0,81.0,20,2,RP
23466,Jake Buchanan,HOU,AL,33,14,6.0,8.0,0,0,0,0,0,110.00,127.0,0,61.0,14.0,29.0,59.0,14,19,RP
23470,Nick Tropeano,LAA,AL,26,25,8.0,8.0,0,0,0,0,0,135.70,131.0,0,63.0,17.0,45.0,128.0,25,1,RP
23486,Phil Klein,TEX,AL,40,6,3.0,2.0,0,0,0,0,0,71.30,65.0,0,32.0,7.0,34.0,68.0,6,34,RP
23495,Jose Dominguez,FA,,37,0,1.0,2.0,0,0,0,0,0,38.70,35.0,0,18.0,4.0,21.0,39.0,0,37,RP
23496,Luis Garcia,PHI,NL,61,0,3.0,3.0,0,0,0,0,0,63.00,59.0,0,27.0,5.0,30.0,63.0,0,61,RP
23499,Miguel Alfredo Gonzalez,PHI,NL,20,9,3.0,4.0,0,0,0,0,0,58.00,60.0,0,31.0,7.0,23.0,45.0,9,11,RP
23506,Raul Alcantara,OAK,AL,17,17,2.0,3.0,0,0,0,0,0,61.00,70.0,0,35.0,8.0,19.0,26.0,17,0,RP
23507,Jayson Aquino,STL,NL,21,21,5.0,9.0,0,0,0,0,0,115.30,133.0,0,69.0,18.0,40.0,66.0,21,0,RP
23508,Joely Rodriguez,PHI,NL,30,20,5.0,11.0,0,0,0,0,0,121.30,143.0,0,80.0,19.0,52.0,71.0,20,10,RP
23511,Tim Berry,MIA,NL,23,19,5.0,7.0,0,0,0,0,0,107.00,116.0,0,59.0,13.0,43.0,69.0,19,4,RP
23516,Jose Urena,MIA,NL,29,22,7.0,9.0,0,0,0,0,0,134.70,146.0,0,66.0,14.0,38.0,82.0,22,7,RP
23521,Jesse Hahn,OAK,AL,22,20,6.0,5.0,0,0,0,0,0,105.70,104.0,0,48.0,9.0,37.0,73.0,20,2,SP
23524,Kendry Flores,MIA,NL,25,21,6.0,7.0,0,0,0,0,0,113.70,119.0,0,55.0,13.0,35.0,83.0,21,4,RP
23533,Drew VerHagen,DET,AL,46,0,4.0,4.0,0,0,0,0,0,61.30,63.0,0,30.0,5.0,26.0,38.0,0,46,RP
23534,Robbie Ray,ARI,NL,30,29,11.0,9.0,0,0,0,0,0,151.70,144.0,0,65.0,14.0,62.0,143.0,29,1,SP
23535,Anthony DeSclafani,CIN,NL,29,29,11.0,10.0,0,0,0,0,0,178.00,173.0,0,75.0,16.0,51.0,146.0,29,0,SP
23538,Nick Wittgren,MIA,NL,55,0,4.0,3.0,0,0,0,0,0,64.70,63.0,0,26.0,6.0,14.0,56.0,0,55,RP
23540,Scott Alexander,KC,AL,45,0,3.0,3.0,0,0,0,0,0,66.30,68.0,0,33.0,7.0,28.0,45.0,0,45,RP
23541,Aaron Brooks,CHC,NL,28,25,8.0,9.0,0,0,0,0,0,151.30,164.0,0,75.0,19.0,31.0,108.0,25,3,RP
23546,Ken Giles,HOU,AL,71,0,6.0,3.0,0,0,0,0,0,72.00,59.0,0,22.0,5.0,25.0,87.0,0,71,RP
23547,Mario Hollands,PHI,NL,36,0,1.0,2.0,0,0,0,0,0,34.00,34.0,0,16.0,3.0,14.0,28.0,0,36,RP
23549,Jake Barrett,ARI,NL,53,0,3.0,3.0,0,0,0,0,0,56.30,54.0,0,26.0,6.0,23.0,49.0,0,53,RP
23553,Ty Blach,SF,NL,24,24,8.0,11.0,0,0,0,0,0,140.70,152.0,0,69.0,15.0,37.0,85.0,24,0,RP
23555,Derek Law,SF,NL,29,0,1.0,1.0,0,0,0,0,0,27.70,24.0,0,11.0,2.0,15.0,28.0,0,29,RP
23557,Jason Hursh,ATL,NL,31,19,5.0,8.0,0,0,0,0,0,113.00,124.0,0,59.0,11.0,38.0,66.0,19,12,RP
23559,Shae Simmons,ATL,NL,34,0,1.0,1.0,0,0,0,0,0,34.00,28.0,0,12.0,2.0,16.0,38.0,0,34,RP
23560,Mark Appel,FA,,23,22,4.0,8.0,0,0,0,0,0,111.30,122.0,0,65.0,17.0,45.0,92.0,22,1,RP
23562,Dominic Leone,ARI,NL,49,0,6.0,5.0,0,0,0,0,0,60.30,55.0,0,26.0,5.0,26.0,57.0,0,49,RP
23568,David Goforth,MIL,NL,57,0,3.0,4.0,0,0,0,0,0,68.00,68.0,0,34.0,7.0,33.0,54.0,0,57,RP
23571,Tim Cooney,STL,NL,23,22,8.0,8.0,0,0,0,0,0,130.70,133.0,0,59.0,15.0,33.0,96.0,22,1,RP
23573,Marco Gonzales,STL,NL,21,21,5.0,6.0,0,0,0,0,0,109.00,113.0,0,53.0,14.0,34.0,84.0,21,0,RP
23577,Chris Bassitt,OAK,AL,24,20,7.0,6.0,0,0,0,0,0,124.30,121.0,0,54.0,10.0,45.0,96.0,20,4,SP
23578,Chris Beck,CHW,AL,20,20,5.0,7.0,0,0,0,0,0,105.30,123.0,0,63.0,15.0,36.0,59.0,20,0,RP
23581,Jon Gray,COL,NL,27,27,8.0,6.0,0,0,0,0,0,140.30,150.0,0,70.0,16.0,47.0,118.0,27,0,SP
23583,Leonel Campos,SD,NL,47,0,2.0,1.0,0,0,0,0,0,55.00,42.0,0,19.0,4.0,28.0,72.0,0,47,RP
23584,Joe Ross,WAS,NL,27,25,9.0,8.0,0,0,0,0,0,135.30,131.0,0,58.0,14.0,39.0,112.0,25,2,SP
23585,Matt Wisler,ATL,NL,29,28,8.0,11.0,0,0,0,0,0,156.70,162.0,0,78.0,22.0,46.0,123.0,28,1,SP
23589,Tyler Glasnow,PIT,NL,24,24,9.0,8.0,0,0,0,0,0,116.00,95.0,0,48.0,11.0,64.0,130.0,24,0,RP
23592,Carl Edwards Jr.,CHC,NL,39,0,4.0,3.0,0,0,0,0,0,47.00,36.0,0,18.0,3.0,31.0,59.0,0,39,RP
23595,Michael Lorenzen,CIN,NL,28,25,6.0,9.0,0,0,0,0,0,134.00,142.0,0,73.0,19.0,54.0,93.0,25,3,RP
23596,Eddie Butler,COL,NL,25,25,8.0,9.0,0,0,0,0,0,128.70,150.0,0,77.0,17.0,56.0,75.0,25,0,RP
23597,Scott Oberg,COL,NL,58,0,3.0,3.0,0,0,0,0,0,54.00,55.0,0,28.0,7.0,24.0,43.0,0,58,RP
23601,Carlos Frias,LAD,NL,29,20,6.0,8.0,0,0,0,0,0,123.00,130.0,0,59.0,12.0,36.0,82.0,20,9,RP
23603,Dalier Hinojosa,PHI,NL,44,0,4.0,4.0,0,0,0,0,0,68.00,61.0,0,29.0,7.0,30.0,69.0,0,44,RP
23604,Henry Owens,BOS,AL,29,29,10.0,10.0,0,0,0,0,0,159.00,154.0,0,78.0,18.0,75.0,138.0,29,0,RP
23605,Noe Ramirez,BOS,AL,45,0,3.0,2.0,0,0,0,0,0,62.00,62.0,0,28.0,6.0,24.0,50.0,0,45,RP
23606,Steven Matz,NYM,NL,26,25,10.0,8.0,0,0,0,0,0,141.70,129.0,0,53.0,12.0,44.0,139.0,25,1,SP
23623,Brian Johnson,BOS,AL,22,22,7.0,7.0,0,0,0,0,0,104.00,104.0,0,52.0,12.0,45.0,85.0,22,0,RP
23696,Kyle Ryan,DET,AL,31,24,8.0,11.0,0,0,0,0,0,148.30,173.0,0,86.0,19.0,49.0,80.0,24,7,RP
23704,Corey Knebel,MIL,NL,57,0,3.0,2.0,0,0,0,0,0,63.00,51.0,0,23.0,7.0,24.0,79.0,0,57,RP
23709,Ryan Dull,OAK,AL,52,0,5.0,4.0,0,0,0,0,0,65.70,61.0,0,28.0,8.0,20.0,62.0,0,52,RP
23710,Zach Neal,NULL,NULL,26,25,7.0,12.0,0,0,0,0,0,150.30,176.0,0,92.0,27.0,37.0,77.0,25,1,
23738,Jacob deGrom,NYM,NL,29,29,13.0,7.0,0,0,0,0,0,178.30,150.0,0,56.0,13.0,46.0,186.0,29,0,SP
23749,Chris Anderson,LAD,NL,22,21,4.0,6.0,0,0,0,0,0,104.00,103.0,0,53.0,11.0,55.0,89.0,21,1,RP
23753,Alexander Reyes,FA,,23,23,6.0,7.0,0,0,0,0,0,102.00,91.0,0,48.0,9.0,67.0,101.0,23,0,RP
23754,Sam Tuivailala,STL,NL,56,0,3.0,2.0,0,0,0,0,0,61.30,51.0,0,24.0,5.0,33.0,71.0,0,56,RP
23756,Tom Windle,PHI,NL,30,18,4.0,9.0,0,0,0,0,0,104.00,116.0,0,64.0,14.0,53.0,70.0,18,12,RP
23761,Taylor Hill,WAS,NL,27,23,7.0,8.0,0,0,0,0,0,138.00,154.0,0,70.0,17.0,30.0,78.0,23,4,RP
23765,Nick Martinez,TEX,AL,28,25,7.0,9.0,0,0,0,0,0,140.30,153.0,0,75.0,18.0,54.0,85.0,25,3,SP
23778,Chi Chi Gonzalez,TEX,AL,29,25,11.0,11.0,0,0,0,0,0,140.30,147.0,0,71.0,14.0,56.0,81.0,25,4,RP
23789,Cam Bedrosian,LAA,AL,60,0,2.0,2.0,0,0,0,0,0,68.30,60.0,0,28.0,6.0,33.0,78.0,0,60,RP
23799,Braden Shipley,ARI,NL,24,24,8.0,9.0,0,0,0,0,0,132.30,138.0,0,67.0,16.0,48.0,97.0,24,0,RP
23801,Julio Urias,FA,,18,18,4.0,3.0,0,0,0,0,0,87.30,80.0,0,36.0,8.0,31.0,86.0,18,0,RP
23805,James Hoyt,HOU,AL,49,0,2.0,1.0,0,0,0,0,0,55.30,50.0,0,22.0,6.0,17.0,61.0,0,49,RP
23808,Kyle Crockett,CLE,AL,53,0,2.0,1.0,0,0,0,0,0,50.70,48.0,0,20.0,5.0,13.0,49.0,0,53,RP
23812,Daniel Winkler,ATL,NL,13,12,4.0,4.0,0,0,0,0,0,62.30,57.0,0,29.0,9.0,22.0,61.0,12,1,RP
23814,James Pazos,NYY,AL,43,0,2.0,2.0,0,0,0,0,0,53.30,50.0,0,25.0,6.0,23.0,53.0,0,43,RP
23834,Danny Reynolds,HOU,AL,45,0,3.0,3.0,0,0,0,0,0,54.30,54.0,0,28.0,5.0,29.0,46.0,0,45,RP
23862,Spencer Patton,CHC,NL,52,0,3.0,3.0,0,0,0,0,0,64.30,55.0,0,28.0,9.0,26.0,73.0,0,52,RP
23876,Keone Kela,TEX,AL,72,0,10.0,5.0,0,0,0,0,0,63.00,54.0,0,22.0,6.0,19.0,71.0,0,72,RP
23952,Ryan Weber,ATL,NL,34,14,5.0,7.0,0,0,0,0,0,105.30,113.0,0,52.0,15.0,18.0,70.0,14,20,RP
23971,Austin House,COL,NL,54,0,4.0,3.0,0,0,0,0,0,59.70,63.0,0,30.0,6.0,24.0,44.0,0,54,RP
23974,Andrew Triggs,OAK,AL,45,0,3.0,2.0,0,0,0,0,0,61.70,61.0,0,26.0,6.0,17.0,47.0,0,45,RP
23976,Josh Osich,SF,NL,56,0,2.0,2.0,0,0,0,0,0,57.70,52.0,0,22.0,5.0,23.0,54.0,0,56,RP
23993,Trevor Gott,WAS,NL,68,0,5.0,4.0,0,0,0,0,0,71.30,68.0,0,30.0,5.0,29.0,54.0,0,68,RP
24014,Williams Perez,ATL,NL,26,25,7.0,8.0,0,0,0,0,0,133.70,138.0,0,64.0,14.0,48.0,95.0,25,1,SP
24015,Mayckol Guaipe,NULL,NULL,51,0,2.0,3.0,0,0,0,0,0,66.00,69.0,0,32.0,8.0,17.0,53.0,0,51,
24020,Enrique Burgos,ARI,NL,56,0,3.0,2.0,0,0,0,0,0,53.70,44.0,0,23.0,6.0,31.0,71.0,0,56,RP
24025,Chad Smith,TEX,AL,34,0,3.0,3.0,0,0,0,0,0,48.00,52.0,0,26.0,6.0,17.0,34.0,0,34,RP
24027,Hunter Harvey,BAL,AL,13,13,3.0,4.0,0,0,0,0,0,61.00,63.0,0,33.0,8.0,30.0,53.0,13,0,RP
24028,Raisel Iglesias,CIN,NL,24,24,7.0,7.0,0,0,0,0,0,133.00,129.0,0,56.0,16.0,36.0,127.0,24,0,SP
24030,Daniel Norris,DET,AL,28,28,9.0,9.0,0,0,0,0,0,145.70,148.0,0,72.0,17.0,61.0,125.0,28,0,SP
24031,Nick Kingham,PIT,NL,15,15,4.0,5.0,0,0,0,0,0,88.70,89.0,0,40.0,9.0,27.0,68.0,15,0,SP
24032,Drew Rucinski,FA,,21,19,5.0,7.0,0,0,0,0,0,105.00,110.0,0,56.0,15.0,41.0,81.0,19,2,RP
24033,Tyler Cravy,MIL,NL,26,18,7.0,8.0,0,0,0,0,0,103.70,103.0,0,50.0,12.0,39.0,84.0,18,8,RP
24035,Adrian Sampson,SEA,AL,27,27,7.0,12.0,0,0,0,0,0,155.30,174.0,0,87.0,25.0,38.0,106.0,27,0,RP
24037,Buck Farmer,DET,AL,28,21,6.0,9.0,0,0,0,0,0,120.30,137.0,0,75.0,22.0,43.0,90.0,21,7,RP
24039,Alex Claudio,TEX,AL,46,4,4.0,3.0,0,0,0,0,0,73.30,75.0,0,32.0,8.0,17.0,57.0,4,42,RP
24040,Jon Edwards,SD,NL,49,0,2.0,2.0,0,0,0,0,0,53.70,44.0,0,22.0,5.0,34.0,65.0,0,49,RP
24043,Frank Garces,SD,NL,63,0,2.0,2.0,0,0,0,0,0,65.30,63.0,0,32.0,8.0,32.0,59.0,0,63,RP
24046,John Holdzkom,PIT,NL,30,0,2.0,2.0,0,0,0,0,0,31.00,25.0,0,12.0,2.0,19.0,36.0,0,30,RP
24047,Brandon Finnegan,CIN,NL,39,14,6.0,6.0,0,0,0,0,0,90.30,81.0,0,38.0,11.0,34.0,91.0,14,25,SP
24048,Kendall Graveman,OAK,AL,27,25,9.0,9.0,0,0,0,0,0,141.30,149.0,0,68.0,15.0,43.0,88.0,25,2,SP
24049,Dario Alvarez,NYM,NL,39,5,4.0,4.0,0,0,0,0,0,57.00,49.0,0,23.0,6.0,26.0,65.0,5,34,RP
24050,Jairo Diaz,COL,NL,62,0,4.0,4.0,0,0,0,0,0,69.30,71.0,0,38.0,9.0,33.0,59.0,0,62,RP
24051,Daniel Coulombe,OAK,AL,54,0,2.0,2.0,0,0,0,0,0,61.70,58.0,0,31.0,6.0,39.0,57.0,0,54,RP
24055,Elvis Araujo,PHI,NL,49,0,3.0,3.0,0,0,0,0,0,46.70,42.0,0,21.0,4.0,24.0,49.0,0,49,RP
24057,Mauricio Cabrera,ATL,NL,33,2,2.0,3.0,0,0,0,0,0,44.00,42.0,0,25.0,5.0,33.0,41.0,2,31,RP
24058,Angel Nesbitt,DET,AL,52,0,3.0,4.0,0,0,0,0,0,63.30,70.0,0,38.0,9.0,29.0,44.0,0,52,RP
24059,Jason Wheeler,MIN,AL,24,24,5.0,11.0,0,0,0,0,0,127.30,159.0,0,92.0,26.0,49.0,72.0,24,0,RP
24061,Cody Anderson,CLE,AL,27,27,7.0,8.0,0,0,0,0,0,141.70,146.0,0,69.0,17.0,40.0,89.0,27,0,RP
24062,Ryan Merritt,CLE,AL,25,25,6.0,11.0,0,0,0,0,0,150.00,179.0,0,92.0,26.0,29.0,89.0,25,0,RP
24063,Frankie Montas,LAD,NL,61,0,4.0,3.0,0,0,0,0,0,57.70,50.0,0,22.0,5.0,23.0,61.0,0,61,RP
24065,Vincent Velasquez,PHI,NL,25,13,4.0,4.0,0,0,0,0,0,78.30,68.0,0,33.0,9.0,33.0,93.0,13,12,SP
24066,Matt Grace,WAS,NL,55,0,4.0,3.0,0,0,0,0,0,67.70,68.0,0,28.0,4.0,23.0,49.0,0,55,RP
24069,Grayson Garvin,TB,AL,14,14,2.0,3.0,0,0,0,0,0,43.70,47.0,0,23.0,5.0,15.0,29.0,14,0,RP
24070,Will Locante,ARI,NL,44,0,2.0,3.0,0,0,0,0,0,46.30,45.0,0,25.0,5.0,30.0,40.0,0,44,RP
24071,Gabriel Ynoa,NYM,NL,25,24,5.0,11.0,0,0,0,0,0,143.70,168.0,0,89.0,26.0,33.0,84.0,24,1,RP
24072,Akeel Morris,NYM,NL,48,0,2.0,2.0,0,0,0,0,0,55.70,44.0,0,23.0,6.0,33.0,72.0,0,48,RP
24073,Nefi Ogando,MIA,NL,46,0,3.0,4.0,0,0,0,0,0,61.70,62.0,0,32.0,6.0,32.0,48.0,0,46,RP
24074,Tayron Guerrero,SD,NL,47,0,3.0,4.0,0,0,0,0,0,54.00,50.0,0,25.0,6.0,28.0,54.0,0,47,RP
24076,Amir Garrett,CIN,NL,25,25,6.0,9.0,0,0,0,0,0,121.70,120.0,0,66.0,16.0,70.0,105.0,25,0,RP
24077,Michael Feliz,HOU,AL,26,17,5.0,7.0,0,0,0,0,0,102.70,111.0,0,59.0,15.0,42.0,82.0,17,9,RP
24078,Matt Ramsey,MIA,NL,31,0,2.0,2.0,0,0,0,0,0,43.70,39.0,0,19.0,3.0,26.0,44.0,0,31,RP
24079,Cody Hall,ARI,NL,49,0,3.0,2.0,0,0,0,0,0,64.30,62.0,0,28.0,7.0,22.0,56.0,0,49,RP
24080,Ray Black,SF,NL,28,3,2.0,2.0,0,0,0,0,0,28.70,21.0,0,12.0,3.0,21.0,39.0,3,25,RP
24081,Joan Gregorio,SF,NL,30,12,3.0,5.0,0,0,0,0,0,78.30,76.0,0,40.0,9.0,42.0,68.0,12,18,RP
24083,Jason Garcia,BAL,AL,25,3,2.0,3.0,0,0,0,0,0,49.30,50.0,0,29.0,8.0,28.0,40.0,3,22,RP
24084,Jandel Gustave,HOU,AL,38,5,3.0,5.0,0,0,0,0,0,66.70,73.0,0,37.0,7.0,31.0,48.0,5,33,RP
24085,David Rollins,SEA,AL,28,9,3.0,4.0,0,0,0,0,0,70.00,74.0,0,37.0,9.0,25.0,55.0,9,19,RP
24086,Abel De Los Santos,WAS,NL,43,0,4.0,4.0,0,0,0,0,0,59.70,58.0,0,27.0,8.0,19.0,53.0,0,43,RP
24087,Zach Eflin,PHI,NL,24,24,5.0,10.0,0,0,0,0,0,124.00,146.0,0,75.0,20.0,31.0,71.0,24,0,RP
24113,Tyler Duffey,MIN,AL,27,26,8.0,9.0,0,0,0,0,0,151.30,164.0,0,77.0,18.0,40.0,110.0,26,1,SP
24121,Sean Newcomb,ATL,NL,27,27,5.0,7.0,0,0,0,0,0,122.00,106.0,0,61.0,12.0,96.0,133.0,27,0,RP
24122,Ben Lively,PHI,NL,25,25,6.0,11.0,0,0,0,0,0,134.00,144.0,0,79.0,23.0,50.0,110.0,25,0,RP
24127,Jon Moscot,CIN,NL,18,18,5.0,8.0,0,0,0,0,0,101.00,109.0,0,58.0,18.0,35.0,70.0,18,0,SP
24144,Brian Ellington,MIA,NL,41,0,4.0,3.0,0,0,0,0,0,63.00,58.0,0,26.0,5.0,29.0,56.0,0,41,RP
24145,Trevor Williams,PIT,NL,25,24,7.0,9.0,0,0,0,0,0,129.00,143.0,0,66.0,14.0,40.0,82.0,24,1,RP
24154,Alec Asher,PHI,NL,29,29,7.0,14.0,0,0,0,0,0,146.70,168.0,0,94.0,31.0,43.0,113.0,29,0,RP
24155,Sean Manaea,OAK,AL,24,23,7.0,6.0,0,0,0,0,0,113.30,108.0,0,53.0,13.0,46.0,102.0,23,1,RP
24156,Miguel Almonte,KC,AL,31,22,5.0,8.0,0,0,0,0,0,104.00,112.0,0,61.0,17.0,43.0,79.0,22,9,RP
24167,Miguel Castro,COL,NL,53,0,5.0,4.0,0,0,0,0,0,60.30,63.0,0,31.0,7.0,24.0,50.0,0,53,RP
24169,Adalberto Mejia,SF,NL,18,15,5.0,7.0,0,0,0,0,0,77.30,79.0,0,38.0,8.0,30.0,54.0,15,3,RP
24170,Steven Okert,SF,NL,56,0,3.0,3.0,0,0,0,0,0,66.30,59.0,0,28.0,7.0,28.0,70.0,0,56,RP
24177,Matt Bowman,STL,NL,24,23,8.0,10.0,0,0,0,0,0,129.70,138.0,0,67.0,15.0,44.0,87.0,23,1,RP
24184,Nick Rumbelow,NYY,AL,52,0,4.0,4.0,0,0,0,0,0,65.70,63.0,0,32.0,10.0,21.0,69.0,0,52,RP
24185,Luis Severino,NYY,AL,30,30,11.0,8.0,0,0,0,0,0,154.00,141.0,0,65.0,18.0,51.0,147.0,30,0,SP
24186,Diego Moreno,FA,,32,2,3.0,3.0,0,0,0,0,0,54.00,55.0,0,27.0,6.0,19.0,43.0,2,30,RP
24187,Jacob Lindgren,NYY,AL,29,0,2.0,2.0,0,0,0,0,0,38.30,32.0,0,16.0,5.0,19.0,49.0,0,29,RP
24191,Pierce Johnson,CHC,NL,19,19,5.0,6.0,0,0,0,0,0,97.30,94.0,0,48.0,11.0,47.0,83.0,19,0,RP
24197,Luke Jackson,TEX,AL,38,12,4.0,4.0,0,0,0,0,0,89.70,87.0,0,45.0,11.0,44.0,84.0,12,26,RP
24204,Aaron Blair,ATL,NL,26,26,6.0,7.0,0,0,0,0,0,143.70,138.0,0,65.0,16.0,54.0,139.0,26,0,RP
24208,Aaron Nola,PHI,NL,30,30,10.0,11.0,0,0,0,0,0,175.00,176.0,0,81.0,24.0,37.0,153.0,30,0,SP
24369,Zach Davies,MIL,NL,27,26,10.0,9.0,0,0,0,0,0,141.00,135.0,0,62.0,14.0,50.0,120.0,26,1,SP
24370,Colin Rea,SD,NL,27,22,6.0,8.0,0,0,0,0,0,118.70,120.0,0,56.0,11.0,46.0,88.0,22,5,SP
24438,Will Lamb,CHW,AL,46,0,3.0,4.0,0,0,0,0,0,55.00,56.0,0,31.0,7.0,32.0,47.0,0,46,RP
24480,Jorge Lopez,MIL,NL,25,25,7.0,12.0,0,0,0,0,0,133.00,140.0,0,78.0,24.0,54.0,116.0,25,0,RP
24484,Chris Lee,BAL,AL,27,22,6.0,11.0,0,0,0,0,0,119.00,135.0,0,75.0,16.0,66.0,67.0,22,5,RP
24542,Carlos Rodon,CHW,AL,25,25,10.0,8.0,0,0,0,0,0,158.30,144.0,0,67.0,19.0,63.0,169.0,25,0,SP
24566,Severino Gonzalez,PHI,NL,24,24,6.0,12.0,0,0,0,0,0,132.70,157.0,0,84.0,24.0,30.0,87.0,24,0,RP
24578,Silvino Bracho,ARI,NL,55,0,3.0,1.0,0,0,0,0,0,56.00,46.0,0,19.0,7.0,14.0,70.0,0,55,RP
24629,Yhonathan Barrios,MIL,NL,56,0,4.0,5.0,0,0,0,0,0,65.00,67.0,0,32.0,7.0,24.0,47.0,0,56,RP
24642,Jose De Leon,NULL,NULL,21,20,6.0,5.0,0,0,0,0,0,102.70,89.0,0,43.0,14.0,35.0,122.0,20,1,
24659,Junior Guerra,MIL,NL,27,10,5.0,5.0,0,0,0,0,0,70.30,63.0,0,33.0,10.0,33.0,81.0,10,17,RP
24690,Guido Knudson,PIT,NL,44,1,2.0,3.0,0,0,0,0,0,65.30,65.0,0,31.0,7.0,29.0,56.0,1,43,RP
24694,Jonathan Aro,SEA,AL,33,1,3.0,4.0,0,0,0,0,0,77.00,76.0,0,35.0,8.0,26.0,67.0,1,32,RP
24736,Pat Light,BOS,AL,33,10,3.0,6.0,0,0,0,0,0,73.00,85.0,0,49.0,13.0,37.0,50.0,10,23,RP
24766,Matt Boyd,DET,AL,24,24,6.0,7.0,0,0,0,0,0,125.70,133.0,0,65.0,17.0,42.0,101.0,24,0,RP
24779,Andrew Faulkner,TEX,AL,37,18,6.0,7.0,0,0,0,0,0,109.70,113.0,0,60.0,16.0,51.0,91.0,18,19,RP
24796,Josh Hader,MIL,NL,25,17,5.0,6.0,0,0,0,0,0,104.70,100.0,0,52.0,14.0,46.0,105.0,17,8,RP
24835,Lucas Giolito,WAS,NL,20,20,6.0,6.0,0,0,0,0,0,119.00,114.0,0,54.0,14.0,44.0,108.0,20,0,RP
24840,Zack Godley,ARI,NL,30,11,6.0,6.0,0,0,0,0,0,84.30,82.0,0,39.0,9.0,32.0,69.0,11,19,RP
24849,Shane Carle,COL,NL,26,25,8.0,10.0,0,0,0,0,0,144.30,177.0,0,90.0,25.0,34.0,76.0,25,1,RP
24850,Jeff Hoffman,COL,NL,21,21,6.0,5.0,0,0,0,0,0,117.30,127.0,0,62.0,16.0,46.0,87.0,21,0,RP
24873,Kyle Haynes,NYY,AL,36,10,4.0,7.0,0,0,0,0,0,87.00,96.0,0,55.0,12.0,50.0,62.0,10,26,RP
24876,Miguel Sulbaran,NYY,AL,19,18,3.0,6.0,0,0,0,0,0,88.00,101.0,0,55.0,13.0,38.0,54.0,18,1,RP
24881,J.B. Wendelken,OAK,AL,53,0,4.0,4.0,0,0,0,0,0,67.00,69.0,0,35.0,10.0,20.0,58.0,0,53,RP
24883,Mike Clevinger,CLE,AL,21,20,4.0,7.0,0,0,0,0,0,99.70,108.0,0,59.0,17.0,42.0,82.0,20,1,RP
24884,Rob Kaminsky,CLE,AL,19,19,5.0,7.0,0,0,0,0,0,96.70,104.0,0,52.0,11.0,42.0,63.0,19,0,RP
24888,Luis Cessa,NYY,AL,23,23,7.0,11.0,0,0,0,0,0,126.30,145.0,0,76.0,20.0,38.0,89.0,23,0,RP
24889,Jeff Ferrell,DET,AL,48,0,2.0,3.0,0,0,0,0,0,52.30,58.0,0,29.0,8.0,17.0,42.0,0,48,RP
24890,Michael Fulmer,DET,AL,22,22,6.0,7.0,0,0,0,0,0,114.70,126.0,0,63.0,17.0,38.0,95.0,22,0,RP
24892,Jairo Labourt,DET,AL,23,22,4.0,8.0,0,0,0,0,0,94.30,108.0,0,68.0,16.0,73.0,69.0,22,1,RP
24896,Sam Selman,KC,AL,35,11,5.0,7.0,0,0,0,0,0,81.00,81.0,0,46.0,9.0,59.0,64.0,11,24,RP
24897,Kyle Zimmer,KC,AL,20,8,4.0,4.0,0,0,0,0,0,56.30,57.0,0,28.0,7.0,20.0,47.0,8,12,RP
24899,Ryan O'Rourke,MIN,AL,47,0,2.0,2.0,0,0,0,0,0,39.00,38.0,0,21.0,6.0,19.0,40.0,0,47,RP
24913,Taylor Guerrieri,TB,AL,14,14,3.0,3.0,0,0,0,0,0,61.00,61.0,0,28.0,7.0,19.0,47.0,14,0,SP
24919,Blake Snell,TB,AL,26,24,9.0,10.0,0,0,0,0,0,121.00,109.0,0,56.0,14.0,62.0,123.0,24,2,RP
24920,Ryne Stanek,TB,AL,20,15,4.0,8.0,0,0,0,0,0,80.30,89.0,0,51.0,14.0,39.0,54.0,15,5,RP
24931,Francis Martes,HOU,AL,18,18,5.0,7.0,0,0,0,0,0,99.00,108.0,0,56.0,15.0,37.0,78.0,18,0,RP
24932,Joe Musgrove,HOU,AL,18,14,5.0,7.0,0,0,0,0,0,85.30,96.0,0,48.0,15.0,13.0,64.0,14,4,RP
24933,David Paulino,HOU,AL,11,11,3.0,4.0,0,0,0,0,0,53.00,55.0,0,27.0,7.0,19.0,44.0,11,0,RP
24949,Carson Smith,BOS,AL,60,0,4.0,2.0,0,0,0,0,0,61.00,52.0,0,21.0,4.0,22.0,68.0,0,60,RP
24955,Blake Cooper,CHC,NL,51,0,5.0,4.0,0,0,0,0,0,64.30,60.0,0,28.0,5.0,30.0,55.0,0,51,RP
24960,Keury Mella,CIN,NL,20,20,4.0,7.0,0,0,0,0,0,93.70,97.0,0,54.0,16.0,42.0,78.0,20,0,RP
24966,Adrian Houser,MIL,NL,26,18,4.0,7.0,0,0,0,0,0,107.30,117.0,0,64.0,17.0,46.0,82.0,18,8,RP
24969,Tyler Wagner,ARI,NL,26,25,8.0,10.0,0,0,0,0,0,137.70,145.0,0,74.0,19.0,54.0,96.0,25,1,RP
24970,Steven Brault,PIT,NL,26,26,8.0,9.0,0,0,0,0,0,139.00,142.0,0,63.0,13.0,42.0,97.0,26,0,RP
24975,John Gant,ATL,NL,23,23,6.0,9.0,0,0,0,0,0,126.00,126.0,0,64.0,16.0,53.0,111.0,23,0,RP
24976,Matt Marksberry,ATL,NL,41,8,3.0,6.0,0,0,0,0,0,71.00,71.0,0,40.0,10.0,40.0,62.0,8,33,RP
24985,Kyle Barraclough,MIA,NL,59,0,3.0,3.0,0,0,0,0,0,63.30,51.0,0,26.0,4.0,44.0,70.0,0,59,RP
24989,Cody Ege,MIA,NL,39,0,4.0,3.0,0,0,0,0,0,55.70,49.0,0,21.0,5.0,21.0,57.0,0,39,RP
24993,Ivan Pineyro,MIA,NL,22,22,5.0,7.0,0,0,0,0,0,111.70,118.0,0,57.0,14.0,35.0,80.0,22,0,RP
24998,Jimmy Cordero,PHI,NL,39,0,1.0,2.0,0,0,0,0,0,53.00,53.0,0,29.0,7.0,28.0,50.0,0,39,RP
25001,Nick Pivetta,PHI,NL,24,23,5.0,13.0,0,0,0,0,0,116.30,135.0,0,81.0,25.0,58.0,86.0,23,1,RP
25007,John Richy,PHI,NL,23,18,3.0,6.0,0,0,0,0,0,114.70,130.0,0,69.0,18.0,43.0,79.0,18,5,RP
25009,Stephen Johnson,CIN,NL,50,0,3.0,3.0,0,0,0,0,0,63.00,58.0,0,32.0,7.0,39.0,65.0,0,50,RP
25017,Clayton Blackburn,SF,NL,23,21,7.0,7.0,0,0,0,0,0,127.70,127.0,0,54.0,12.0,35.0,99.0,21,2,RP
25019,Ian Gardeck,SF,NL,49,0,3.0,4.0,0,0,0,0,0,64.30,60.0,0,31.0,5.0,40.0,57.0,0,49,RP
25025,Josh Martin,SD,NL,43,0,4.0,6.0,0,0,0,0,0,66.00,63.0,0,32.0,8.0,26.0,64.0,0,43,RP
25027,Jose Torres,SD,NL,48,0,4.0,5.0,0,0,0,0,0,73.00,69.0,0,34.0,8.0,33.0,70.0,0,48,RP
25028,Cesar Vargas,SD,NL,46,0,3.0,3.0,0,0,0,0,0,72.30,67.0,0,29.0,7.0,24.0,69.0,0,46,RP
25030,Jharel Cotton,LAD,NL,22,14,5.0,6.0,0,0,0,0,0,100.30,96.0,0,47.0,14.0,34.0,98.0,14,8,RP
25031,Kenta Maeda,LAD,NL,26,26,12.0,8.0,0,0,0,0,0,177.00,162.0,0,63.0,15.0,42.0,162.0,26,0,SP
25034,Carlos Estevez,COL,NL,45,0,4.0,3.0,0,0,0,0,0,56.30,58.0,0,27.0,7.0,17.0,49.0,0,45,RP
25035,Antonio Senzatela,COL,NL,25,25,8.0,9.0,0,0,0,0,0,135.00,154.0,0,76.0,20.0,42.0,83.0,25,0,RP
25037,Matt Koch,ARI,NL,27,14,5.0,7.0,0,0,0,0,0,95.70,109.0,0,54.0,14.0,23.0,52.0,14,13,RP
25039,Nick Lee,WAS,NL,42,0,2.0,2.0,0,0,0,0,0,50.00,45.0,0,26.0,5.0,40.0,50.0,0,42,RP
25044,Edubray Ramos,PHI,NL,39,0,3.0,4.0,0,0,0,0,0,53.70,52.0,0,24.0,6.0,16.0,48.0,0,39,RP
25046,Robert Gsellman,NYM,NL,22,22,7.0,11.0,0,0,0,0,0,122.00,131.0,0,62.0,12.0,42.0,76.0,22,0,RP
25047,Seth Lugo,NYM,NL,22,15,4.0,8.0,0,0,0,0,0,106.00,110.0,0,60.0,18.0,39.0,94.0,15,7,RP
25048,Austin Brice,MIA,NL,25,24,6.0,10.0,0,0,0,0,0,119.30,124.0,0,68.0,16.0,67.0,96.0,24,1,RP
25049,Jake Esch,MIA,NL,23,22,5.0,8.0,0,0,0,0,0,111.30,121.0,0,60.0,13.0,44.0,71.0,22,1,RP
25050,Jarlin Garcia,MIA,NL,24,24,5.0,8.0,0,0,0,0,0,122.70,137.0,0,68.0,18.0,38.0,83.0,24,0,RP
25057,Dean Kiekhefer,STL,NL,49,0,3.0,3.0,0,0,0,0,0,63.30,66.0,0,27.0,6.0,10.0,41.0,0,49,RP
25064,Jacob Barnes,MIL,NL,36,10,4.0,4.0,0,0,0,0,0,81.00,79.0,0,38.0,8.0,33.0,74.0,10,26,RP
25066,Zack Jones,MIL,NL,36,0,3.0,3.0,0,0,0,0,0,39.00,34.0,0,19.0,5.0,24.0,45.0,0,36,RP
25067,Damien Magnifico,MIL,NL,44,0,2.0,3.0,0,0,0,0,0,52.30,56.0,0,29.0,7.0,22.0,35.0,0,44,RP
25072,Rookie Davis,CIN,NL,25,24,6.0,9.0,0,0,0,0,0,122.70,130.0,0,69.0,19.0,42.0,100.0,24,1,RP
25074,Sal Romano,CIN,NL,26,25,6.0,10.0,0,0,0,0,0,125.30,137.0,0,73.0,17.0,53.0,83.0,25,1,RP
25075,Andury Acevedo,CHC,NL,35,0,3.0,4.0,0,0,0,0,0,45.00,43.0,0,24.0,6.0,30.0,38.0,0,35,RP
25080,Jose Leclerc,TEX,AL,32,14,4.0,7.0,0,0,0,0,0,80.00,85.0,0,55.0,14.0,61.0,68.0,14,18,RP
25081,Yohander Mendez,TEX,AL,18,9,3.0,3.0,0,0,0,0,0,55.70,57.0,0,28.0,8.0,17.0,47.0,9,9,RP
25082,Connor Sadzeck,TEX,AL,21,19,4.0,6.0,0,0,0,0,0,83.30,91.0,0,52.0,9.0,59.0,49.0,19,2,RP
25089,Brendan McCurry,HOU,AL,53,0,2.0,2.0,0,0,0,0,0,60.70,57.0,0,27.0,7.0,22.0,62.0,0,53,RP
25090,Juan Minaya,HOU,AL,37,0,1.0,1.0,0,0,0,0,0,55.70,54.0,0,26.0,6.0,24.0,52.0,0,37,RP
25093,Brady Dragmire,TOR,AL,43,0,3.0,3.0,0,0,0,0,0,69.30,77.0,0,37.0,8.0,22.0,43.0,0,43,RP
25094,Blake McFarland,TOR,AL,44,0,3.0,3.0,0,0,0,0,0,53.70,52.0,0,27.0,8.0,20.0,55.0,0,44,RP
25095,Jacob Faria,TB,AL,24,23,9.0,10.0,0,0,0,0,0,126.30,123.0,0,60.0,15.0,52.0,114.0,23,1,RP
25096,German Marquez,COL,NL,24,21,8.0,9.0,0,0,0,0,0,115.70,134.0,0,70.0,18.0,36.0,75.0,21,3,RP
25099,Williams Jerez,BOS,AL,32,0,3.0,4.0,0,0,0,0,0,66.70,70.0,0,37.0,9.0,30.0,54.0,0,32,RP
25100,Parker Bridwell,BAL,AL,21,21,4.0,8.0,0,0,0,0,0,106.70,114.0,0,68.0,18.0,61.0,88.0,21,0,RP
25103,J.T. Chargois,MIN,AL,37,0,1.0,1.0,0,0,0,0,0,36.30,36.0,0,18.0,4.0,17.0,33.0,0,37,RP
25104,Pat Dean,MIN,AL,25,25,7.0,13.0,0,0,0,0,0,147.30,183.0,0,93.0,24.0,34.0,69.0,25,0,RP
25105,Yorman Landa,MIN,AL,20,0,2.0,2.0,0,0,0,0,0,30.70,31.0,0,17.0,4.0,17.0,28.0,0,20,RP
25106,Mason Melotakis,MIN,AL,24,6,3.0,4.0,0,0,0,0,0,58.00,67.0,0,36.0,8.0,30.0,38.0,6,18,RP
25108,Taylor Rogers,MIN,AL,25,25,8.0,11.0,0,0,0,0,0,143.70,165.0,0,79.0,16.0,44.0,90.0,25,0,RP
25109,Randy Rosario,MIN,AL,10,10,2.0,4.0,0,0,0,0,0,44.30,51.0,0,28.0,6.0,22.0,29.0,10,0,RP
25110,Alec Mills,KC,AL,20,20,6.0,6.0,0,0,0,0,0,96.70,105.0,0,46.0,11.0,20.0,66.0,20,0,RP
25111,Matthew Strahm,KC,AL,22,7,3.0,4.0,0,0,0,0,0,59.30,60.0,0,36.0,12.0,28.0,60.0,7,15,RP
25113,Montreal Robertson,DET,AL,38,1,5.0,8.0,0,0,0,0,0,67.70,77.0,0,44.0,9.0,41.0,44.0,1,37,RP
25114,Dylan Baker,CLE,AL,12,12,3.0,4.0,0,0,0,0,0,60.00,61.0,0,32.0,5.0,35.0,41.0,12,0,RP
25115,Shawn Morimando,CLE,AL,27,27,6.0,14.0,0,0,0,0,0,134.30,152.0,0,89.0,23.0,70.0,97.0,27,0,RP
25116,Brandon Brennan,CHW,AL,14,14,2.0,5.0,0,0,0,0,0,58.00,68.0,0,40.0,9.0,35.0,36.0,14,0,RP
